PYTHONPATH: /cvmfs/soft.computecanada.ca/custom/python/site-packages:/scratch/indrisch//vllm_experiments/kimi_vl_a3b_thinking_2506/kimivl_3d_test
Running trace_combiner.py
Filetype options:  --export_color_images
Number of workers: 4
File 'scene0015_00' not found or not readable, it must be just a scene name.
Processing scenes from: /tmp/tmp.QUIorqBg3Y
------------------------
Running in parallel with 4 workers.
xargs: warning: options --max-args and --replace/-I/-i are mutually exclusive, ignoring previous --max-args value
Processing scene: scene0015_00
Deleting the folders that have been archived...
Completed processing: scene0015_00
------------------------
All scenes processed successfully!

To extract archives later, use:
dar -R . -O -wa -x color -v -g color
dar -R . -O -wa -x depth -v -g depth
dar -R . -O -wa -x pose -v -g pose
dar -R . -O -wa -x intrinsic -v -g intrinsic
Total running time: 0 minutes and 0 seconds.
Filetype options:  --export_color_images
Number of workers: 4
File 'scene0025_00' not found or not readable, it must be just a scene name.
Processing scenes from: /tmp/tmp.aW2ZCsmZWp
------------------------
Running in parallel with 4 workers.
xargs: warning: options --max-args and --replace/-I/-i are mutually exclusive, ignoring previous --max-args value
Processing scene: scene0025_00
Deleting the folders that have been archived...
Completed processing: scene0025_00
------------------------
All scenes processed successfully!

To extract archives later, use:
dar -R . -O -wa -x color -v -g color
dar -R . -O -wa -x depth -v -g depth
dar -R . -O -wa -x pose -v -g pose
dar -R . -O -wa -x intrinsic -v -g intrinsic
Total running time: 0 minutes and 0 seconds.
Filetype options:  --export_color_images
Number of workers: 4
File 'scene0046_00' not found or not readable, it must be just a scene name.
Processing scenes from: /tmp/tmp.8jFuT3niPb
------------------------
Running in parallel with 4 workers.
xargs: warning: options --max-args and --replace/-I/-i are mutually exclusive, ignoring previous --max-args value
Processing scene: scene0046_00
Deleting the folders that have been archived...
Completed processing: scene0046_00
------------------------
All scenes processed successfully!

To extract archives later, use:
dar -R . -O -wa -x color -v -g color
dar -R . -O -wa -x depth -v -g depth
dar -R . -O -wa -x pose -v -g pose
dar -R . -O -wa -x intrinsic -v -g intrinsic
Total running time: 0 minutes and 0 seconds.
Filetype options:  --export_color_images
Number of workers: 4
File 'scene0050_00' not found or not readable, it must be just a scene name.
Processing scenes from: /tmp/tmp.MykzZX2oZ8
------------------------
Running in parallel with 4 workers.
xargs: warning: options --max-args and --replace/-I/-i are mutually exclusive, ignoring previous --max-args value
Processing scene: scene0050_00
Deleting the folders that have been archived...
Completed processing: scene0050_00
------------------------
All scenes processed successfully!

To extract archives later, use:
dar -R . -O -wa -x color -v -g color
dar -R . -O -wa -x depth -v -g depth
dar -R . -O -wa -x pose -v -g pose
dar -R . -O -wa -x intrinsic -v -g intrinsic
Total running time: 0 minutes and 0 seconds.
Filetype options:  --export_color_images
Number of workers: 4
File 'scene0084_00' not found or not readable, it must be just a scene name.
Processing scenes from: /tmp/tmp.weuCtlsAjF
------------------------
Running in parallel with 4 workers.
xargs: warning: options --max-args and --replace/-I/-i are mutually exclusive, ignoring previous --max-args value
Processing scene: scene0084_00
Deleting the folders that have been archived...
Completed processing: scene0084_00
------------------------
All scenes processed successfully!

To extract archives later, use:
dar -R . -O -wa -x color -v -g color
dar -R . -O -wa -x depth -v -g depth
dar -R . -O -wa -x pose -v -g pose
dar -R . -O -wa -x intrinsic -v -g intrinsic
Total running time: 0 minutes and 0 seconds.
Filetype options:  --export_color_images
Number of workers: 4
File 'scene0086_00' not found or not readable, it must be just a scene name.
Processing scenes from: /tmp/tmp.idY1HZss0X
------------------------
Running in parallel with 4 workers.
xargs: warning: options --max-args and --replace/-I/-i are mutually exclusive, ignoring previous --max-args value
Processing scene: scene0086_00
Deleting the folders that have been archived...
Completed processing: scene0086_00
------------------------
All scenes processed successfully!

To extract archives later, use:
dar -R . -O -wa -x color -v -g color
dar -R . -O -wa -x depth -v -g depth
dar -R . -O -wa -x pose -v -g pose
dar -R . -O -wa -x intrinsic -v -g intrinsic
Total running time: 0 minutes and 0 seconds.
Filetype options:  --export_color_images
Number of workers: 4
File 'scene0100_00' not found or not readable, it must be just a scene name.
Processing scenes from: /tmp/tmp.rXxvGmrUNK
------------------------
Running in parallel with 4 workers.
xargs: warning: options --max-args and --replace/-I/-i are mutually exclusive, ignoring previous --max-args value
Processing scene: scene0100_00
Deleting the folders that have been archived...
Completed processing: scene0100_00
------------------------
All scenes processed successfully!

To extract archives later, use:
dar -R . -O -wa -x color -v -g color
dar -R . -O -wa -x depth -v -g depth
dar -R . -O -wa -x pose -v -g pose
dar -R . -O -wa -x intrinsic -v -g intrinsic
Total running time: 0 minutes and 0 seconds.
Filetype options:  --export_color_images
Number of workers: 4
File 'scene0139_00' not found or not readable, it must be just a scene name.
Processing scenes from: /tmp/tmp.NqVKkYNTCg
------------------------
Running in parallel with 4 workers.
xargs: warning: options --max-args and --replace/-I/-i are mutually exclusive, ignoring previous --max-args value
Processing scene: scene0139_00
Deleting the folders that have been archived...
Completed processing: scene0139_00
------------------------
All scenes processed successfully!

To extract archives later, use:
dar -R . -O -wa -x color -v -g color
dar -R . -O -wa -x depth -v -g depth
dar -R . -O -wa -x pose -v -g pose
dar -R . -O -wa -x intrinsic -v -g intrinsic
Total running time: 0 minutes and 0 seconds.
Filetype options:  --export_color_images
Number of workers: 4
File 'scene0146_00' not found or not readable, it must be just a scene name.
Processing scenes from: /tmp/tmp.84bQRrmk6e
------------------------
Running in parallel with 4 workers.
xargs: warning: options --max-args and --replace/-I/-i are mutually exclusive, ignoring previous --max-args value
Processing scene: scene0146_00
Deleting the folders that have been archived...
Completed processing: scene0146_00
------------------------
All scenes processed successfully!

To extract archives later, use:
dar -R . -O -wa -x color -v -g color
dar -R . -O -wa -x depth -v -g depth
dar -R . -O -wa -x pose -v -g pose
dar -R . -O -wa -x intrinsic -v -g intrinsic
Total running time: 0 minutes and 0 seconds.
Filetype options:  --export_color_images
Number of workers: 4
File 'scene0153_00' not found or not readable, it must be just a scene name.
Processing scenes from: /tmp/tmp.pZFwjx5m9N
------------------------
Running in parallel with 4 workers.
xargs: warning: options --max-args and --replace/-I/-i are mutually exclusive, ignoring previous --max-args value
Processing scene: scene0153_00
Deleting the folders that have been archived...
Completed processing: scene0153_00
------------------------
All scenes processed successfully!

To extract archives later, use:
dar -R . -O -wa -x color -v -g color
dar -R . -O -wa -x depth -v -g depth
dar -R . -O -wa -x pose -v -g pose
dar -R . -O -wa -x intrinsic -v -g intrinsic
Total running time: 0 minutes and 0 seconds.
Filetype options:  --export_color_images
Number of workers: 4
File 'scene0169_00' not found or not readable, it must be just a scene name.
Processing scenes from: /tmp/tmp.foK0IfIeAL
------------------------
Running in parallel with 4 workers.
xargs: warning: options --max-args and --replace/-I/-i are mutually exclusive, ignoring previous --max-args value
Processing scene: scene0169_00
Deleting the folders that have been archived...
Completed processing: scene0169_00
------------------------
All scenes processed successfully!

To extract archives later, use:
dar -R . -O -wa -x color -v -g color
dar -R . -O -wa -x depth -v -g depth
dar -R . -O -wa -x pose -v -g pose
dar -R . -O -wa -x intrinsic -v -g intrinsic
Total running time: 0 minutes and 0 seconds.
Filetype options:  --export_color_images
Number of workers: 4
File 'scene0203_00' not found or not readable, it must be just a scene name.
Processing scenes from: /tmp/tmp.TVdw2uLB4B
------------------------
Running in parallel with 4 workers.
xargs: warning: options --max-args and --replace/-I/-i are mutually exclusive, ignoring previous --max-args value
Processing scene: scene0203_00
Deleting the folders that have been archived...
Completed processing: scene0203_00
------------------------
All scenes processed successfully!

To extract archives later, use:
dar -R . -O -wa -x color -v -g color
dar -R . -O -wa -x depth -v -g depth
dar -R . -O -wa -x pose -v -g pose
dar -R . -O -wa -x intrinsic -v -g intrinsic
Total running time: 0 minutes and 0 seconds.
Filetype options:  --export_color_images
Number of workers: 4
File 'scene0208_00' not found or not readable, it must be just a scene name.
Processing scenes from: /tmp/tmp.xabTrZAWm0
------------------------
Running in parallel with 4 workers.
xargs: warning: options --max-args and --replace/-I/-i are mutually exclusive, ignoring previous --max-args value
Processing scene: scene0208_00
Deleting the folders that have been archived...
Completed processing: scene0208_00
------------------------
All scenes processed successfully!

To extract archives later, use:
dar -R . -O -wa -x color -v -g color
dar -R . -O -wa -x depth -v -g depth
dar -R . -O -wa -x pose -v -g pose
dar -R . -O -wa -x intrinsic -v -g intrinsic
Total running time: 0 minutes and 0 seconds.
Filetype options:  --export_color_images
Number of workers: 4
File 'scene0221_00' not found or not readable, it must be just a scene name.
Processing scenes from: /tmp/tmp.OLn05VroYg
------------------------
Running in parallel with 4 workers.
xargs: warning: options --max-args and --replace/-I/-i are mutually exclusive, ignoring previous --max-args value
Processing scene: scene0221_00
Deleting the folders that have been archived...
Completed processing: scene0221_00
------------------------
All scenes processed successfully!

To extract archives later, use:
dar -R . -O -wa -x color -v -g color
dar -R . -O -wa -x depth -v -g depth
dar -R . -O -wa -x pose -v -g pose
dar -R . -O -wa -x intrinsic -v -g intrinsic
Total running time: 0 minutes and 0 seconds.
Filetype options:  --export_color_images
Number of workers: 4
File 'scene0222_00' not found or not readable, it must be just a scene name.
Processing scenes from: /tmp/tmp.5HJYP0cg8o
------------------------
Running in parallel with 4 workers.
xargs: warning: options --max-args and --replace/-I/-i are mutually exclusive, ignoring previous --max-args value
Processing scene: scene0222_00
Deleting the folders that have been archived...
Completed processing: scene0222_00
------------------------
All scenes processed successfully!

To extract archives later, use:
dar -R . -O -wa -x color -v -g color
dar -R . -O -wa -x depth -v -g depth
dar -R . -O -wa -x pose -v -g pose
dar -R . -O -wa -x intrinsic -v -g intrinsic
Total running time: 0 minutes and 0 seconds.
Filetype options:  --export_color_images
Number of workers: 4
File 'scene0231_00' not found or not readable, it must be just a scene name.
Processing scenes from: /tmp/tmp.xaxTpkd863
------------------------
Running in parallel with 4 workers.
xargs: warning: options --max-args and --replace/-I/-i are mutually exclusive, ignoring previous --max-args value
Processing scene: scene0231_00
Deleting the folders that have been archived...
Completed processing: scene0231_00
------------------------
All scenes processed successfully!

To extract archives later, use:
dar -R . -O -wa -x color -v -g color
dar -R . -O -wa -x depth -v -g depth
dar -R . -O -wa -x pose -v -g pose
dar -R . -O -wa -x intrinsic -v -g intrinsic
Total running time: 0 minutes and 0 seconds.
Filetype options:  --export_color_images
Number of workers: 4
File 'scene0246_00' not found or not readable, it must be just a scene name.
Processing scenes from: /tmp/tmp.xaspnYNDtD
------------------------
Running in parallel with 4 workers.
xargs: warning: options --max-args and --replace/-I/-i are mutually exclusive, ignoring previous --max-args value
Processing scene: scene0246_00
Deleting the folders that have been archived...
Completed processing: scene0246_00
------------------------
All scenes processed successfully!

To extract archives later, use:
dar -R . -O -wa -x color -v -g color
dar -R . -O -wa -x depth -v -g depth
dar -R . -O -wa -x pose -v -g pose
dar -R . -O -wa -x intrinsic -v -g intrinsic
Total running time: 0 minutes and 0 seconds.
Filetype options:  --export_color_images
Number of workers: 4
File 'scene0256_00' not found or not readable, it must be just a scene name.
Processing scenes from: /tmp/tmp.AIYrfDx3yc
------------------------
Running in parallel with 4 workers.
xargs: warning: options --max-args and --replace/-I/-i are mutually exclusive, ignoring previous --max-args value
Processing scene: scene0256_00
Deleting the folders that have been archived...
Completed processing: scene0256_00
------------------------
All scenes processed successfully!

To extract archives later, use:
dar -R . -O -wa -x color -v -g color
dar -R . -O -wa -x depth -v -g depth
dar -R . -O -wa -x pose -v -g pose
dar -R . -O -wa -x intrinsic -v -g intrinsic
Total running time: 0 minutes and 0 seconds.
Filetype options:  --export_color_images
Number of workers: 4
File 'scene0257_00' not found or not readable, it must be just a scene name.
Processing scenes from: /tmp/tmp.gq3HRDrfV2
------------------------
Running in parallel with 4 workers.
xargs: warning: options --max-args and --replace/-I/-i are mutually exclusive, ignoring previous --max-args value
Processing scene: scene0257_00
Deleting the folders that have been archived...
Completed processing: scene0257_00
------------------------
All scenes processed successfully!

To extract archives later, use:
dar -R . -O -wa -x color -v -g color
dar -R . -O -wa -x depth -v -g depth
dar -R . -O -wa -x pose -v -g pose
dar -R . -O -wa -x intrinsic -v -g intrinsic
Total running time: 0 minutes and 0 seconds.
Filetype options:  --export_color_images
Number of workers: 4
File 'scene0278_00' not found or not readable, it must be just a scene name.
Processing scenes from: /tmp/tmp.b2M7w7V7GK
------------------------
Running in parallel with 4 workers.
xargs: warning: options --max-args and --replace/-I/-i are mutually exclusive, ignoring previous --max-args value
Processing scene: scene0278_00
Deleting the folders that have been archived...
Completed processing: scene0278_00
------------------------
All scenes processed successfully!

To extract archives later, use:
dar -R . -O -wa -x color -v -g color
dar -R . -O -wa -x depth -v -g depth
dar -R . -O -wa -x pose -v -g pose
dar -R . -O -wa -x intrinsic -v -g intrinsic
Total running time: 0 minutes and 0 seconds.
Filetype options:  --export_color_images
Number of workers: 4
File 'scene0300_00' not found or not readable, it must be just a scene name.
Processing scenes from: /tmp/tmp.8l8UdFwQaN
------------------------
Running in parallel with 4 workers.
xargs: warning: options --max-args and --replace/-I/-i are mutually exclusive, ignoring previous --max-args value
Processing scene: scene0300_00
Deleting the folders that have been archived...
Completed processing: scene0300_00
------------------------
All scenes processed successfully!

To extract archives later, use:
dar -R . -O -wa -x color -v -g color
dar -R . -O -wa -x depth -v -g depth
dar -R . -O -wa -x pose -v -g pose
dar -R . -O -wa -x intrinsic -v -g intrinsic
Total running time: 0 minutes and 0 seconds.
Filetype options:  --export_color_images
Number of workers: 4
File 'scene0338_00' not found or not readable, it must be just a scene name.
Processing scenes from: /tmp/tmp.6bTq6oulWh
------------------------
Running in parallel with 4 workers.
xargs: warning: options --max-args and --replace/-I/-i are mutually exclusive, ignoring previous --max-args value
Processing scene: scene0338_00
Deleting the folders that have been archived...
Completed processing: scene0338_00
------------------------
All scenes processed successfully!

To extract archives later, use:
dar -R . -O -wa -x color -v -g color
dar -R . -O -wa -x depth -v -g depth
dar -R . -O -wa -x pose -v -g pose
dar -R . -O -wa -x intrinsic -v -g intrinsic
Total running time: 0 minutes and 0 seconds.
Filetype options:  --export_color_images
Number of workers: 4
File 'scene0351_00' not found or not readable, it must be just a scene name.
Processing scenes from: /tmp/tmp.t6tQzSpeDc
------------------------
Running in parallel with 4 workers.
xargs: warning: options --max-args and --replace/-I/-i are mutually exclusive, ignoring previous --max-args value
Processing scene: scene0351_00
Deleting the folders that have been archived...
Completed processing: scene0351_00
------------------------
All scenes processed successfully!

To extract archives later, use:
dar -R . -O -wa -x color -v -g color
dar -R . -O -wa -x depth -v -g depth
dar -R . -O -wa -x pose -v -g pose
dar -R . -O -wa -x intrinsic -v -g intrinsic
Total running time: 0 minutes and 0 seconds.
Filetype options:  --export_color_images
Number of workers: 4
File 'scene0353_00' not found or not readable, it must be just a scene name.
Processing scenes from: /tmp/tmp.XvvUGyXBsZ
------------------------
Running in parallel with 4 workers.
xargs: warning: options --max-args and --replace/-I/-i are mutually exclusive, ignoring previous --max-args value
Processing scene: scene0353_00
Deleting the folders that have been archived...
Completed processing: scene0353_00
------------------------
All scenes processed successfully!

To extract archives later, use:
dar -R . -O -wa -x color -v -g color
dar -R . -O -wa -x depth -v -g depth
dar -R . -O -wa -x pose -v -g pose
dar -R . -O -wa -x intrinsic -v -g intrinsic
Total running time: 0 minutes and 0 seconds.
Filetype options:  --export_color_images
Number of workers: 4
File 'scene0354_00' not found or not readable, it must be just a scene name.
Processing scenes from: /tmp/tmp.1BSp55vYfI
------------------------
Running in parallel with 4 workers.
xargs: warning: options --max-args and --replace/-I/-i are mutually exclusive, ignoring previous --max-args value
Processing scene: scene0354_00
Deleting the folders that have been archived...
Completed processing: scene0354_00
------------------------
All scenes processed successfully!

To extract archives later, use:
dar -R . -O -wa -x color -v -g color
dar -R . -O -wa -x depth -v -g depth
dar -R . -O -wa -x pose -v -g pose
dar -R . -O -wa -x intrinsic -v -g intrinsic
Total running time: 0 minutes and 0 seconds.
Filetype options:  --export_color_images
Number of workers: 4
File 'scene0355_00' not found or not readable, it must be just a scene name.
Processing scenes from: /tmp/tmp.D2dqRvY1lM
------------------------
Running in parallel with 4 workers.
xargs: warning: options --max-args and --replace/-I/-i are mutually exclusive, ignoring previous --max-args value
Processing scene: scene0355_00
Deleting the folders that have been archived...
Completed processing: scene0355_00
------------------------
All scenes processed successfully!

To extract archives later, use:
dar -R . -O -wa -x color -v -g color
dar -R . -O -wa -x depth -v -g depth
dar -R . -O -wa -x pose -v -g pose
dar -R . -O -wa -x intrinsic -v -g intrinsic
Total running time: 0 minutes and 0 seconds.
Filetype options:  --export_color_images
Number of workers: 4
File 'scene0377_00' not found or not readable, it must be just a scene name.
Processing scenes from: /tmp/tmp.SpHBBMz6ah
------------------------
Running in parallel with 4 workers.
xargs: warning: options --max-args and --replace/-I/-i are mutually exclusive, ignoring previous --max-args value
Processing scene: scene0377_00
Deleting the folders that have been archived...
Completed processing: scene0377_00
------------------------
All scenes processed successfully!

To extract archives later, use:
dar -R . -O -wa -x color -v -g color
dar -R . -O -wa -x depth -v -g depth
dar -R . -O -wa -x pose -v -g pose
dar -R . -O -wa -x intrinsic -v -g intrinsic
Total running time: 0 minutes and 0 seconds.
Filetype options:  --export_color_images
Number of workers: 4
File 'scene0378_00' not found or not readable, it must be just a scene name.
Processing scenes from: /tmp/tmp.C8BWu2U7at
------------------------
Running in parallel with 4 workers.
xargs: warning: options --max-args and --replace/-I/-i are mutually exclusive, ignoring previous --max-args value
Processing scene: scene0378_00
Deleting the folders that have been archived...
Completed processing: scene0378_00
------------------------
All scenes processed successfully!

To extract archives later, use:
dar -R . -O -wa -x color -v -g color
dar -R . -O -wa -x depth -v -g depth
dar -R . -O -wa -x pose -v -g pose
dar -R . -O -wa -x intrinsic -v -g intrinsic
Total running time: 0 minutes and 0 seconds.
Filetype options:  --export_color_images
Number of workers: 4
File 'scene0382_00' not found or not readable, it must be just a scene name.
Processing scenes from: /tmp/tmp.ITTmoao2fg
------------------------
Running in parallel with 4 workers.
xargs: warning: options --max-args and --replace/-I/-i are mutually exclusive, ignoring previous --max-args value
Processing scene: scene0382_00
Deleting the folders that have been archived...
Completed processing: scene0382_00
------------------------
All scenes processed successfully!

To extract archives later, use:
dar -R . -O -wa -x color -v -g color
dar -R . -O -wa -x depth -v -g depth
dar -R . -O -wa -x pose -v -g pose
dar -R . -O -wa -x intrinsic -v -g intrinsic
Total running time: 0 minutes and 0 seconds.
Filetype options:  --export_color_images
Number of workers: 4
File 'scene0389_00' not found or not readable, it must be just a scene name.
Processing scenes from: /tmp/tmp.eRFtazKCZW
------------------------
Running in parallel with 4 workers.
xargs: warning: options --max-args and --replace/-I/-i are mutually exclusive, ignoring previous --max-args value
Processing scene: scene0389_00
Deleting the folders that have been archived...
Completed processing: scene0389_00
------------------------
All scenes processed successfully!

To extract archives later, use:
dar -R . -O -wa -x color -v -g color
dar -R . -O -wa -x depth -v -g depth
dar -R . -O -wa -x pose -v -g pose
dar -R . -O -wa -x intrinsic -v -g intrinsic
Total running time: 0 minutes and 0 seconds.
Filetype options:  --export_color_images
Number of workers: 4
File 'scene0406_00' not found or not readable, it must be just a scene name.
Processing scenes from: /tmp/tmp.6Mw2jt7GOk
------------------------
Running in parallel with 4 workers.
xargs: warning: options --max-args and --replace/-I/-i are mutually exclusive, ignoring previous --max-args value
Processing scene: scene0406_00
Deleting the folders that have been archived...
Completed processing: scene0406_00
------------------------
All scenes processed successfully!

To extract archives later, use:
dar -R . -O -wa -x color -v -g color
dar -R . -O -wa -x depth -v -g depth
dar -R . -O -wa -x pose -v -g pose
dar -R . -O -wa -x intrinsic -v -g intrinsic
Total running time: 0 minutes and 0 seconds.
Filetype options:  --export_color_images
Number of workers: 4
File 'scene0412_00' not found or not readable, it must be just a scene name.
Processing scenes from: /tmp/tmp.4YdqqUuVG4
------------------------
Running in parallel with 4 workers.
xargs: warning: options --max-args and --replace/-I/-i are mutually exclusive, ignoring previous --max-args value
Processing scene: scene0412_00
Deleting the folders that have been archived...
Completed processing: scene0412_00
------------------------
All scenes processed successfully!

To extract archives later, use:
dar -R . -O -wa -x color -v -g color
dar -R . -O -wa -x depth -v -g depth
dar -R . -O -wa -x pose -v -g pose
dar -R . -O -wa -x intrinsic -v -g intrinsic
Total running time: 0 minutes and 0 seconds.
Filetype options:  --export_color_images
Number of workers: 4
File 'scene0414_00' not found or not readable, it must be just a scene name.
Processing scenes from: /tmp/tmp.jYGKoxEaOj
------------------------
Running in parallel with 4 workers.
xargs: warning: options --max-args and --replace/-I/-i are mutually exclusive, ignoring previous --max-args value
Processing scene: scene0414_00
Deleting the folders that have been archived...
Completed processing: scene0414_00
------------------------
All scenes processed successfully!

To extract archives later, use:
dar -R . -O -wa -x color -v -g color
dar -R . -O -wa -x depth -v -g depth
dar -R . -O -wa -x pose -v -g pose
dar -R . -O -wa -x intrinsic -v -g intrinsic
Total running time: 0 minutes and 0 seconds.
Filetype options:  --export_color_images
Number of workers: 4
File 'scene0426_00' not found or not readable, it must be just a scene name.
Processing scenes from: /tmp/tmp.LgNJExg1Tc
------------------------
Running in parallel with 4 workers.
xargs: warning: options --max-args and --replace/-I/-i are mutually exclusive, ignoring previous --max-args value
Processing scene: scene0426_00
Deleting the folders that have been archived...
Completed processing: scene0426_00
------------------------
All scenes processed successfully!

To extract archives later, use:
dar -R . -O -wa -x color -v -g color
dar -R . -O -wa -x depth -v -g depth
dar -R . -O -wa -x pose -v -g pose
dar -R . -O -wa -x intrinsic -v -g intrinsic
Total running time: 0 minutes and 0 seconds.
Filetype options:  --export_color_images
Number of workers: 4
File 'scene0427_00' not found or not readable, it must be just a scene name.
Processing scenes from: /tmp/tmp.0fmpcfO8nd
------------------------
Running in parallel with 4 workers.
xargs: warning: options --max-args and --replace/-I/-i are mutually exclusive, ignoring previous --max-args value
Processing scene: scene0427_00
Deleting the folders that have been archived...
Completed processing: scene0427_00
------------------------
All scenes processed successfully!

To extract archives later, use:
dar -R . -O -wa -x color -v -g color
dar -R . -O -wa -x depth -v -g depth
dar -R . -O -wa -x pose -v -g pose
dar -R . -O -wa -x intrinsic -v -g intrinsic
Total running time: 0 minutes and 0 seconds.
Filetype options:  --export_color_images
Number of workers: 4
File 'scene0435_00' not found or not readable, it must be just a scene name.
Processing scenes from: /tmp/tmp.awDPcLllnP
------------------------
Running in parallel with 4 workers.
xargs: warning: options --max-args and --replace/-I/-i are mutually exclusive, ignoring previous --max-args value
Processing scene: scene0435_00
Deleting the folders that have been archived...
Completed processing: scene0435_00
------------------------
All scenes processed successfully!

To extract archives later, use:
dar -R . -O -wa -x color -v -g color
dar -R . -O -wa -x depth -v -g depth
dar -R . -O -wa -x pose -v -g pose
dar -R . -O -wa -x intrinsic -v -g intrinsic
Total running time: 0 minutes and 0 seconds.
Filetype options:  --export_color_images
Number of workers: 4
File 'scene0458_00' not found or not readable, it must be just a scene name.
Processing scenes from: /tmp/tmp.sLGm1Winp6
------------------------
Running in parallel with 4 workers.
xargs: warning: options --max-args and --replace/-I/-i are mutually exclusive, ignoring previous --max-args value
Processing scene: scene0458_00
Deleting the folders that have been archived...
Completed processing: scene0458_00
------------------------
All scenes processed successfully!

To extract archives later, use:
dar -R . -O -wa -x color -v -g color
dar -R . -O -wa -x depth -v -g depth
dar -R . -O -wa -x pose -v -g pose
dar -R . -O -wa -x intrinsic -v -g intrinsic
Total running time: 0 minutes and 0 seconds.
Filetype options:  --export_color_images
Number of workers: 4
File 'scene0490_00' not found or not readable, it must be just a scene name.
Processing scenes from: /tmp/tmp.rOZUTUBzj9
------------------------
Running in parallel with 4 workers.
xargs: warning: options --max-args and --replace/-I/-i are mutually exclusive, ignoring previous --max-args value
Processing scene: scene0490_00
Deleting the folders that have been archived...
Completed processing: scene0490_00
------------------------
All scenes processed successfully!

To extract archives later, use:
dar -R . -O -wa -x color -v -g color
dar -R . -O -wa -x depth -v -g depth
dar -R . -O -wa -x pose -v -g pose
dar -R . -O -wa -x intrinsic -v -g intrinsic
Total running time: 0 minutes and 0 seconds.
Filetype options:  --export_color_images
Number of workers: 4
File 'scene0494_00' not found or not readable, it must be just a scene name.
Processing scenes from: /tmp/tmp.7AsbP18WE5
------------------------
Running in parallel with 4 workers.
xargs: warning: options --max-args and --replace/-I/-i are mutually exclusive, ignoring previous --max-args value
Processing scene: scene0494_00
Deleting the folders that have been archived...
Completed processing: scene0494_00
------------------------
All scenes processed successfully!

To extract archives later, use:
dar -R . -O -wa -x color -v -g color
dar -R . -O -wa -x depth -v -g depth
dar -R . -O -wa -x pose -v -g pose
dar -R . -O -wa -x intrinsic -v -g intrinsic
Total running time: 0 minutes and 0 seconds.
Filetype options:  --export_color_images
Number of workers: 4
File 'scene0496_00' not found or not readable, it must be just a scene name.
Processing scenes from: /tmp/tmp.KS3Rmp6Kn4
------------------------
Running in parallel with 4 workers.
xargs: warning: options --max-args and --replace/-I/-i are mutually exclusive, ignoring previous --max-args value
Processing scene: scene0496_00
Deleting the folders that have been archived...
Completed processing: scene0496_00
------------------------
All scenes processed successfully!

To extract archives later, use:
dar -R . -O -wa -x color -v -g color
dar -R . -O -wa -x depth -v -g depth
dar -R . -O -wa -x pose -v -g pose
dar -R . -O -wa -x intrinsic -v -g intrinsic
Total running time: 0 minutes and 0 seconds.
Filetype options:  --export_color_images
Number of workers: 4
File 'scene0535_00' not found or not readable, it must be just a scene name.
Processing scenes from: /tmp/tmp.UNWkMJB7cO
------------------------
Running in parallel with 4 workers.
xargs: warning: options --max-args and --replace/-I/-i are mutually exclusive, ignoring previous --max-args value
Processing scene: scene0535_00
Deleting the folders that have been archived...
Completed processing: scene0535_00
------------------------
All scenes processed successfully!

To extract archives later, use:
dar -R . -O -wa -x color -v -g color
dar -R . -O -wa -x depth -v -g depth
dar -R . -O -wa -x pose -v -g pose
dar -R . -O -wa -x intrinsic -v -g intrinsic
Total running time: 0 minutes and 0 seconds.
Filetype options:  --export_color_images
Number of workers: 4
File 'scene0565_00' not found or not readable, it must be just a scene name.
Processing scenes from: /tmp/tmp.INrC1CxiJc
------------------------
Running in parallel with 4 workers.
xargs: warning: options --max-args and --replace/-I/-i are mutually exclusive, ignoring previous --max-args value
Processing scene: scene0565_00
Deleting the folders that have been archived...
Completed processing: scene0565_00
------------------------
All scenes processed successfully!

To extract archives later, use:
dar -R . -O -wa -x color -v -g color
dar -R . -O -wa -x depth -v -g depth
dar -R . -O -wa -x pose -v -g pose
dar -R . -O -wa -x intrinsic -v -g intrinsic
Total running time: 0 minutes and 0 seconds.
Filetype options:  --export_color_images
Number of workers: 4
File 'scene0574_00' not found or not readable, it must be just a scene name.
Processing scenes from: /tmp/tmp.2em5VB6gK1
------------------------
Running in parallel with 4 workers.
xargs: warning: options --max-args and --replace/-I/-i are mutually exclusive, ignoring previous --max-args value
Processing scene: scene0574_00
Deleting the folders that have been archived...
Completed processing: scene0574_00
------------------------
All scenes processed successfully!

To extract archives later, use:
dar -R . -O -wa -x color -v -g color
dar -R . -O -wa -x depth -v -g depth
dar -R . -O -wa -x pose -v -g pose
dar -R . -O -wa -x intrinsic -v -g intrinsic
Total running time: 0 minutes and 0 seconds.
Filetype options:  --export_color_images
Number of workers: 4
File 'scene0575_00' not found or not readable, it must be just a scene name.
Processing scenes from: /tmp/tmp.R6LNyNfZB6
------------------------
Running in parallel with 4 workers.
xargs: warning: options --max-args and --replace/-I/-i are mutually exclusive, ignoring previous --max-args value
Processing scene: scene0575_00
Deleting the folders that have been archived...
Completed processing: scene0575_00
------------------------
All scenes processed successfully!

To extract archives later, use:
dar -R . -O -wa -x color -v -g color
dar -R . -O -wa -x depth -v -g depth
dar -R . -O -wa -x pose -v -g pose
dar -R . -O -wa -x intrinsic -v -g intrinsic
Total running time: 0 minutes and 0 seconds.
Filetype options:  --export_color_images
Number of workers: 4
File 'scene0578_00' not found or not readable, it must be just a scene name.
Processing scenes from: /tmp/tmp.soLssLTN2x
------------------------
Running in parallel with 4 workers.
xargs: warning: options --max-args and --replace/-I/-i are mutually exclusive, ignoring previous --max-args value
Processing scene: scene0578_00
Deleting the folders that have been archived...
Completed processing: scene0578_00
------------------------
All scenes processed successfully!

To extract archives later, use:
dar -R . -O -wa -x color -v -g color
dar -R . -O -wa -x depth -v -g depth
dar -R . -O -wa -x pose -v -g pose
dar -R . -O -wa -x intrinsic -v -g intrinsic
Total running time: 0 minutes and 0 seconds.
Filetype options:  --export_color_images
Number of workers: 4
File 'scene0583_00' not found or not readable, it must be just a scene name.
Processing scenes from: /tmp/tmp.jYPy5pgKIB
------------------------
Running in parallel with 4 workers.
xargs: warning: options --max-args and --replace/-I/-i are mutually exclusive, ignoring previous --max-args value
Processing scene: scene0583_00
Deleting the folders that have been archived...
Completed processing: scene0583_00
------------------------
All scenes processed successfully!

To extract archives later, use:
dar -R . -O -wa -x color -v -g color
dar -R . -O -wa -x depth -v -g depth
dar -R . -O -wa -x pose -v -g pose
dar -R . -O -wa -x intrinsic -v -g intrinsic
Total running time: 0 minutes and 0 seconds.
Filetype options:  --export_color_images
Number of workers: 4
File 'scene0591_00' not found or not readable, it must be just a scene name.
Processing scenes from: /tmp/tmp.5hVL4mf0pI
------------------------
Running in parallel with 4 workers.
xargs: warning: options --max-args and --replace/-I/-i are mutually exclusive, ignoring previous --max-args value
Processing scene: scene0591_00
Deleting the folders that have been archived...
Completed processing: scene0591_00
------------------------
All scenes processed successfully!

To extract archives later, use:
dar -R . -O -wa -x color -v -g color
dar -R . -O -wa -x depth -v -g depth
dar -R . -O -wa -x pose -v -g pose
dar -R . -O -wa -x intrinsic -v -g intrinsic
Total running time: 0 minutes and 0 seconds.
Filetype options:  --export_color_images
Number of workers: 4
File 'scene0593_00' not found or not readable, it must be just a scene name.
Processing scenes from: /tmp/tmp.3kb8avt8sW
------------------------
Running in parallel with 4 workers.
xargs: warning: options --max-args and --replace/-I/-i are mutually exclusive, ignoring previous --max-args value
Processing scene: scene0593_00
Deleting the folders that have been archived...
Completed processing: scene0593_00
------------------------
All scenes processed successfully!

To extract archives later, use:
dar -R . -O -wa -x color -v -g color
dar -R . -O -wa -x depth -v -g depth
dar -R . -O -wa -x pose -v -g pose
dar -R . -O -wa -x intrinsic -v -g intrinsic
Total running time: 0 minutes and 0 seconds.
Filetype options:  --export_color_images
Number of workers: 4
File 'scene0606_00' not found or not readable, it must be just a scene name.
Processing scenes from: /tmp/tmp.C5MiwI5zLr
------------------------
Running in parallel with 4 workers.
xargs: warning: options --max-args and --replace/-I/-i are mutually exclusive, ignoring previous --max-args value
Processing scene: scene0606_00
Deleting the folders that have been archived...
Completed processing: scene0606_00
------------------------
All scenes processed successfully!

To extract archives later, use:
dar -R . -O -wa -x color -v -g color
dar -R . -O -wa -x depth -v -g depth
dar -R . -O -wa -x pose -v -g pose
dar -R . -O -wa -x intrinsic -v -g intrinsic
Total running time: 0 minutes and 0 seconds.
Filetype options:  --export_color_images
Number of workers: 4
File 'scene0607_00' not found or not readable, it must be just a scene name.
Processing scenes from: /tmp/tmp.T87IWrXkOa
------------------------
Running in parallel with 4 workers.
xargs: warning: options --max-args and --replace/-I/-i are mutually exclusive, ignoring previous --max-args value
Processing scene: scene0607_00
Deleting the folders that have been archived...
Completed processing: scene0607_00
------------------------
All scenes processed successfully!

To extract archives later, use:
dar -R . -O -wa -x color -v -g color
dar -R . -O -wa -x depth -v -g depth
dar -R . -O -wa -x pose -v -g pose
dar -R . -O -wa -x intrinsic -v -g intrinsic
Total running time: 0 minutes and 0 seconds.
Filetype options:  --export_color_images
Number of workers: 4
File 'scene0616_00' not found or not readable, it must be just a scene name.
Processing scenes from: /tmp/tmp.CUywYGojfn
------------------------
Running in parallel with 4 workers.
xargs: warning: options --max-args and --replace/-I/-i are mutually exclusive, ignoring previous --max-args value
Processing scene: scene0616_00
Deleting the folders that have been archived...
Completed processing: scene0616_00
------------------------
All scenes processed successfully!

To extract archives later, use:
dar -R . -O -wa -x color -v -g color
dar -R . -O -wa -x depth -v -g depth
dar -R . -O -wa -x pose -v -g pose
dar -R . -O -wa -x intrinsic -v -g intrinsic
Total running time: 0 minutes and 0 seconds.
Filetype options:  --export_color_images
Number of workers: 4
File 'scene0618_00' not found or not readable, it must be just a scene name.
Processing scenes from: /tmp/tmp.BWRp7xoEFi
------------------------
Running in parallel with 4 workers.
xargs: warning: options --max-args and --replace/-I/-i are mutually exclusive, ignoring previous --max-args value
Processing scene: scene0618_00
Deleting the folders that have been archived...
Completed processing: scene0618_00
------------------------
All scenes processed successfully!

To extract archives later, use:
dar -R . -O -wa -x color -v -g color
dar -R . -O -wa -x depth -v -g depth
dar -R . -O -wa -x pose -v -g pose
dar -R . -O -wa -x intrinsic -v -g intrinsic
Total running time: 0 minutes and 0 seconds.
Filetype options:  --export_color_images
Number of workers: 4
File 'scene0621_00' not found or not readable, it must be just a scene name.
Processing scenes from: /tmp/tmp.gSTm3DKYxF
------------------------
Running in parallel with 4 workers.
xargs: warning: options --max-args and --replace/-I/-i are mutually exclusive, ignoring previous --max-args value
Processing scene: scene0621_00
Deleting the folders that have been archived...
Completed processing: scene0621_00
------------------------
All scenes processed successfully!

To extract archives later, use:
dar -R . -O -wa -x color -v -g color
dar -R . -O -wa -x depth -v -g depth
dar -R . -O -wa -x pose -v -g pose
dar -R . -O -wa -x intrinsic -v -g intrinsic
Total running time: 0 minutes and 0 seconds.
Filetype options:  --export_color_images
Number of workers: 4
File 'scene0633_00' not found or not readable, it must be just a scene name.
Processing scenes from: /tmp/tmp.gvdegULxGd
------------------------
Running in parallel with 4 workers.
xargs: warning: options --max-args and --replace/-I/-i are mutually exclusive, ignoring previous --max-args value
Processing scene: scene0633_00
Deleting the folders that have been archived...
Completed processing: scene0633_00
------------------------
All scenes processed successfully!

To extract archives later, use:
dar -R . -O -wa -x color -v -g color
dar -R . -O -wa -x depth -v -g depth
dar -R . -O -wa -x pose -v -g pose
dar -R . -O -wa -x intrinsic -v -g intrinsic
Total running time: 0 minutes and 0 seconds.
Filetype options:  --export_color_images
Number of workers: 4
File 'scene0644_00' not found or not readable, it must be just a scene name.
Processing scenes from: /tmp/tmp.NUbokrcQvV
------------------------
Running in parallel with 4 workers.
xargs: warning: options --max-args and --replace/-I/-i are mutually exclusive, ignoring previous --max-args value
Processing scene: scene0644_00
Deleting the folders that have been archived...
Completed processing: scene0644_00
------------------------
All scenes processed successfully!

To extract archives later, use:
dar -R . -O -wa -x color -v -g color
dar -R . -O -wa -x depth -v -g depth
dar -R . -O -wa -x pose -v -g pose
dar -R . -O -wa -x intrinsic -v -g intrinsic
Total running time: 0 minutes and 0 seconds.
Filetype options:  --export_color_images
Number of workers: 4
File 'scene0645_00' not found or not readable, it must be just a scene name.
Processing scenes from: /tmp/tmp.jf8zSiY6g3
------------------------
Running in parallel with 4 workers.
xargs: warning: options --max-args and --replace/-I/-i are mutually exclusive, ignoring previous --max-args value
Processing scene: scene0645_00
Deleting the folders that have been archived...
Completed processing: scene0645_00
------------------------
All scenes processed successfully!

To extract archives later, use:
dar -R . -O -wa -x color -v -g color
dar -R . -O -wa -x depth -v -g depth
dar -R . -O -wa -x pose -v -g pose
dar -R . -O -wa -x intrinsic -v -g intrinsic
Total running time: 0 minutes and 0 seconds.
Filetype options:  --export_color_images
Number of workers: 4
File 'scene0651_00' not found or not readable, it must be just a scene name.
Processing scenes from: /tmp/tmp.q340m0fNSB
------------------------
Running in parallel with 4 workers.
xargs: warning: options --max-args and --replace/-I/-i are mutually exclusive, ignoring previous --max-args value
Processing scene: scene0651_00
Deleting the folders that have been archived...
Completed processing: scene0651_00
------------------------
All scenes processed successfully!

To extract archives later, use:
dar -R . -O -wa -x color -v -g color
dar -R . -O -wa -x depth -v -g depth
dar -R . -O -wa -x pose -v -g pose
dar -R . -O -wa -x intrinsic -v -g intrinsic
Total running time: 0 minutes and 0 seconds.
Filetype options:  --export_color_images
Number of workers: 4
File 'scene0653_00' not found or not readable, it must be just a scene name.
Processing scenes from: /tmp/tmp.uriQOZ5N67
------------------------
Running in parallel with 4 workers.
xargs: warning: options --max-args and --replace/-I/-i are mutually exclusive, ignoring previous --max-args value
Processing scene: scene0653_00
Deleting the folders that have been archived...
Completed processing: scene0653_00
------------------------
All scenes processed successfully!

To extract archives later, use:
dar -R . -O -wa -x color -v -g color
dar -R . -O -wa -x depth -v -g depth
dar -R . -O -wa -x pose -v -g pose
dar -R . -O -wa -x intrinsic -v -g intrinsic
Total running time: 0 minutes and 0 seconds.
Filetype options:  --export_color_images
Number of workers: 4
File 'scene0664_00' not found or not readable, it must be just a scene name.
Processing scenes from: /tmp/tmp.T3J4j82unW
------------------------
Running in parallel with 4 workers.
xargs: warning: options --max-args and --replace/-I/-i are mutually exclusive, ignoring previous --max-args value
Processing scene: scene0664_00
Deleting the folders that have been archived...
Completed processing: scene0664_00
------------------------
All scenes processed successfully!

To extract archives later, use:
dar -R . -O -wa -x color -v -g color
dar -R . -O -wa -x depth -v -g depth
dar -R . -O -wa -x pose -v -g pose
dar -R . -O -wa -x intrinsic -v -g intrinsic
Total running time: 0 minutes and 1 seconds.
Filetype options:  --export_color_images
Number of workers: 4
File 'scene0678_00' not found or not readable, it must be just a scene name.
Processing scenes from: /tmp/tmp.zlkvMkWCq6
------------------------
Running in parallel with 4 workers.
xargs: warning: options --max-args and --replace/-I/-i are mutually exclusive, ignoring previous --max-args value
Processing scene: scene0678_00
Deleting the folders that have been archived...
Completed processing: scene0678_00
------------------------
All scenes processed successfully!

To extract archives later, use:
dar -R . -O -wa -x color -v -g color
dar -R . -O -wa -x depth -v -g depth
dar -R . -O -wa -x pose -v -g pose
dar -R . -O -wa -x intrinsic -v -g intrinsic
Total running time: 0 minutes and 0 seconds.
Filetype options:  --export_color_images
Number of workers: 4
File 'scene0685_00' not found or not readable, it must be just a scene name.
Processing scenes from: /tmp/tmp.yIlzeL8Nly
------------------------
Running in parallel with 4 workers.
xargs: warning: options --max-args and --replace/-I/-i are mutually exclusive, ignoring previous --max-args value
Processing scene: scene0685_00
Deleting the folders that have been archived...
Completed processing: scene0685_00
------------------------
All scenes processed successfully!

To extract archives later, use:
dar -R . -O -wa -x color -v -g color
dar -R . -O -wa -x depth -v -g depth
dar -R . -O -wa -x pose -v -g pose
dar -R . -O -wa -x intrinsic -v -g intrinsic
Total running time: 0 minutes and 0 seconds.
Filetype options:  --export_color_images
Number of workers: 4
File 'scene0686_00' not found or not readable, it must be just a scene name.
Processing scenes from: /tmp/tmp.QrBHHeVQD5
------------------------
Running in parallel with 4 workers.
xargs: warning: options --max-args and --replace/-I/-i are mutually exclusive, ignoring previous --max-args value
Processing scene: scene0686_00
Deleting the folders that have been archived...
Completed processing: scene0686_00
------------------------
All scenes processed successfully!

To extract archives later, use:
dar -R . -O -wa -x color -v -g color
dar -R . -O -wa -x depth -v -g depth
dar -R . -O -wa -x pose -v -g pose
dar -R . -O -wa -x intrinsic -v -g intrinsic
Total running time: 0 minutes and 0 seconds.
Filetype options:  --export_color_images
Number of workers: 4
File 'scene0689_00' not found or not readable, it must be just a scene name.
Processing scenes from: /tmp/tmp.VJnrz7YnJ4
------------------------
Running in parallel with 4 workers.
xargs: warning: options --max-args and --replace/-I/-i are mutually exclusive, ignoring previous --max-args value
Processing scene: scene0689_00
Deleting the folders that have been archived...
Completed processing: scene0689_00
------------------------
All scenes processed successfully!

To extract archives later, use:
dar -R . -O -wa -x color -v -g color
dar -R . -O -wa -x depth -v -g depth
dar -R . -O -wa -x pose -v -g pose
dar -R . -O -wa -x intrinsic -v -g intrinsic
Total running time: 0 minutes and 0 seconds.
Filetype options:  --export_color_images
Number of workers: 4
File 'scene0690_00' not found or not readable, it must be just a scene name.
Processing scenes from: /tmp/tmp.V2oaTdtWwb
------------------------
Running in parallel with 4 workers.
xargs: warning: options --max-args and --replace/-I/-i are mutually exclusive, ignoring previous --max-args value
Processing scene: scene0690_00
Deleting the folders that have been archived...
Completed processing: scene0690_00
------------------------
All scenes processed successfully!

To extract archives later, use:
dar -R . -O -wa -x color -v -g color
dar -R . -O -wa -x depth -v -g depth
dar -R . -O -wa -x pose -v -g pose
dar -R . -O -wa -x intrinsic -v -g intrinsic
Total running time: 0 minutes and 0 seconds.
Filetype options:  --export_color_images
Number of workers: 4
File 'scene0700_00' not found or not readable, it must be just a scene name.
Processing scenes from: /tmp/tmp.O1T2pcWgkc
------------------------
Running in parallel with 4 workers.
xargs: warning: options --max-args and --replace/-I/-i are mutually exclusive, ignoring previous --max-args value
Processing scene: scene0700_00
Deleting the folders that have been archived...
Completed processing: scene0700_00
------------------------
All scenes processed successfully!

To extract archives later, use:
dar -R . -O -wa -x color -v -g color
dar -R . -O -wa -x depth -v -g depth
dar -R . -O -wa -x pose -v -g pose
dar -R . -O -wa -x intrinsic -v -g intrinsic
Total running time: 0 minutes and 0 seconds.
Filetype options:  --export_color_images
Number of workers: 4
File 'scene0702_00' not found or not readable, it must be just a scene name.
Processing scenes from: /tmp/tmp.tR4GNaBLxE
------------------------
Running in parallel with 4 workers.
xargs: warning: options --max-args and --replace/-I/-i are mutually exclusive, ignoring previous --max-args value
Processing scene: scene0702_00
Deleting the folders that have been archived...
Completed processing: scene0702_00
------------------------
All scenes processed successfully!

To extract archives later, use:
dar -R . -O -wa -x color -v -g color
dar -R . -O -wa -x depth -v -g depth
dar -R . -O -wa -x pose -v -g pose
dar -R . -O -wa -x intrinsic -v -g intrinsic
Total running time: 0 minutes and 0 seconds.
Filetype options:  --export_color_images
Number of workers: 4
File 'scene0704_00' not found or not readable, it must be just a scene name.
Processing scenes from: /tmp/tmp.k93YYhRlQL
------------------------
Running in parallel with 4 workers.
xargs: warning: options --max-args and --replace/-I/-i are mutually exclusive, ignoring previous --max-args value
Processing scene: scene0704_00
Deleting the folders that have been archived...
Completed processing: scene0704_00
------------------------
All scenes processed successfully!

To extract archives later, use:
dar -R . -O -wa -x color -v -g color
dar -R . -O -wa -x depth -v -g depth
dar -R . -O -wa -x pose -v -g pose
dar -R . -O -wa -x intrinsic -v -g intrinsic
Total running time: 0 minutes and 0 seconds.
Filetype options:  --export_color_images
Number of workers: 4
File 'scene0000_00' not found or not readable, it must be just a scene name.
Processing scenes from: /tmp/tmp.f6l5LylREq
------------------------
Running in parallel with 4 workers.
xargs: warning: options --max-args and --replace/-I/-i are mutually exclusive, ignoring previous --max-args value
Processing scene: scene0000_00
Deleting the folders that have been archived...
Completed processing: scene0000_00
------------------------
All scenes processed successfully!

To extract archives later, use:
dar -R . -O -wa -x color -v -g color
dar -R . -O -wa -x depth -v -g depth
dar -R . -O -wa -x pose -v -g pose
dar -R . -O -wa -x intrinsic -v -g intrinsic
Total running time: 0 minutes and 0 seconds.
Filetype options:  --export_color_images
Number of workers: 4
File 'scene0001_00' not found or not readable, it must be just a scene name.
Processing scenes from: /tmp/tmp.Mf7j9UmImX
------------------------
Running in parallel with 4 workers.
xargs: warning: options --max-args and --replace/-I/-i are mutually exclusive, ignoring previous --max-args value
Processing scene: scene0001_00
Deleting the folders that have been archived...
Completed processing: scene0001_00
------------------------
All scenes processed successfully!

To extract archives later, use:
dar -R . -O -wa -x color -v -g color
dar -R . -O -wa -x depth -v -g depth
dar -R . -O -wa -x pose -v -g pose
dar -R . -O -wa -x intrinsic -v -g intrinsic
Total running time: 0 minutes and 0 seconds.
Filetype options:  --export_color_images
Number of workers: 4
File 'scene0002_00' not found or not readable, it must be just a scene name.
Processing scenes from: /tmp/tmp.kG8Y0ArKTf
------------------------
Running in parallel with 4 workers.
xargs: warning: options --max-args and --replace/-I/-i are mutually exclusive, ignoring previous --max-args value
Processing scene: scene0002_00
Deleting the folders that have been archived...
Completed processing: scene0002_00
------------------------
All scenes processed successfully!

To extract archives later, use:
dar -R . -O -wa -x color -v -g color
dar -R . -O -wa -x depth -v -g depth
dar -R . -O -wa -x pose -v -g pose
dar -R . -O -wa -x intrinsic -v -g intrinsic
Total running time: 0 minutes and 0 seconds.
Filetype options:  --export_color_images
Number of workers: 4
File 'scene0003_00' not found or not readable, it must be just a scene name.
Processing scenes from: /tmp/tmp.lh1fRwAqYf
------------------------
Running in parallel with 4 workers.
xargs: warning: options --max-args and --replace/-I/-i are mutually exclusive, ignoring previous --max-args value
Processing scene: scene0003_00
Deleting the folders that have been archived...
Completed processing: scene0003_00
------------------------
All scenes processed successfully!

To extract archives later, use:
dar -R . -O -wa -x color -v -g color
dar -R . -O -wa -x depth -v -g depth
dar -R . -O -wa -x pose -v -g pose
dar -R . -O -wa -x intrinsic -v -g intrinsic
Total running time: 0 minutes and 0 seconds.
Filetype options:  --export_color_images
Number of workers: 4
File 'scene0004_00' not found or not readable, it must be just a scene name.
Processing scenes from: /tmp/tmp.CjByoOClJ2
------------------------
Running in parallel with 4 workers.
xargs: warning: options --max-args and --replace/-I/-i are mutually exclusive, ignoring previous --max-args value
Processing scene: scene0004_00
Deleting the folders that have been archived...
Completed processing: scene0004_00
------------------------
All scenes processed successfully!

To extract archives later, use:
dar -R . -O -wa -x color -v -g color
dar -R . -O -wa -x depth -v -g depth
dar -R . -O -wa -x pose -v -g pose
dar -R . -O -wa -x intrinsic -v -g intrinsic
Total running time: 0 minutes and 0 seconds.
Filetype options:  --export_color_images
Number of workers: 4
File 'scene0005_00' not found or not readable, it must be just a scene name.
Processing scenes from: /tmp/tmp.oYl7S6XM49
------------------------
Running in parallel with 4 workers.
xargs: warning: options --max-args and --replace/-I/-i are mutually exclusive, ignoring previous --max-args value
Processing scene: scene0005_00
Deleting the folders that have been archived...
Completed processing: scene0005_00
------------------------
All scenes processed successfully!

To extract archives later, use:
dar -R . -O -wa -x color -v -g color
dar -R . -O -wa -x depth -v -g depth
dar -R . -O -wa -x pose -v -g pose
dar -R . -O -wa -x intrinsic -v -g intrinsic
Total running time: 0 minutes and 0 seconds.
Filetype options:  --export_color_images
Number of workers: 4
File 'scene0006_00' not found or not readable, it must be just a scene name.
Processing scenes from: /tmp/tmp.15sEF6TyKl
------------------------
Running in parallel with 4 workers.
xargs: warning: options --max-args and --replace/-I/-i are mutually exclusive, ignoring previous --max-args value
Processing scene: scene0006_00
Deleting the folders that have been archived...
Completed processing: scene0006_00
------------------------
All scenes processed successfully!

To extract archives later, use:
dar -R . -O -wa -x color -v -g color
dar -R . -O -wa -x depth -v -g depth
dar -R . -O -wa -x pose -v -g pose
dar -R . -O -wa -x intrinsic -v -g intrinsic
Total running time: 0 minutes and 0 seconds.
Filetype options:  --export_color_images
Number of workers: 4
File 'scene0008_00' not found or not readable, it must be just a scene name.
Processing scenes from: /tmp/tmp.mBVx5Mo2jm
------------------------
Running in parallel with 4 workers.
xargs: warning: options --max-args and --replace/-I/-i are mutually exclusive, ignoring previous --max-args value
Processing scene: scene0008_00
Deleting the folders that have been archived...
Completed processing: scene0008_00
------------------------
All scenes processed successfully!

To extract archives later, use:
dar -R . -O -wa -x color -v -g color
dar -R . -O -wa -x depth -v -g depth
dar -R . -O -wa -x pose -v -g pose
dar -R . -O -wa -x intrinsic -v -g intrinsic
Total running time: 0 minutes and 0 seconds.
Filetype options:  --export_color_images
Number of workers: 4
File 'scene0009_00' not found or not readable, it must be just a scene name.
Processing scenes from: /tmp/tmp.NNR6mK7B2D
------------------------
Running in parallel with 4 workers.
xargs: warning: options --max-args and --replace/-I/-i are mutually exclusive, ignoring previous --max-args value
Processing scene: scene0009_00
Deleting the folders that have been archived...
Completed processing: scene0009_00
------------------------
All scenes processed successfully!

To extract archives later, use:
dar -R . -O -wa -x color -v -g color
dar -R . -O -wa -x depth -v -g depth
dar -R . -O -wa -x pose -v -g pose
dar -R . -O -wa -x intrinsic -v -g intrinsic
Total running time: 0 minutes and 0 seconds.
Filetype options:  --export_color_images
Number of workers: 4
File 'scene0010_00' not found or not readable, it must be just a scene name.
Processing scenes from: /tmp/tmp.liZf4gPgUG
------------------------
Running in parallel with 4 workers.
xargs: warning: options --max-args and --replace/-I/-i are mutually exclusive, ignoring previous --max-args value
Processing scene: scene0010_00
Deleting the folders that have been archived...
Completed processing: scene0010_00
------------------------
All scenes processed successfully!

To extract archives later, use:
dar -R . -O -wa -x color -v -g color
dar -R . -O -wa -x depth -v -g depth
dar -R . -O -wa -x pose -v -g pose
dar -R . -O -wa -x intrinsic -v -g intrinsic
Total running time: 0 minutes and 0 seconds.
Filetype options:  --export_color_images
Number of workers: 4
File 'scene0012_00' not found or not readable, it must be just a scene name.
Processing scenes from: /tmp/tmp.OHOQ6r1g2l
------------------------
Running in parallel with 4 workers.
xargs: warning: options --max-args and --replace/-I/-i are mutually exclusive, ignoring previous --max-args value
Processing scene: scene0012_00
Deleting the folders that have been archived...
Completed processing: scene0012_00
------------------------
All scenes processed successfully!

To extract archives later, use:
dar -R . -O -wa -x color -v -g color
dar -R . -O -wa -x depth -v -g depth
dar -R . -O -wa -x pose -v -g pose
dar -R . -O -wa -x intrinsic -v -g intrinsic
Total running time: 0 minutes and 0 seconds.
Filetype options:  --export_color_images
Number of workers: 4
File 'scene0014_00' not found or not readable, it must be just a scene name.
Processing scenes from: /tmp/tmp.Gczdehfv3z
------------------------
Running in parallel with 4 workers.
xargs: warning: options --max-args and --replace/-I/-i are mutually exclusive, ignoring previous --max-args value
Processing scene: scene0014_00
Deleting the folders that have been archived...
Completed processing: scene0014_00
------------------------
All scenes processed successfully!

To extract archives later, use:
dar -R . -O -wa -x color -v -g color
dar -R . -O -wa -x depth -v -g depth
dar -R . -O -wa -x pose -v -g pose
dar -R . -O -wa -x intrinsic -v -g intrinsic
Total running time: 0 minutes and 0 seconds.
Filetype options:  --export_color_images
Number of workers: 4
File 'scene0016_00' not found or not readable, it must be just a scene name.
Processing scenes from: /tmp/tmp.yLL8LZAxWZ
------------------------
Running in parallel with 4 workers.
xargs: warning: options --max-args and --replace/-I/-i are mutually exclusive, ignoring previous --max-args value
Processing scene: scene0016_00
Deleting the folders that have been archived...
Completed processing: scene0016_00
------------------------
All scenes processed successfully!

To extract archives later, use:
dar -R . -O -wa -x color -v -g color
dar -R . -O -wa -x depth -v -g depth
dar -R . -O -wa -x pose -v -g pose
dar -R . -O -wa -x intrinsic -v -g intrinsic
Total running time: 0 minutes and 0 seconds.
Filetype options:  --export_color_images
Number of workers: 4
File 'scene0017_00' not found or not readable, it must be just a scene name.
Processing scenes from: /tmp/tmp.ZeoCkPp1LG
------------------------
Running in parallel with 4 workers.
xargs: warning: options --max-args and --replace/-I/-i are mutually exclusive, ignoring previous --max-args value
Processing scene: scene0017_00
Deleting the folders that have been archived...
Completed processing: scene0017_00
------------------------
All scenes processed successfully!

To extract archives later, use:
dar -R . -O -wa -x color -v -g color
dar -R . -O -wa -x depth -v -g depth
dar -R . -O -wa -x pose -v -g pose
dar -R . -O -wa -x intrinsic -v -g intrinsic
Total running time: 0 minutes and 0 seconds.
Filetype options:  --export_color_images
Number of workers: 4
File 'scene0018_00' not found or not readable, it must be just a scene name.
Processing scenes from: /tmp/tmp.ji2mSDUUFM
------------------------
Running in parallel with 4 workers.
xargs: warning: options --max-args and --replace/-I/-i are mutually exclusive, ignoring previous --max-args value
Processing scene: scene0018_00
Deleting the folders that have been archived...
Completed processing: scene0018_00
------------------------
All scenes processed successfully!

To extract archives later, use:
dar -R . -O -wa -x color -v -g color
dar -R . -O -wa -x depth -v -g depth
dar -R . -O -wa -x pose -v -g pose
dar -R . -O -wa -x intrinsic -v -g intrinsic
Total running time: 0 minutes and 0 seconds.
Filetype options:  --export_color_images
Number of workers: 4
File 'scene0020_00' not found or not readable, it must be just a scene name.
Processing scenes from: /tmp/tmp.6PNFh66mOW
------------------------
Running in parallel with 4 workers.
xargs: warning: options --max-args and --replace/-I/-i are mutually exclusive, ignoring previous --max-args value
Processing scene: scene0020_00
Deleting the folders that have been archived...
Completed processing: scene0020_00
------------------------
All scenes processed successfully!

To extract archives later, use:
dar -R . -O -wa -x color -v -g color
dar -R . -O -wa -x depth -v -g depth
dar -R . -O -wa -x pose -v -g pose
dar -R . -O -wa -x intrinsic -v -g intrinsic
Total running time: 0 minutes and 0 seconds.
Filetype options:  --export_color_images
Number of workers: 4
File 'scene0021_00' not found or not readable, it must be just a scene name.
Processing scenes from: /tmp/tmp.KBMpIUf9iy
------------------------
Running in parallel with 4 workers.
xargs: warning: options --max-args and --replace/-I/-i are mutually exclusive, ignoring previous --max-args value
Processing scene: scene0021_00
Deleting the folders that have been archived...
Completed processing: scene0021_00
------------------------
All scenes processed successfully!

To extract archives later, use:
dar -R . -O -wa -x color -v -g color
dar -R . -O -wa -x depth -v -g depth
dar -R . -O -wa -x pose -v -g pose
dar -R . -O -wa -x intrinsic -v -g intrinsic
Total running time: 0 minutes and 0 seconds.
Filetype options:  --export_color_images
Number of workers: 4
File 'scene0022_00' not found or not readable, it must be just a scene name.
Processing scenes from: /tmp/tmp.Sa4op9wkAj
------------------------
Running in parallel with 4 workers.
xargs: warning: options --max-args and --replace/-I/-i are mutually exclusive, ignoring previous --max-args value
Processing scene: scene0022_00
Deleting the folders that have been archived...
Completed processing: scene0022_00
------------------------
All scenes processed successfully!

To extract archives later, use:
dar -R . -O -wa -x color -v -g color
dar -R . -O -wa -x depth -v -g depth
dar -R . -O -wa -x pose -v -g pose
dar -R . -O -wa -x intrinsic -v -g intrinsic
Total running time: 0 minutes and 0 seconds.
Filetype options:  --export_color_images
Number of workers: 4
File 'scene0023_00' not found or not readable, it must be just a scene name.
Processing scenes from: /tmp/tmp.vxTTnCJspT
------------------------
Running in parallel with 4 workers.
xargs: warning: options --max-args and --replace/-I/-i are mutually exclusive, ignoring previous --max-args value
Processing scene: scene0023_00
Deleting the folders that have been archived...
Completed processing: scene0023_00
------------------------
All scenes processed successfully!

To extract archives later, use:
dar -R . -O -wa -x color -v -g color
dar -R . -O -wa -x depth -v -g depth
dar -R . -O -wa -x pose -v -g pose
dar -R . -O -wa -x intrinsic -v -g intrinsic
Total running time: 0 minutes and 0 seconds.
Filetype options:  --export_color_images
Number of workers: 4
File 'scene0024_00' not found or not readable, it must be just a scene name.
Processing scenes from: /tmp/tmp.YEeVpMLWc4
------------------------
Running in parallel with 4 workers.
xargs: warning: options --max-args and --replace/-I/-i are mutually exclusive, ignoring previous --max-args value
Processing scene: scene0024_00
Deleting the folders that have been archived...
Completed processing: scene0024_00
------------------------
All scenes processed successfully!

To extract archives later, use:
dar -R . -O -wa -x color -v -g color
dar -R . -O -wa -x depth -v -g depth
dar -R . -O -wa -x pose -v -g pose
dar -R . -O -wa -x intrinsic -v -g intrinsic
Total running time: 0 minutes and 0 seconds.
Filetype options:  --export_color_images
Number of workers: 4
File 'scene0026_00' not found or not readable, it must be just a scene name.
Processing scenes from: /tmp/tmp.MhDpSaSAfu
------------------------
Running in parallel with 4 workers.
xargs: warning: options --max-args and --replace/-I/-i are mutually exclusive, ignoring previous --max-args value
Processing scene: scene0026_00
Deleting the folders that have been archived...
Completed processing: scene0026_00
------------------------
All scenes processed successfully!

To extract archives later, use:
dar -R . -O -wa -x color -v -g color
dar -R . -O -wa -x depth -v -g depth
dar -R . -O -wa -x pose -v -g pose
dar -R . -O -wa -x intrinsic -v -g intrinsic
Total running time: 0 minutes and 0 seconds.
Filetype options:  --export_color_images
Number of workers: 4
File 'scene0027_00' not found or not readable, it must be just a scene name.
Processing scenes from: /tmp/tmp.oyW4IoePv4
------------------------
Running in parallel with 4 workers.
xargs: warning: options --max-args and --replace/-I/-i are mutually exclusive, ignoring previous --max-args value
Processing scene: scene0027_00
Deleting the folders that have been archived...
Completed processing: scene0027_00
------------------------
All scenes processed successfully!

To extract archives later, use:
dar -R . -O -wa -x color -v -g color
dar -R . -O -wa -x depth -v -g depth
dar -R . -O -wa -x pose -v -g pose
dar -R . -O -wa -x intrinsic -v -g intrinsic
Total running time: 0 minutes and 0 seconds.
Filetype options:  --export_color_images
Number of workers: 4
File 'scene0028_00' not found or not readable, it must be just a scene name.
Processing scenes from: /tmp/tmp.ong2dyZHsb
------------------------
Running in parallel with 4 workers.
xargs: warning: options --max-args and --replace/-I/-i are mutually exclusive, ignoring previous --max-args value
Processing scene: scene0028_00
Deleting the folders that have been archived...
Completed processing: scene0028_00
------------------------
All scenes processed successfully!

To extract archives later, use:
dar -R . -O -wa -x color -v -g color
dar -R . -O -wa -x depth -v -g depth
dar -R . -O -wa -x pose -v -g pose
dar -R . -O -wa -x intrinsic -v -g intrinsic
Total running time: 0 minutes and 0 seconds.
Filetype options:  --export_color_images
Number of workers: 4
File 'scene0029_00' not found or not readable, it must be just a scene name.
Processing scenes from: /tmp/tmp.Uu819gtcct
------------------------
Running in parallel with 4 workers.
xargs: warning: options --max-args and --replace/-I/-i are mutually exclusive, ignoring previous --max-args value
Processing scene: scene0029_00
Deleting the folders that have been archived...
Completed processing: scene0029_00
------------------------
All scenes processed successfully!

To extract archives later, use:
dar -R . -O -wa -x color -v -g color
dar -R . -O -wa -x depth -v -g depth
dar -R . -O -wa -x pose -v -g pose
dar -R . -O -wa -x intrinsic -v -g intrinsic
Total running time: 0 minutes and 0 seconds.
Filetype options:  --export_color_images
Number of workers: 4
File 'scene0031_00' not found or not readable, it must be just a scene name.
Processing scenes from: /tmp/tmp.KJPF2GxCeT
------------------------
Running in parallel with 4 workers.
xargs: warning: options --max-args and --replace/-I/-i are mutually exclusive, ignoring previous --max-args value
Processing scene: scene0031_00
Deleting the folders that have been archived...
Completed processing: scene0031_00
------------------------
All scenes processed successfully!

To extract archives later, use:
dar -R . -O -wa -x color -v -g color
dar -R . -O -wa -x depth -v -g depth
dar -R . -O -wa -x pose -v -g pose
dar -R . -O -wa -x intrinsic -v -g intrinsic
Total running time: 0 minutes and 0 seconds.
Filetype options:  --export_color_images
Number of workers: 4
File 'scene0032_00' not found or not readable, it must be just a scene name.
Processing scenes from: /tmp/tmp.J0rlO7dApH
------------------------
Running in parallel with 4 workers.
xargs: warning: options --max-args and --replace/-I/-i are mutually exclusive, ignoring previous --max-args value
Processing scene: scene0032_00
Deleting the folders that have been archived...
Completed processing: scene0032_00
------------------------
All scenes processed successfully!

To extract archives later, use:
dar -R . -O -wa -x color -v -g color
dar -R . -O -wa -x depth -v -g depth
dar -R . -O -wa -x pose -v -g pose
dar -R . -O -wa -x intrinsic -v -g intrinsic
Total running time: 0 minutes and 0 seconds.
Filetype options:  --export_color_images
Number of workers: 4
File 'scene0033_00' not found or not readable, it must be just a scene name.
Processing scenes from: /tmp/tmp.xXJEatkqgL
------------------------
Running in parallel with 4 workers.
xargs: warning: options --max-args and --replace/-I/-i are mutually exclusive, ignoring previous --max-args value
Processing scene: scene0033_00
Deleting the folders that have been archived...
Completed processing: scene0033_00
------------------------
All scenes processed successfully!

To extract archives later, use:
dar -R . -O -wa -x color -v -g color
dar -R . -O -wa -x depth -v -g depth
dar -R . -O -wa -x pose -v -g pose
dar -R . -O -wa -x intrinsic -v -g intrinsic
Total running time: 0 minutes and 0 seconds.
Filetype options:  --export_color_images
Number of workers: 4
File 'scene0034_00' not found or not readable, it must be just a scene name.
Processing scenes from: /tmp/tmp.uAbrymyZcz
------------------------
Running in parallel with 4 workers.
xargs: warning: options --max-args and --replace/-I/-i are mutually exclusive, ignoring previous --max-args value
Processing scene: scene0034_00
Deleting the folders that have been archived...
Completed processing: scene0034_00
------------------------
All scenes processed successfully!

To extract archives later, use:
dar -R . -O -wa -x color -v -g color
dar -R . -O -wa -x depth -v -g depth
dar -R . -O -wa -x pose -v -g pose
dar -R . -O -wa -x intrinsic -v -g intrinsic
Total running time: 0 minutes and 0 seconds.
Filetype options:  --export_color_images
Number of workers: 4
File 'scene0035_00' not found or not readable, it must be just a scene name.
Processing scenes from: /tmp/tmp.fa9VVyDpGN
------------------------
Running in parallel with 4 workers.
xargs: warning: options --max-args and --replace/-I/-i are mutually exclusive, ignoring previous --max-args value
Processing scene: scene0035_00
Deleting the folders that have been archived...
Completed processing: scene0035_00
------------------------
All scenes processed successfully!

To extract archives later, use:
dar -R . -O -wa -x color -v -g color
dar -R . -O -wa -x depth -v -g depth
dar -R . -O -wa -x pose -v -g pose
dar -R . -O -wa -x intrinsic -v -g intrinsic
Total running time: 0 minutes and 0 seconds.
Filetype options:  --export_color_images
Number of workers: 4
File 'scene0036_00' not found or not readable, it must be just a scene name.
Processing scenes from: /tmp/tmp.5GzvwhVtSn
------------------------
Running in parallel with 4 workers.
xargs: warning: options --max-args and --replace/-I/-i are mutually exclusive, ignoring previous --max-args value
Processing scene: scene0036_00
Deleting the folders that have been archived...
Completed processing: scene0036_00
------------------------
All scenes processed successfully!

To extract archives later, use:
dar -R . -O -wa -x color -v -g color
dar -R . -O -wa -x depth -v -g depth
dar -R . -O -wa -x pose -v -g pose
dar -R . -O -wa -x intrinsic -v -g intrinsic
Total running time: 0 minutes and 0 seconds.
Filetype options:  --export_color_images
Number of workers: 4
File 'scene0037_00' not found or not readable, it must be just a scene name.
Processing scenes from: /tmp/tmp.x2YMKCcHGp
------------------------
Running in parallel with 4 workers.
xargs: warning: options --max-args and --replace/-I/-i are mutually exclusive, ignoring previous --max-args value
Processing scene: scene0037_00
Deleting the folders that have been archived...
Completed processing: scene0037_00
------------------------
All scenes processed successfully!

To extract archives later, use:
dar -R . -O -wa -x color -v -g color
dar -R . -O -wa -x depth -v -g depth
dar -R . -O -wa -x pose -v -g pose
dar -R . -O -wa -x intrinsic -v -g intrinsic
Total running time: 0 minutes and 0 seconds.
Filetype options:  --export_color_images
Number of workers: 4
File 'scene0038_00' not found or not readable, it must be just a scene name.
Processing scenes from: /tmp/tmp.5gaQ3I64Gx
------------------------
Running in parallel with 4 workers.
xargs: warning: options --max-args and --replace/-I/-i are mutually exclusive, ignoring previous --max-args value
Processing scene: scene0038_00
Deleting the folders that have been archived...
Completed processing: scene0038_00
------------------------
All scenes processed successfully!

To extract archives later, use:
dar -R . -O -wa -x color -v -g color
dar -R . -O -wa -x depth -v -g depth
dar -R . -O -wa -x pose -v -g pose
dar -R . -O -wa -x intrinsic -v -g intrinsic
Total running time: 0 minutes and 0 seconds.
Filetype options:  --export_color_images
Number of workers: 4
File 'scene0039_00' not found or not readable, it must be just a scene name.
Processing scenes from: /tmp/tmp.8Kw3hwcHnQ
------------------------
Running in parallel with 4 workers.
xargs: warning: options --max-args and --replace/-I/-i are mutually exclusive, ignoring previous --max-args value
Processing scene: scene0039_00
Deleting the folders that have been archived...
Completed processing: scene0039_00
------------------------
All scenes processed successfully!

To extract archives later, use:
dar -R . -O -wa -x color -v -g color
dar -R . -O -wa -x depth -v -g depth
dar -R . -O -wa -x pose -v -g pose
dar -R . -O -wa -x intrinsic -v -g intrinsic
Total running time: 0 minutes and 0 seconds.
Filetype options:  --export_color_images
Number of workers: 4
File 'scene0040_00' not found or not readable, it must be just a scene name.
Processing scenes from: /tmp/tmp.ZJvI56hIAd
------------------------
Running in parallel with 4 workers.
xargs: warning: options --max-args and --replace/-I/-i are mutually exclusive, ignoring previous --max-args value
Processing scene: scene0040_00
Deleting the folders that have been archived...
Completed processing: scene0040_00
------------------------
All scenes processed successfully!

To extract archives later, use:
dar -R . -O -wa -x color -v -g color
dar -R . -O -wa -x depth -v -g depth
dar -R . -O -wa -x pose -v -g pose
dar -R . -O -wa -x intrinsic -v -g intrinsic
Total running time: 0 minutes and 0 seconds.
Filetype options:  --export_color_images
Number of workers: 4
File 'scene0041_00' not found or not readable, it must be just a scene name.
Processing scenes from: /tmp/tmp.rLklxAT5aY
------------------------
Running in parallel with 4 workers.
xargs: warning: options --max-args and --replace/-I/-i are mutually exclusive, ignoring previous --max-args value
Processing scene: scene0041_00
Deleting the folders that have been archived...
Completed processing: scene0041_00
------------------------
All scenes processed successfully!

To extract archives later, use:
dar -R . -O -wa -x color -v -g color
dar -R . -O -wa -x depth -v -g depth
dar -R . -O -wa -x pose -v -g pose
dar -R . -O -wa -x intrinsic -v -g intrinsic
Total running time: 0 minutes and 0 seconds.
Filetype options:  --export_color_images
Number of workers: 4
File 'scene0042_00' not found or not readable, it must be just a scene name.
Processing scenes from: /tmp/tmp.VLJMJWYnrK
------------------------
Running in parallel with 4 workers.
xargs: warning: options --max-args and --replace/-I/-i are mutually exclusive, ignoring previous --max-args value
Processing scene: scene0042_00
Deleting the folders that have been archived...
Completed processing: scene0042_00
------------------------
All scenes processed successfully!

To extract archives later, use:
dar -R . -O -wa -x color -v -g color
dar -R . -O -wa -x depth -v -g depth
dar -R . -O -wa -x pose -v -g pose
dar -R . -O -wa -x intrinsic -v -g intrinsic
Total running time: 0 minutes and 0 seconds.
Filetype options:  --export_color_images
Number of workers: 4
File 'scene0043_00' not found or not readable, it must be just a scene name.
Processing scenes from: /tmp/tmp.sy5iWz3P6O
------------------------
Running in parallel with 4 workers.
xargs: warning: options --max-args and --replace/-I/-i are mutually exclusive, ignoring previous --max-args value
Processing scene: scene0043_00
Deleting the folders that have been archived...
Completed processing: scene0043_00
------------------------
All scenes processed successfully!

To extract archives later, use:
dar -R . -O -wa -x color -v -g color
dar -R . -O -wa -x depth -v -g depth
dar -R . -O -wa -x pose -v -g pose
dar -R . -O -wa -x intrinsic -v -g intrinsic
Total running time: 0 minutes and 0 seconds.
Filetype options:  --export_color_images
Number of workers: 4
File 'scene0045_00' not found or not readable, it must be just a scene name.
Processing scenes from: /tmp/tmp.YFs32Mpl0X
------------------------
Running in parallel with 4 workers.
xargs: warning: options --max-args and --replace/-I/-i are mutually exclusive, ignoring previous --max-args value
Processing scene: scene0045_00
Deleting the folders that have been archived...
Completed processing: scene0045_00
------------------------
All scenes processed successfully!

To extract archives later, use:
dar -R . -O -wa -x color -v -g color
dar -R . -O -wa -x depth -v -g depth
dar -R . -O -wa -x pose -v -g pose
dar -R . -O -wa -x intrinsic -v -g intrinsic
Total running time: 0 minutes and 0 seconds.
Filetype options:  --export_color_images
Number of workers: 4
File 'scene0047_00' not found or not readable, it must be just a scene name.
Processing scenes from: /tmp/tmp.NZf8wMXnT6
------------------------
Running in parallel with 4 workers.
xargs: warning: options --max-args and --replace/-I/-i are mutually exclusive, ignoring previous --max-args value
Processing scene: scene0047_00
Deleting the folders that have been archived...
Completed processing: scene0047_00
------------------------
All scenes processed successfully!

To extract archives later, use:
dar -R . -O -wa -x color -v -g color
dar -R . -O -wa -x depth -v -g depth
dar -R . -O -wa -x pose -v -g pose
dar -R . -O -wa -x intrinsic -v -g intrinsic
Total running time: 0 minutes and 0 seconds.
Filetype options:  --export_color_images
Number of workers: 4
File 'scene0048_00' not found or not readable, it must be just a scene name.
Processing scenes from: /tmp/tmp.bk4ezYfrjq
------------------------
Running in parallel with 4 workers.
xargs: warning: options --max-args and --replace/-I/-i are mutually exclusive, ignoring previous --max-args value
Processing scene: scene0048_00
Deleting the folders that have been archived...
Completed processing: scene0048_00
------------------------
All scenes processed successfully!

To extract archives later, use:
dar -R . -O -wa -x color -v -g color
dar -R . -O -wa -x depth -v -g depth
dar -R . -O -wa -x pose -v -g pose
dar -R . -O -wa -x intrinsic -v -g intrinsic
Total running time: 0 minutes and 0 seconds.
Filetype options:  --export_color_images
Number of workers: 4
File 'scene0049_00' not found or not readable, it must be just a scene name.
Processing scenes from: /tmp/tmp.SQeDrdvQ3v
------------------------
Running in parallel with 4 workers.
xargs: warning: options --max-args and --replace/-I/-i are mutually exclusive, ignoring previous --max-args value
Processing scene: scene0049_00
Deleting the folders that have been archived...
Completed processing: scene0049_00
------------------------
All scenes processed successfully!

To extract archives later, use:
dar -R . -O -wa -x color -v -g color
dar -R . -O -wa -x depth -v -g depth
dar -R . -O -wa -x pose -v -g pose
dar -R . -O -wa -x intrinsic -v -g intrinsic
Total running time: 0 minutes and 0 seconds.
Filetype options:  --export_color_images
Number of workers: 4
File 'scene0051_00' not found or not readable, it must be just a scene name.
Processing scenes from: /tmp/tmp.1XS7T3VCa7
------------------------
Running in parallel with 4 workers.
xargs: warning: options --max-args and --replace/-I/-i are mutually exclusive, ignoring previous --max-args value
Processing scene: scene0051_00
Deleting the folders that have been archived...
Completed processing: scene0051_00
------------------------
All scenes processed successfully!

To extract archives later, use:
dar -R . -O -wa -x color -v -g color
dar -R . -O -wa -x depth -v -g depth
dar -R . -O -wa -x pose -v -g pose
dar -R . -O -wa -x intrinsic -v -g intrinsic
Total running time: 0 minutes and 0 seconds.
Filetype options:  --export_color_images
Number of workers: 4
File 'scene0052_00' not found or not readable, it must be just a scene name.
Processing scenes from: /tmp/tmp.Wa2m8xIzv7
------------------------
Running in parallel with 4 workers.
xargs: warning: options --max-args and --replace/-I/-i are mutually exclusive, ignoring previous --max-args value
Processing scene: scene0052_00
Deleting the folders that have been archived...
Completed processing: scene0052_00
------------------------
All scenes processed successfully!

To extract archives later, use:
dar -R . -O -wa -x color -v -g color
dar -R . -O -wa -x depth -v -g depth
dar -R . -O -wa -x pose -v -g pose
dar -R . -O -wa -x intrinsic -v -g intrinsic
Total running time: 0 minutes and 0 seconds.
Filetype options:  --export_color_images
Number of workers: 4
File 'scene0053_00' not found or not readable, it must be just a scene name.
Processing scenes from: /tmp/tmp.tBm3UBHQZF
------------------------
Running in parallel with 4 workers.
xargs: warning: options --max-args and --replace/-I/-i are mutually exclusive, ignoring previous --max-args value
Processing scene: scene0053_00
Deleting the folders that have been archived...
Completed processing: scene0053_00
------------------------
All scenes processed successfully!

To extract archives later, use:
dar -R . -O -wa -x color -v -g color
dar -R . -O -wa -x depth -v -g depth
dar -R . -O -wa -x pose -v -g pose
dar -R . -O -wa -x intrinsic -v -g intrinsic
Total running time: 0 minutes and 0 seconds.
Filetype options:  --export_color_images
Number of workers: 4
File 'scene0054_00' not found or not readable, it must be just a scene name.
Processing scenes from: /tmp/tmp.4XMZBZcnWA
------------------------
Running in parallel with 4 workers.
xargs: warning: options --max-args and --replace/-I/-i are mutually exclusive, ignoring previous --max-args value
Processing scene: scene0054_00
Deleting the folders that have been archived...
Completed processing: scene0054_00
------------------------
All scenes processed successfully!

To extract archives later, use:
dar -R . -O -wa -x color -v -g color
dar -R . -O -wa -x depth -v -g depth
dar -R . -O -wa -x pose -v -g pose
dar -R . -O -wa -x intrinsic -v -g intrinsic
Total running time: 0 minutes and 0 seconds.
Filetype options:  --export_color_images
Number of workers: 4
File 'scene0055_00' not found or not readable, it must be just a scene name.
Processing scenes from: /tmp/tmp.VcjBYcjE1d
------------------------
Running in parallel with 4 workers.
xargs: warning: options --max-args and --replace/-I/-i are mutually exclusive, ignoring previous --max-args value
Processing scene: scene0055_00
Deleting the folders that have been archived...
Completed processing: scene0055_00
------------------------
All scenes processed successfully!

To extract archives later, use:
dar -R . -O -wa -x color -v -g color
dar -R . -O -wa -x depth -v -g depth
dar -R . -O -wa -x pose -v -g pose
dar -R . -O -wa -x intrinsic -v -g intrinsic
Total running time: 0 minutes and 0 seconds.
Filetype options:  --export_color_images
Number of workers: 4
File 'scene0056_00' not found or not readable, it must be just a scene name.
Processing scenes from: /tmp/tmp.cENVgYjSOm
------------------------
Running in parallel with 4 workers.
xargs: warning: options --max-args and --replace/-I/-i are mutually exclusive, ignoring previous --max-args value
Processing scene: scene0056_00
Deleting the folders that have been archived...
Completed processing: scene0056_00
------------------------
All scenes processed successfully!

To extract archives later, use:
dar -R . -O -wa -x color -v -g color
dar -R . -O -wa -x depth -v -g depth
dar -R . -O -wa -x pose -v -g pose
dar -R . -O -wa -x intrinsic -v -g intrinsic
Total running time: 0 minutes and 0 seconds.
Filetype options:  --export_color_images
Number of workers: 4
File 'scene0057_00' not found or not readable, it must be just a scene name.
Processing scenes from: /tmp/tmp.IVVca2g4FM
------------------------
Running in parallel with 4 workers.
xargs: warning: options --max-args and --replace/-I/-i are mutually exclusive, ignoring previous --max-args value
Processing scene: scene0057_00
Deleting the folders that have been archived...
Completed processing: scene0057_00
------------------------
All scenes processed successfully!

To extract archives later, use:
dar -R . -O -wa -x color -v -g color
dar -R . -O -wa -x depth -v -g depth
dar -R . -O -wa -x pose -v -g pose
dar -R . -O -wa -x intrinsic -v -g intrinsic
Total running time: 0 minutes and 0 seconds.
Filetype options:  --export_color_images
Number of workers: 4
File 'scene0058_00' not found or not readable, it must be just a scene name.
Processing scenes from: /tmp/tmp.4B2b7HoyXM
------------------------
Running in parallel with 4 workers.
xargs: warning: options --max-args and --replace/-I/-i are mutually exclusive, ignoring previous --max-args value
Processing scene: scene0058_00
Deleting the folders that have been archived...
Completed processing: scene0058_00
------------------------
All scenes processed successfully!

To extract archives later, use:
dar -R . -O -wa -x color -v -g color
dar -R . -O -wa -x depth -v -g depth
dar -R . -O -wa -x pose -v -g pose
dar -R . -O -wa -x intrinsic -v -g intrinsic
Total running time: 0 minutes and 0 seconds.
Filetype options:  --export_color_images
Number of workers: 4
File 'scene0059_00' not found or not readable, it must be just a scene name.
Processing scenes from: /tmp/tmp.Yx1G8t9BW3
------------------------
Running in parallel with 4 workers.
xargs: warning: options --max-args and --replace/-I/-i are mutually exclusive, ignoring previous --max-args value
Processing scene: scene0059_00
Deleting the folders that have been archived...
Completed processing: scene0059_00
------------------------
All scenes processed successfully!

To extract archives later, use:
dar -R . -O -wa -x color -v -g color
dar -R . -O -wa -x depth -v -g depth
dar -R . -O -wa -x pose -v -g pose
dar -R . -O -wa -x intrinsic -v -g intrinsic
Total running time: 0 minutes and 0 seconds.
Filetype options:  --export_color_images
Number of workers: 4
File 'scene0060_00' not found or not readable, it must be just a scene name.
Processing scenes from: /tmp/tmp.Ns97638xZB
------------------------
Running in parallel with 4 workers.
xargs: warning: options --max-args and --replace/-I/-i are mutually exclusive, ignoring previous --max-args value
Processing scene: scene0060_00
Deleting the folders that have been archived...
Completed processing: scene0060_00
------------------------
All scenes processed successfully!

To extract archives later, use:
dar -R . -O -wa -x color -v -g color
dar -R . -O -wa -x depth -v -g depth
dar -R . -O -wa -x pose -v -g pose
dar -R . -O -wa -x intrinsic -v -g intrinsic
Total running time: 0 minutes and 0 seconds.
Filetype options:  --export_color_images
Number of workers: 4
File 'scene0061_00' not found or not readable, it must be just a scene name.
Processing scenes from: /tmp/tmp.7SwpJEvi7A
------------------------
Running in parallel with 4 workers.
xargs: warning: options --max-args and --replace/-I/-i are mutually exclusive, ignoring previous --max-args value
Processing scene: scene0061_00
Deleting the folders that have been archived...
Completed processing: scene0061_00
------------------------
All scenes processed successfully!

To extract archives later, use:
dar -R . -O -wa -x color -v -g color
dar -R . -O -wa -x depth -v -g depth
dar -R . -O -wa -x pose -v -g pose
dar -R . -O -wa -x intrinsic -v -g intrinsic
Total running time: 0 minutes and 0 seconds.
Filetype options:  --export_color_images
Number of workers: 4
File 'scene0062_00' not found or not readable, it must be just a scene name.
Processing scenes from: /tmp/tmp.5pkfMXmZPI
------------------------
Running in parallel with 4 workers.
xargs: warning: options --max-args and --replace/-I/-i are mutually exclusive, ignoring previous --max-args value
Processing scene: scene0062_00
Deleting the folders that have been archived...
Completed processing: scene0062_00
------------------------
All scenes processed successfully!

To extract archives later, use:
dar -R . -O -wa -x color -v -g color
dar -R . -O -wa -x depth -v -g depth
dar -R . -O -wa -x pose -v -g pose
dar -R . -O -wa -x intrinsic -v -g intrinsic
Total running time: 0 minutes and 0 seconds.
Filetype options:  --export_color_images
Number of workers: 4
File 'scene0065_00' not found or not readable, it must be just a scene name.
Processing scenes from: /tmp/tmp.xJDktWrcqA
------------------------
Running in parallel with 4 workers.
xargs: warning: options --max-args and --replace/-I/-i are mutually exclusive, ignoring previous --max-args value
Processing scene: scene0065_00
Deleting the folders that have been archived...
Completed processing: scene0065_00
------------------------
All scenes processed successfully!

To extract archives later, use:
dar -R . -O -wa -x color -v -g color
dar -R . -O -wa -x depth -v -g depth
dar -R . -O -wa -x pose -v -g pose
dar -R . -O -wa -x intrinsic -v -g intrinsic
Total running time: 0 minutes and 0 seconds.
Filetype options:  --export_color_images
Number of workers: 4
File 'scene0066_00' not found or not readable, it must be just a scene name.
Processing scenes from: /tmp/tmp.44yhX5rZGS
------------------------
Running in parallel with 4 workers.
xargs: warning: options --max-args and --replace/-I/-i are mutually exclusive, ignoring previous --max-args value
Processing scene: scene0066_00
Deleting the folders that have been archived...
Completed processing: scene0066_00
------------------------
All scenes processed successfully!

To extract archives later, use:
dar -R . -O -wa -x color -v -g color
dar -R . -O -wa -x depth -v -g depth
dar -R . -O -wa -x pose -v -g pose
dar -R . -O -wa -x intrinsic -v -g intrinsic
Total running time: 0 minutes and 0 seconds.
Filetype options:  --export_color_images
Number of workers: 4
File 'scene0067_00' not found or not readable, it must be just a scene name.
Processing scenes from: /tmp/tmp.q5IiRudY3b
------------------------
Running in parallel with 4 workers.
xargs: warning: options --max-args and --replace/-I/-i are mutually exclusive, ignoring previous --max-args value
Processing scene: scene0067_00
Deleting the folders that have been archived...
Completed processing: scene0067_00
------------------------
All scenes processed successfully!

To extract archives later, use:
dar -R . -O -wa -x color -v -g color
dar -R . -O -wa -x depth -v -g depth
dar -R . -O -wa -x pose -v -g pose
dar -R . -O -wa -x intrinsic -v -g intrinsic
Total running time: 0 minutes and 0 seconds.
Filetype options:  --export_color_images
Number of workers: 4
File 'scene0068_00' not found or not readable, it must be just a scene name.
Processing scenes from: /tmp/tmp.OiUjew5d3w
------------------------
Running in parallel with 4 workers.
xargs: warning: options --max-args and --replace/-I/-i are mutually exclusive, ignoring previous --max-args value
Processing scene: scene0068_00
Deleting the folders that have been archived...
Completed processing: scene0068_00
------------------------
All scenes processed successfully!

To extract archives later, use:
dar -R . -O -wa -x color -v -g color
dar -R . -O -wa -x depth -v -g depth
dar -R . -O -wa -x pose -v -g pose
dar -R . -O -wa -x intrinsic -v -g intrinsic
Total running time: 0 minutes and 0 seconds.
Filetype options:  --export_color_images
Number of workers: 4
File 'scene0070_00' not found or not readable, it must be just a scene name.
Processing scenes from: /tmp/tmp.gC5DUcMVH5
------------------------
Running in parallel with 4 workers.
xargs: warning: options --max-args and --replace/-I/-i are mutually exclusive, ignoring previous --max-args value
Processing scene: scene0070_00
Deleting the folders that have been archived...
Completed processing: scene0070_00
------------------------
All scenes processed successfully!

To extract archives later, use:
dar -R . -O -wa -x color -v -g color
dar -R . -O -wa -x depth -v -g depth
dar -R . -O -wa -x pose -v -g pose
dar -R . -O -wa -x intrinsic -v -g intrinsic
Total running time: 0 minutes and 0 seconds.
Filetype options:  --export_color_images
Number of workers: 4
File 'scene0072_00' not found or not readable, it must be just a scene name.
Processing scenes from: /tmp/tmp.75GsO2NE4I
------------------------
Running in parallel with 4 workers.
xargs: warning: options --max-args and --replace/-I/-i are mutually exclusive, ignoring previous --max-args value
Processing scene: scene0072_00
Deleting the folders that have been archived...
Completed processing: scene0072_00
------------------------
All scenes processed successfully!

To extract archives later, use:
dar -R . -O -wa -x color -v -g color
dar -R . -O -wa -x depth -v -g depth
dar -R . -O -wa -x pose -v -g pose
dar -R . -O -wa -x intrinsic -v -g intrinsic
Total running time: 0 minutes and 0 seconds.
Filetype options:  --export_color_images
Number of workers: 4
File 'scene0073_00' not found or not readable, it must be just a scene name.
Processing scenes from: /tmp/tmp.h0pJwM3jCu
------------------------
Running in parallel with 4 workers.
xargs: warning: options --max-args and --replace/-I/-i are mutually exclusive, ignoring previous --max-args value
Processing scene: scene0073_00
Deleting the folders that have been archived...
Completed processing: scene0073_00
------------------------
All scenes processed successfully!

To extract archives later, use:
dar -R . -O -wa -x color -v -g color
dar -R . -O -wa -x depth -v -g depth
dar -R . -O -wa -x pose -v -g pose
dar -R . -O -wa -x intrinsic -v -g intrinsic
Total running time: 0 minutes and 0 seconds.
Filetype options:  --export_color_images
Number of workers: 4
File 'scene0075_00' not found or not readable, it must be just a scene name.
Processing scenes from: /tmp/tmp.heCvM1MPAk
------------------------
Running in parallel with 4 workers.
xargs: warning: options --max-args and --replace/-I/-i are mutually exclusive, ignoring previous --max-args value
Processing scene: scene0075_00
Deleting the folders that have been archived...
Completed processing: scene0075_00
------------------------
All scenes processed successfully!

To extract archives later, use:
dar -R . -O -wa -x color -v -g color
dar -R . -O -wa -x depth -v -g depth
dar -R . -O -wa -x pose -v -g pose
dar -R . -O -wa -x intrinsic -v -g intrinsic
Total running time: 0 minutes and 0 seconds.
Filetype options:  --export_color_images
Number of workers: 4
File 'scene0076_00' not found or not readable, it must be just a scene name.
Processing scenes from: /tmp/tmp.btvGDT4hnz
------------------------
Running in parallel with 4 workers.
xargs: warning: options --max-args and --replace/-I/-i are mutually exclusive, ignoring previous --max-args value
Processing scene: scene0076_00
Deleting the folders that have been archived...
Completed processing: scene0076_00
------------------------
All scenes processed successfully!

To extract archives later, use:
dar -R . -O -wa -x color -v -g color
dar -R . -O -wa -x depth -v -g depth
dar -R . -O -wa -x pose -v -g pose
dar -R . -O -wa -x intrinsic -v -g intrinsic
Total running time: 0 minutes and 0 seconds.
Filetype options:  --export_color_images
Number of workers: 4
File 'scene0078_00' not found or not readable, it must be just a scene name.
Processing scenes from: /tmp/tmp.cSev4iKP1o
------------------------
Running in parallel with 4 workers.
xargs: warning: options --max-args and --replace/-I/-i are mutually exclusive, ignoring previous --max-args value
Processing scene: scene0078_00
Deleting the folders that have been archived...
Completed processing: scene0078_00
------------------------
All scenes processed successfully!

To extract archives later, use:
dar -R . -O -wa -x color -v -g color
dar -R . -O -wa -x depth -v -g depth
dar -R . -O -wa -x pose -v -g pose
dar -R . -O -wa -x intrinsic -v -g intrinsic
Total running time: 0 minutes and 0 seconds.
Filetype options:  --export_color_images
Number of workers: 4
File 'scene0079_00' not found or not readable, it must be just a scene name.
Processing scenes from: /tmp/tmp.Kn9DRjZIDX
------------------------
Running in parallel with 4 workers.
xargs: warning: options --max-args and --replace/-I/-i are mutually exclusive, ignoring previous --max-args value
Processing scene: scene0079_00
Deleting the folders that have been archived...
Completed processing: scene0079_00
------------------------
All scenes processed successfully!

To extract archives later, use:
dar -R . -O -wa -x color -v -g color
dar -R . -O -wa -x depth -v -g depth
dar -R . -O -wa -x pose -v -g pose
dar -R . -O -wa -x intrinsic -v -g intrinsic
Total running time: 0 minutes and 0 seconds.
Filetype options:  --export_color_images
Number of workers: 4
File 'scene0080_00' not found or not readable, it must be just a scene name.
Processing scenes from: /tmp/tmp.nqGBBktn4t
------------------------
Running in parallel with 4 workers.
xargs: warning: options --max-args and --replace/-I/-i are mutually exclusive, ignoring previous --max-args value
Processing scene: scene0080_00
Deleting the folders that have been archived...
Completed processing: scene0080_00
------------------------
All scenes processed successfully!

To extract archives later, use:
dar -R . -O -wa -x color -v -g color
dar -R . -O -wa -x depth -v -g depth
dar -R . -O -wa -x pose -v -g pose
dar -R . -O -wa -x intrinsic -v -g intrinsic
Total running time: 0 minutes and 0 seconds.
Filetype options:  --export_color_images
Number of workers: 4
File 'scene0082_00' not found or not readable, it must be just a scene name.
Processing scenes from: /tmp/tmp.9NzoE7nS1p
------------------------
Running in parallel with 4 workers.
xargs: warning: options --max-args and --replace/-I/-i are mutually exclusive, ignoring previous --max-args value
Processing scene: scene0082_00
Deleting the folders that have been archived...
Completed processing: scene0082_00
------------------------
All scenes processed successfully!

To extract archives later, use:
dar -R . -O -wa -x color -v -g color
dar -R . -O -wa -x depth -v -g depth
dar -R . -O -wa -x pose -v -g pose
dar -R . -O -wa -x intrinsic -v -g intrinsic
Total running time: 0 minutes and 0 seconds.
Filetype options:  --export_color_images
Number of workers: 4
File 'scene0083_00' not found or not readable, it must be just a scene name.
Processing scenes from: /tmp/tmp.E0U5tEBopq
------------------------
Running in parallel with 4 workers.
xargs: warning: options --max-args and --replace/-I/-i are mutually exclusive, ignoring previous --max-args value
Processing scene: scene0083_00
Deleting the folders that have been archived...
Completed processing: scene0083_00
------------------------
All scenes processed successfully!

To extract archives later, use:
dar -R . -O -wa -x color -v -g color
dar -R . -O -wa -x depth -v -g depth
dar -R . -O -wa -x pose -v -g pose
dar -R . -O -wa -x intrinsic -v -g intrinsic
Total running time: 0 minutes and 0 seconds.
Filetype options:  --export_color_images
Number of workers: 4
File 'scene0085_00' not found or not readable, it must be just a scene name.
Processing scenes from: /tmp/tmp.2mkY5obnhF
------------------------
Running in parallel with 4 workers.
xargs: warning: options --max-args and --replace/-I/-i are mutually exclusive, ignoring previous --max-args value
Processing scene: scene0085_00
Deleting the folders that have been archived...
Completed processing: scene0085_00
------------------------
All scenes processed successfully!

To extract archives later, use:
dar -R . -O -wa -x color -v -g color
dar -R . -O -wa -x depth -v -g depth
dar -R . -O -wa -x pose -v -g pose
dar -R . -O -wa -x intrinsic -v -g intrinsic
Total running time: 0 minutes and 0 seconds.
Filetype options:  --export_color_images
Number of workers: 4
File 'scene0087_00' not found or not readable, it must be just a scene name.
Processing scenes from: /tmp/tmp.m9xqV9XgE6
------------------------
Running in parallel with 4 workers.
xargs: warning: options --max-args and --replace/-I/-i are mutually exclusive, ignoring previous --max-args value
Processing scene: scene0087_00
Deleting the folders that have been archived...
Completed processing: scene0087_00
------------------------
All scenes processed successfully!

To extract archives later, use:
dar -R . -O -wa -x color -v -g color
dar -R . -O -wa -x depth -v -g depth
dar -R . -O -wa -x pose -v -g pose
dar -R . -O -wa -x intrinsic -v -g intrinsic
Total running time: 0 minutes and 0 seconds.
Filetype options:  --export_color_images
Number of workers: 4
File 'scene0089_00' not found or not readable, it must be just a scene name.
Processing scenes from: /tmp/tmp.7MWff3J9S4
------------------------
Running in parallel with 4 workers.
xargs: warning: options --max-args and --replace/-I/-i are mutually exclusive, ignoring previous --max-args value
Processing scene: scene0089_00
Deleting the folders that have been archived...
Completed processing: scene0089_00
------------------------
All scenes processed successfully!

To extract archives later, use:
dar -R . -O -wa -x color -v -g color
dar -R . -O -wa -x depth -v -g depth
dar -R . -O -wa -x pose -v -g pose
dar -R . -O -wa -x intrinsic -v -g intrinsic
Total running time: 0 minutes and 0 seconds.
Filetype options:  --export_color_images
Number of workers: 4
File 'scene0090_00' not found or not readable, it must be just a scene name.
Processing scenes from: /tmp/tmp.IQkNpjYOnV
------------------------
Running in parallel with 4 workers.
xargs: warning: options --max-args and --replace/-I/-i are mutually exclusive, ignoring previous --max-args value
Processing scene: scene0090_00
Deleting the folders that have been archived...
Completed processing: scene0090_00
------------------------
All scenes processed successfully!

To extract archives later, use:
dar -R . -O -wa -x color -v -g color
dar -R . -O -wa -x depth -v -g depth
dar -R . -O -wa -x pose -v -g pose
dar -R . -O -wa -x intrinsic -v -g intrinsic
Total running time: 0 minutes and 0 seconds.
Filetype options:  --export_color_images
Number of workers: 4
File 'scene0091_00' not found or not readable, it must be just a scene name.
Processing scenes from: /tmp/tmp.WieFPQgdx4
------------------------
Running in parallel with 4 workers.
xargs: warning: options --max-args and --replace/-I/-i are mutually exclusive, ignoring previous --max-args value
Processing scene: scene0091_00
Deleting the folders that have been archived...
Completed processing: scene0091_00
------------------------
All scenes processed successfully!

To extract archives later, use:
dar -R . -O -wa -x color -v -g color
dar -R . -O -wa -x depth -v -g depth
dar -R . -O -wa -x pose -v -g pose
dar -R . -O -wa -x intrinsic -v -g intrinsic
Total running time: 0 minutes and 0 seconds.
Filetype options:  --export_color_images
Number of workers: 4
File 'scene0092_00' not found or not readable, it must be just a scene name.
Processing scenes from: /tmp/tmp.TrxcAqsnfo
------------------------
Running in parallel with 4 workers.
xargs: warning: options --max-args and --replace/-I/-i are mutually exclusive, ignoring previous --max-args value
Processing scene: scene0092_00
Deleting the folders that have been archived...
Completed processing: scene0092_00
------------------------
All scenes processed successfully!

To extract archives later, use:
dar -R . -O -wa -x color -v -g color
dar -R . -O -wa -x depth -v -g depth
dar -R . -O -wa -x pose -v -g pose
dar -R . -O -wa -x intrinsic -v -g intrinsic
Total running time: 0 minutes and 0 seconds.
Filetype options:  --export_color_images
Number of workers: 4
File 'scene0093_00' not found or not readable, it must be just a scene name.
Processing scenes from: /tmp/tmp.n1AnsnG6AL
------------------------
Running in parallel with 4 workers.
xargs: warning: options --max-args and --replace/-I/-i are mutually exclusive, ignoring previous --max-args value
Processing scene: scene0093_00
Deleting the folders that have been archived...
Completed processing: scene0093_00
------------------------
All scenes processed successfully!

To extract archives later, use:
dar -R . -O -wa -x color -v -g color
dar -R . -O -wa -x depth -v -g depth
dar -R . -O -wa -x pose -v -g pose
dar -R . -O -wa -x intrinsic -v -g intrinsic
Total running time: 0 minutes and 0 seconds.
Filetype options:  --export_color_images
Number of workers: 4
File 'scene0094_00' not found or not readable, it must be just a scene name.
Processing scenes from: /tmp/tmp.bZUg4kG1Or
------------------------
Running in parallel with 4 workers.
xargs: warning: options --max-args and --replace/-I/-i are mutually exclusive, ignoring previous --max-args value
Processing scene: scene0094_00
Deleting the folders that have been archived...
Completed processing: scene0094_00
------------------------
All scenes processed successfully!

To extract archives later, use:
dar -R . -O -wa -x color -v -g color
dar -R . -O -wa -x depth -v -g depth
dar -R . -O -wa -x pose -v -g pose
dar -R . -O -wa -x intrinsic -v -g intrinsic
Total running time: 0 minutes and 0 seconds.
Filetype options:  --export_color_images
Number of workers: 4
File 'scene0096_00' not found or not readable, it must be just a scene name.
Processing scenes from: /tmp/tmp.3S2avksYGs
------------------------
Running in parallel with 4 workers.
xargs: warning: options --max-args and --replace/-I/-i are mutually exclusive, ignoring previous --max-args value
Processing scene: scene0096_00
Deleting the folders that have been archived...
Completed processing: scene0096_00
------------------------
All scenes processed successfully!

To extract archives later, use:
dar -R . -O -wa -x color -v -g color
dar -R . -O -wa -x depth -v -g depth
dar -R . -O -wa -x pose -v -g pose
dar -R . -O -wa -x intrinsic -v -g intrinsic
Total running time: 0 minutes and 0 seconds.
Filetype options:  --export_color_images
Number of workers: 4
File 'scene0097_00' not found or not readable, it must be just a scene name.
Processing scenes from: /tmp/tmp.eDGbCYJ3vY
------------------------
Running in parallel with 4 workers.
xargs: warning: options --max-args and --replace/-I/-i are mutually exclusive, ignoring previous --max-args value
Processing scene: scene0097_00
Deleting the folders that have been archived...
Completed processing: scene0097_00
------------------------
All scenes processed successfully!

To extract archives later, use:
dar -R . -O -wa -x color -v -g color
dar -R . -O -wa -x depth -v -g depth
dar -R . -O -wa -x pose -v -g pose
dar -R . -O -wa -x intrinsic -v -g intrinsic
Total running time: 0 minutes and 0 seconds.
Filetype options:  --export_color_images
Number of workers: 4
File 'scene0098_00' not found or not readable, it must be just a scene name.
Processing scenes from: /tmp/tmp.uZPt83wUR6
------------------------
Running in parallel with 4 workers.
xargs: warning: options --max-args and --replace/-I/-i are mutually exclusive, ignoring previous --max-args value
Processing scene: scene0098_00
Deleting the folders that have been archived...
Completed processing: scene0098_00
------------------------
All scenes processed successfully!

To extract archives later, use:
dar -R . -O -wa -x color -v -g color
dar -R . -O -wa -x depth -v -g depth
dar -R . -O -wa -x pose -v -g pose
dar -R . -O -wa -x intrinsic -v -g intrinsic
Total running time: 0 minutes and 0 seconds.
Filetype options:  --export_color_images
Number of workers: 4
File 'scene0101_00' not found or not readable, it must be just a scene name.
Processing scenes from: /tmp/tmp.IpjkjtxuYd
------------------------
Running in parallel with 4 workers.
xargs: warning: options --max-args and --replace/-I/-i are mutually exclusive, ignoring previous --max-args value
Processing scene: scene0101_00
Deleting the folders that have been archived...
Completed processing: scene0101_00
------------------------
All scenes processed successfully!

To extract archives later, use:
dar -R . -O -wa -x color -v -g color
dar -R . -O -wa -x depth -v -g depth
dar -R . -O -wa -x pose -v -g pose
dar -R . -O -wa -x intrinsic -v -g intrinsic
Total running time: 0 minutes and 0 seconds.
Filetype options:  --export_color_images
Number of workers: 4
File 'scene0102_00' not found or not readable, it must be just a scene name.
Processing scenes from: /tmp/tmp.BwcOFxrcGR
------------------------
Running in parallel with 4 workers.
xargs: warning: options --max-args and --replace/-I/-i are mutually exclusive, ignoring previous --max-args value
Processing scene: scene0102_00
Deleting the folders that have been archived...
Completed processing: scene0102_00
------------------------
All scenes processed successfully!

To extract archives later, use:
dar -R . -O -wa -x color -v -g color
dar -R . -O -wa -x depth -v -g depth
dar -R . -O -wa -x pose -v -g pose
dar -R . -O -wa -x intrinsic -v -g intrinsic
Total running time: 0 minutes and 0 seconds.
Filetype options:  --export_color_images
Number of workers: 4
File 'scene0103_00' not found or not readable, it must be just a scene name.
Processing scenes from: /tmp/tmp.esqyvskAAI
------------------------
Running in parallel with 4 workers.
xargs: warning: options --max-args and --replace/-I/-i are mutually exclusive, ignoring previous --max-args value
Processing scene: scene0103_00
Deleting the folders that have been archived...
Completed processing: scene0103_00
------------------------
All scenes processed successfully!

To extract archives later, use:
dar -R . -O -wa -x color -v -g color
dar -R . -O -wa -x depth -v -g depth
dar -R . -O -wa -x pose -v -g pose
dar -R . -O -wa -x intrinsic -v -g intrinsic
Total running time: 0 minutes and 0 seconds.
Filetype options:  --export_color_images
Number of workers: 4
File 'scene0104_00' not found or not readable, it must be just a scene name.
Processing scenes from: /tmp/tmp.YeoGTJUjlC
------------------------
Running in parallel with 4 workers.
xargs: warning: options --max-args and --replace/-I/-i are mutually exclusive, ignoring previous --max-args value
Processing scene: scene0104_00
Deleting the folders that have been archived...
Completed processing: scene0104_00
------------------------
All scenes processed successfully!

To extract archives later, use:
dar -R . -O -wa -x color -v -g color
dar -R . -O -wa -x depth -v -g depth
dar -R . -O -wa -x pose -v -g pose
dar -R . -O -wa -x intrinsic -v -g intrinsic
Total running time: 0 minutes and 0 seconds.
Filetype options:  --export_color_images
Number of workers: 4
File 'scene0105_00' not found or not readable, it must be just a scene name.
Processing scenes from: /tmp/tmp.UrQGgl2LOM
------------------------
Running in parallel with 4 workers.
xargs: warning: options --max-args and --replace/-I/-i are mutually exclusive, ignoring previous --max-args value
Processing scene: scene0105_00
Deleting the folders that have been archived...
Completed processing: scene0105_00
------------------------
All scenes processed successfully!

To extract archives later, use:
dar -R . -O -wa -x color -v -g color
dar -R . -O -wa -x depth -v -g depth
dar -R . -O -wa -x pose -v -g pose
dar -R . -O -wa -x intrinsic -v -g intrinsic
Total running time: 0 minutes and 0 seconds.
Filetype options:  --export_color_images
Number of workers: 4
File 'scene0106_00' not found or not readable, it must be just a scene name.
Processing scenes from: /tmp/tmp.fp9l87VvFT
------------------------
Running in parallel with 4 workers.
xargs: warning: options --max-args and --replace/-I/-i are mutually exclusive, ignoring previous --max-args value
Processing scene: scene0106_00
Deleting the folders that have been archived...
Completed processing: scene0106_00
------------------------
All scenes processed successfully!

To extract archives later, use:
dar -R . -O -wa -x color -v -g color
dar -R . -O -wa -x depth -v -g depth
dar -R . -O -wa -x pose -v -g pose
dar -R . -O -wa -x intrinsic -v -g intrinsic
Total running time: 0 minutes and 0 seconds.
Filetype options:  --export_color_images
Number of workers: 4
File 'scene0107_00' not found or not readable, it must be just a scene name.
Processing scenes from: /tmp/tmp.ksSQ63A6m8
------------------------
Running in parallel with 4 workers.
xargs: warning: options --max-args and --replace/-I/-i are mutually exclusive, ignoring previous --max-args value
Processing scene: scene0107_00
Deleting the folders that have been archived...
Completed processing: scene0107_00
------------------------
All scenes processed successfully!

To extract archives later, use:
dar -R . -O -wa -x color -v -g color
dar -R . -O -wa -x depth -v -g depth
dar -R . -O -wa -x pose -v -g pose
dar -R . -O -wa -x intrinsic -v -g intrinsic
Total running time: 0 minutes and 0 seconds.
Filetype options:  --export_color_images
Number of workers: 4
File 'scene0108_00' not found or not readable, it must be just a scene name.
Processing scenes from: /tmp/tmp.NtXt29Ctz0
------------------------
Running in parallel with 4 workers.
xargs: warning: options --max-args and --replace/-I/-i are mutually exclusive, ignoring previous --max-args value
Processing scene: scene0108_00
Deleting the folders that have been archived...
Completed processing: scene0108_00
------------------------
All scenes processed successfully!

To extract archives later, use:
dar -R . -O -wa -x color -v -g color
dar -R . -O -wa -x depth -v -g depth
dar -R . -O -wa -x pose -v -g pose
dar -R . -O -wa -x intrinsic -v -g intrinsic
Total running time: 0 minutes and 0 seconds.
Filetype options:  --export_color_images
Number of workers: 4
File 'scene0109_00' not found or not readable, it must be just a scene name.
Processing scenes from: /tmp/tmp.Z37EDTFI78
------------------------
Running in parallel with 4 workers.
xargs: warning: options --max-args and --replace/-I/-i are mutually exclusive, ignoring previous --max-args value
Processing scene: scene0109_00
Deleting the folders that have been archived...
Completed processing: scene0109_00
------------------------
All scenes processed successfully!

To extract archives later, use:
dar -R . -O -wa -x color -v -g color
dar -R . -O -wa -x depth -v -g depth
dar -R . -O -wa -x pose -v -g pose
dar -R . -O -wa -x intrinsic -v -g intrinsic
Total running time: 0 minutes and 0 seconds.
Filetype options:  --export_color_images
Number of workers: 4
File 'scene0110_00' not found or not readable, it must be just a scene name.
Processing scenes from: /tmp/tmp.fgE05eYZnX
------------------------
Running in parallel with 4 workers.
xargs: warning: options --max-args and --replace/-I/-i are mutually exclusive, ignoring previous --max-args value
Processing scene: scene0110_00
Deleting the folders that have been archived...
Completed processing: scene0110_00
------------------------
All scenes processed successfully!

To extract archives later, use:
dar -R . -O -wa -x color -v -g color
dar -R . -O -wa -x depth -v -g depth
dar -R . -O -wa -x pose -v -g pose
dar -R . -O -wa -x intrinsic -v -g intrinsic
Total running time: 0 minutes and 0 seconds.
Filetype options:  --export_color_images
Number of workers: 4
File 'scene0111_00' not found or not readable, it must be just a scene name.
Processing scenes from: /tmp/tmp.W42XWGEu7W
------------------------
Running in parallel with 4 workers.
xargs: warning: options --max-args and --replace/-I/-i are mutually exclusive, ignoring previous --max-args value
Processing scene: scene0111_00
Deleting the folders that have been archived...
Completed processing: scene0111_00
------------------------
All scenes processed successfully!

To extract archives later, use:
dar -R . -O -wa -x color -v -g color
dar -R . -O -wa -x depth -v -g depth
dar -R . -O -wa -x pose -v -g pose
dar -R . -O -wa -x intrinsic -v -g intrinsic
Total running time: 0 minutes and 0 seconds.
Filetype options:  --export_color_images
Number of workers: 4
File 'scene0112_00' not found or not readable, it must be just a scene name.
Processing scenes from: /tmp/tmp.3t2ivYoLJR
------------------------
Running in parallel with 4 workers.
xargs: warning: options --max-args and --replace/-I/-i are mutually exclusive, ignoring previous --max-args value
Processing scene: scene0112_00
Deleting the folders that have been archived...
Completed processing: scene0112_00
------------------------
All scenes processed successfully!

To extract archives later, use:
dar -R . -O -wa -x color -v -g color
dar -R . -O -wa -x depth -v -g depth
dar -R . -O -wa -x pose -v -g pose
dar -R . -O -wa -x intrinsic -v -g intrinsic
Total running time: 0 minutes and 0 seconds.
Filetype options:  --export_color_images
Number of workers: 4
File 'scene0114_00' not found or not readable, it must be just a scene name.
Processing scenes from: /tmp/tmp.fDwoK38MDM
------------------------
Running in parallel with 4 workers.
xargs: warning: options --max-args and --replace/-I/-i are mutually exclusive, ignoring previous --max-args value
Processing scene: scene0114_00
Deleting the folders that have been archived...
Completed processing: scene0114_00
------------------------
All scenes processed successfully!

To extract archives later, use:
dar -R . -O -wa -x color -v -g color
dar -R . -O -wa -x depth -v -g depth
dar -R . -O -wa -x pose -v -g pose
dar -R . -O -wa -x intrinsic -v -g intrinsic
Total running time: 0 minutes and 0 seconds.
Filetype options:  --export_color_images
Number of workers: 4
File 'scene0115_00' not found or not readable, it must be just a scene name.
Processing scenes from: /tmp/tmp.sa2RuQdW2J
------------------------
Running in parallel with 4 workers.
xargs: warning: options --max-args and --replace/-I/-i are mutually exclusive, ignoring previous --max-args value
Processing scene: scene0115_00
Deleting the folders that have been archived...
Completed processing: scene0115_00
------------------------
All scenes processed successfully!

To extract archives later, use:
dar -R . -O -wa -x color -v -g color
dar -R . -O -wa -x depth -v -g depth
dar -R . -O -wa -x pose -v -g pose
dar -R . -O -wa -x intrinsic -v -g intrinsic
Total running time: 0 minutes and 0 seconds.
Filetype options:  --export_color_images
Number of workers: 4
File 'scene0116_00' not found or not readable, it must be just a scene name.
Processing scenes from: /tmp/tmp.KqMDDevJ9p
------------------------
Running in parallel with 4 workers.
xargs: warning: options --max-args and --replace/-I/-i are mutually exclusive, ignoring previous --max-args value
Processing scene: scene0116_00
Deleting the folders that have been archived...
Completed processing: scene0116_00
------------------------
All scenes processed successfully!

To extract archives later, use:
dar -R . -O -wa -x color -v -g color
dar -R . -O -wa -x depth -v -g depth
dar -R . -O -wa -x pose -v -g pose
dar -R . -O -wa -x intrinsic -v -g intrinsic
Total running time: 0 minutes and 0 seconds.
Filetype options:  --export_color_images
Number of workers: 4
File 'scene0117_00' not found or not readable, it must be just a scene name.
Processing scenes from: /tmp/tmp.MKHiSIwB06
------------------------
Running in parallel with 4 workers.
xargs: warning: options --max-args and --replace/-I/-i are mutually exclusive, ignoring previous --max-args value
Processing scene: scene0117_00
Deleting the folders that have been archived...
Completed processing: scene0117_00
------------------------
All scenes processed successfully!

To extract archives later, use:
dar -R . -O -wa -x color -v -g color
dar -R . -O -wa -x depth -v -g depth
dar -R . -O -wa -x pose -v -g pose
dar -R . -O -wa -x intrinsic -v -g intrinsic
Total running time: 0 minutes and 0 seconds.
Filetype options:  --export_color_images
Number of workers: 4
File 'scene0118_00' not found or not readable, it must be just a scene name.
Processing scenes from: /tmp/tmp.s9HI5oJxIa
------------------------
Running in parallel with 4 workers.
xargs: warning: options --max-args and --replace/-I/-i are mutually exclusive, ignoring previous --max-args value
Processing scene: scene0118_00
Deleting the folders that have been archived...
Completed processing: scene0118_00
------------------------
All scenes processed successfully!

To extract archives later, use:
dar -R . -O -wa -x color -v -g color
dar -R . -O -wa -x depth -v -g depth
dar -R . -O -wa -x pose -v -g pose
dar -R . -O -wa -x intrinsic -v -g intrinsic
Total running time: 0 minutes and 0 seconds.
Filetype options:  --export_color_images
Number of workers: 4
File 'scene0119_00' not found or not readable, it must be just a scene name.
Processing scenes from: /tmp/tmp.mnrQOwXWc3
------------------------
Running in parallel with 4 workers.
xargs: warning: options --max-args and --replace/-I/-i are mutually exclusive, ignoring previous --max-args value
Processing scene: scene0119_00
Deleting the folders that have been archived...
Completed processing: scene0119_00
------------------------
All scenes processed successfully!

To extract archives later, use:
dar -R . -O -wa -x color -v -g color
dar -R . -O -wa -x depth -v -g depth
dar -R . -O -wa -x pose -v -g pose
dar -R . -O -wa -x intrinsic -v -g intrinsic
Total running time: 0 minutes and 0 seconds.
Filetype options:  --export_color_images
Number of workers: 4
File 'scene0120_00' not found or not readable, it must be just a scene name.
Processing scenes from: /tmp/tmp.qVZSFNTc1n
------------------------
Running in parallel with 4 workers.
xargs: warning: options --max-args and --replace/-I/-i are mutually exclusive, ignoring previous --max-args value
Processing scene: scene0120_00
Deleting the folders that have been archived...
Completed processing: scene0120_00
------------------------
All scenes processed successfully!

To extract archives later, use:
dar -R . -O -wa -x color -v -g color
dar -R . -O -wa -x depth -v -g depth
dar -R . -O -wa -x pose -v -g pose
dar -R . -O -wa -x intrinsic -v -g intrinsic
Total running time: 0 minutes and 0 seconds.
Filetype options:  --export_color_images
Number of workers: 4
File 'scene0121_00' not found or not readable, it must be just a scene name.
Processing scenes from: /tmp/tmp.09Ua5WKZMO
------------------------
Running in parallel with 4 workers.
xargs: warning: options --max-args and --replace/-I/-i are mutually exclusive, ignoring previous --max-args value
Processing scene: scene0121_00
Deleting the folders that have been archived...
Completed processing: scene0121_00
------------------------
All scenes processed successfully!

To extract archives later, use:
dar -R . -O -wa -x color -v -g color
dar -R . -O -wa -x depth -v -g depth
dar -R . -O -wa -x pose -v -g pose
dar -R . -O -wa -x intrinsic -v -g intrinsic
Total running time: 0 minutes and 1 seconds.
Filetype options:  --export_color_images
Number of workers: 4
File 'scene0122_00' not found or not readable, it must be just a scene name.
Processing scenes from: /tmp/tmp.Ib5atY1qwq
------------------------
Running in parallel with 4 workers.
xargs: warning: options --max-args and --replace/-I/-i are mutually exclusive, ignoring previous --max-args value
Processing scene: scene0122_00
Deleting the folders that have been archived...
Completed processing: scene0122_00
------------------------
All scenes processed successfully!

To extract archives later, use:
dar -R . -O -wa -x color -v -g color
dar -R . -O -wa -x depth -v -g depth
dar -R . -O -wa -x pose -v -g pose
dar -R . -O -wa -x intrinsic -v -g intrinsic
Total running time: 0 minutes and 0 seconds.
Filetype options:  --export_color_images
Number of workers: 4
File 'scene0123_00' not found or not readable, it must be just a scene name.
Processing scenes from: /tmp/tmp.6arPFTNM98
------------------------
Running in parallel with 4 workers.
xargs: warning: options --max-args and --replace/-I/-i are mutually exclusive, ignoring previous --max-args value
Processing scene: scene0123_00
Deleting the folders that have been archived...
Completed processing: scene0123_00
------------------------
All scenes processed successfully!

To extract archives later, use:
dar -R . -O -wa -x color -v -g color
dar -R . -O -wa -x depth -v -g depth
dar -R . -O -wa -x pose -v -g pose
dar -R . -O -wa -x intrinsic -v -g intrinsic
Total running time: 0 minutes and 0 seconds.
Filetype options:  --export_color_images
Number of workers: 4
File 'scene0124_00' not found or not readable, it must be just a scene name.
Processing scenes from: /tmp/tmp.1smJQmjHbE
------------------------
Running in parallel with 4 workers.
xargs: warning: options --max-args and --replace/-I/-i are mutually exclusive, ignoring previous --max-args value
Processing scene: scene0124_00
Deleting the folders that have been archived...
Completed processing: scene0124_00
------------------------
All scenes processed successfully!

To extract archives later, use:
dar -R . -O -wa -x color -v -g color
dar -R . -O -wa -x depth -v -g depth
dar -R . -O -wa -x pose -v -g pose
dar -R . -O -wa -x intrinsic -v -g intrinsic
Total running time: 0 minutes and 0 seconds.
Filetype options:  --export_color_images
Number of workers: 4
File 'scene0126_00' not found or not readable, it must be just a scene name.
Processing scenes from: /tmp/tmp.WOhIcE1lhw
------------------------
Running in parallel with 4 workers.
xargs: warning: options --max-args and --replace/-I/-i are mutually exclusive, ignoring previous --max-args value
Processing scene: scene0126_00
Deleting the folders that have been archived...
Completed processing: scene0126_00
------------------------
All scenes processed successfully!

To extract archives later, use:
dar -R . -O -wa -x color -v -g color
dar -R . -O -wa -x depth -v -g depth
dar -R . -O -wa -x pose -v -g pose
dar -R . -O -wa -x intrinsic -v -g intrinsic
Total running time: 0 minutes and 0 seconds.
Filetype options:  --export_color_images
Number of workers: 4
File 'scene0127_00' not found or not readable, it must be just a scene name.
Processing scenes from: /tmp/tmp.wtcSLp0viU
------------------------
Running in parallel with 4 workers.
xargs: warning: options --max-args and --replace/-I/-i are mutually exclusive, ignoring previous --max-args value
Processing scene: scene0127_00
Deleting the folders that have been archived...
Completed processing: scene0127_00
------------------------
All scenes processed successfully!

To extract archives later, use:
dar -R . -O -wa -x color -v -g color
dar -R . -O -wa -x depth -v -g depth
dar -R . -O -wa -x pose -v -g pose
dar -R . -O -wa -x intrinsic -v -g intrinsic
Total running time: 0 minutes and 0 seconds.
Filetype options:  --export_color_images
Number of workers: 4
File 'scene0128_00' not found or not readable, it must be just a scene name.
Processing scenes from: /tmp/tmp.mYSWMLxqf9
------------------------
Running in parallel with 4 workers.
xargs: warning: options --max-args and --replace/-I/-i are mutually exclusive, ignoring previous --max-args value
Processing scene: scene0128_00
Deleting the folders that have been archived...
Completed processing: scene0128_00
------------------------
All scenes processed successfully!

To extract archives later, use:
dar -R . -O -wa -x color -v -g color
dar -R . -O -wa -x depth -v -g depth
dar -R . -O -wa -x pose -v -g pose
dar -R . -O -wa -x intrinsic -v -g intrinsic
Total running time: 0 minutes and 0 seconds.
Filetype options:  --export_color_images
Number of workers: 4
File 'scene0129_00' not found or not readable, it must be just a scene name.
Processing scenes from: /tmp/tmp.x4J20BQmTC
------------------------
Running in parallel with 4 workers.
xargs: warning: options --max-args and --replace/-I/-i are mutually exclusive, ignoring previous --max-args value
Processing scene: scene0129_00
Deleting the folders that have been archived...
Completed processing: scene0129_00
------------------------
All scenes processed successfully!

To extract archives later, use:
dar -R . -O -wa -x color -v -g color
dar -R . -O -wa -x depth -v -g depth
dar -R . -O -wa -x pose -v -g pose
dar -R . -O -wa -x intrinsic -v -g intrinsic
Total running time: 0 minutes and 0 seconds.
Filetype options:  --export_color_images
Number of workers: 4
File 'scene0130_00' not found or not readable, it must be just a scene name.
Processing scenes from: /tmp/tmp.o6yLDaPKRm
------------------------
Running in parallel with 4 workers.
xargs: warning: options --max-args and --replace/-I/-i are mutually exclusive, ignoring previous --max-args value
Processing scene: scene0130_00
Deleting the folders that have been archived...
Completed processing: scene0130_00
------------------------
All scenes processed successfully!

To extract archives later, use:
dar -R . -O -wa -x color -v -g color
dar -R . -O -wa -x depth -v -g depth
dar -R . -O -wa -x pose -v -g pose
dar -R . -O -wa -x intrinsic -v -g intrinsic
Total running time: 0 minutes and 0 seconds.
Filetype options:  --export_color_images
Number of workers: 4
File 'scene0132_00' not found or not readable, it must be just a scene name.
Processing scenes from: /tmp/tmp.R2QyE4X5sZ
------------------------
Running in parallel with 4 workers.
xargs: warning: options --max-args and --replace/-I/-i are mutually exclusive, ignoring previous --max-args value
Processing scene: scene0132_00
Deleting the folders that have been archived...
Completed processing: scene0132_00
------------------------
All scenes processed successfully!

To extract archives later, use:
dar -R . -O -wa -x color -v -g color
dar -R . -O -wa -x depth -v -g depth
dar -R . -O -wa -x pose -v -g pose
dar -R . -O -wa -x intrinsic -v -g intrinsic
Total running time: 0 minutes and 0 seconds.
Filetype options:  --export_color_images
Number of workers: 4
File 'scene0133_00' not found or not readable, it must be just a scene name.
Processing scenes from: /tmp/tmp.TdGYttQLEr
------------------------
Running in parallel with 4 workers.
xargs: warning: options --max-args and --replace/-I/-i are mutually exclusive, ignoring previous --max-args value
Processing scene: scene0133_00
Deleting the folders that have been archived...
Completed processing: scene0133_00
------------------------
All scenes processed successfully!

To extract archives later, use:
dar -R . -O -wa -x color -v -g color
dar -R . -O -wa -x depth -v -g depth
dar -R . -O -wa -x pose -v -g pose
dar -R . -O -wa -x intrinsic -v -g intrinsic
Total running time: 0 minutes and 0 seconds.
Filetype options:  --export_color_images
Number of workers: 4
File 'scene0134_00' not found or not readable, it must be just a scene name.
Processing scenes from: /tmp/tmp.wwWBaabaZK
------------------------
Running in parallel with 4 workers.
xargs: warning: options --max-args and --replace/-I/-i are mutually exclusive, ignoring previous --max-args value
Processing scene: scene0134_00
Deleting the folders that have been archived...
Completed processing: scene0134_00
------------------------
All scenes processed successfully!

To extract archives later, use:
dar -R . -O -wa -x color -v -g color
dar -R . -O -wa -x depth -v -g depth
dar -R . -O -wa -x pose -v -g pose
dar -R . -O -wa -x intrinsic -v -g intrinsic
Total running time: 0 minutes and 0 seconds.
Filetype options:  --export_color_images
Number of workers: 4
File 'scene0135_00' not found or not readable, it must be just a scene name.
Processing scenes from: /tmp/tmp.wjNcq8rziZ
------------------------
Running in parallel with 4 workers.
xargs: warning: options --max-args and --replace/-I/-i are mutually exclusive, ignoring previous --max-args value
Processing scene: scene0135_00
Deleting the folders that have been archived...
Completed processing: scene0135_00
------------------------
All scenes processed successfully!

To extract archives later, use:
dar -R . -O -wa -x color -v -g color
dar -R . -O -wa -x depth -v -g depth
dar -R . -O -wa -x pose -v -g pose
dar -R . -O -wa -x intrinsic -v -g intrinsic
Total running time: 0 minutes and 0 seconds.
Filetype options:  --export_color_images
Number of workers: 4
File 'scene0136_00' not found or not readable, it must be just a scene name.
Processing scenes from: /tmp/tmp.G5A2NCmQJh
------------------------
Running in parallel with 4 workers.
xargs: warning: options --max-args and --replace/-I/-i are mutually exclusive, ignoring previous --max-args value
Processing scene: scene0136_00
Deleting the folders that have been archived...
Completed processing: scene0136_00
------------------------
All scenes processed successfully!

To extract archives later, use:
dar -R . -O -wa -x color -v -g color
dar -R . -O -wa -x depth -v -g depth
dar -R . -O -wa -x pose -v -g pose
dar -R . -O -wa -x intrinsic -v -g intrinsic
Total running time: 0 minutes and 0 seconds.
Filetype options:  --export_color_images
Number of workers: 4
File 'scene0137_00' not found or not readable, it must be just a scene name.
Processing scenes from: /tmp/tmp.2L13AbYleq
------------------------
Running in parallel with 4 workers.
xargs: warning: options --max-args and --replace/-I/-i are mutually exclusive, ignoring previous --max-args value
Processing scene: scene0137_00
Deleting the folders that have been archived...
Completed processing: scene0137_00
------------------------
All scenes processed successfully!

To extract archives later, use:
dar -R . -O -wa -x color -v -g color
dar -R . -O -wa -x depth -v -g depth
dar -R . -O -wa -x pose -v -g pose
dar -R . -O -wa -x intrinsic -v -g intrinsic
Total running time: 0 minutes and 0 seconds.
Filetype options:  --export_color_images
Number of workers: 4
File 'scene0138_00' not found or not readable, it must be just a scene name.
Processing scenes from: /tmp/tmp.Vuyi7OikN7
------------------------
Running in parallel with 4 workers.
xargs: warning: options --max-args and --replace/-I/-i are mutually exclusive, ignoring previous --max-args value
Processing scene: scene0138_00
Deleting the folders that have been archived...
Completed processing: scene0138_00
------------------------
All scenes processed successfully!

To extract archives later, use:
dar -R . -O -wa -x color -v -g color
dar -R . -O -wa -x depth -v -g depth
dar -R . -O -wa -x pose -v -g pose
dar -R . -O -wa -x intrinsic -v -g intrinsic
Total running time: 0 minutes and 0 seconds.
Filetype options:  --export_color_images
Number of workers: 4
File 'scene0140_00' not found or not readable, it must be just a scene name.
Processing scenes from: /tmp/tmp.Med7rbbnb9
------------------------
Running in parallel with 4 workers.
xargs: warning: options --max-args and --replace/-I/-i are mutually exclusive, ignoring previous --max-args value
Processing scene: scene0140_00
Deleting the folders that have been archived...
Completed processing: scene0140_00
------------------------
All scenes processed successfully!

To extract archives later, use:
dar -R . -O -wa -x color -v -g color
dar -R . -O -wa -x depth -v -g depth
dar -R . -O -wa -x pose -v -g pose
dar -R . -O -wa -x intrinsic -v -g intrinsic
Total running time: 0 minutes and 0 seconds.
Filetype options:  --export_color_images
Number of workers: 4
File 'scene0141_00' not found or not readable, it must be just a scene name.
Processing scenes from: /tmp/tmp.ntebyEZ2uO
------------------------
Running in parallel with 4 workers.
xargs: warning: options --max-args and --replace/-I/-i are mutually exclusive, ignoring previous --max-args value
Processing scene: scene0141_00
Deleting the folders that have been archived...
Completed processing: scene0141_00
------------------------
All scenes processed successfully!

To extract archives later, use:
dar -R . -O -wa -x color -v -g color
dar -R . -O -wa -x depth -v -g depth
dar -R . -O -wa -x pose -v -g pose
dar -R . -O -wa -x intrinsic -v -g intrinsic
Total running time: 0 minutes and 0 seconds.
Filetype options:  --export_color_images
Number of workers: 4
File 'scene0142_00' not found or not readable, it must be just a scene name.
Processing scenes from: /tmp/tmp.vOJRp7dYy0
------------------------
Running in parallel with 4 workers.
xargs: warning: options --max-args and --replace/-I/-i are mutually exclusive, ignoring previous --max-args value
Processing scene: scene0142_00
Deleting the folders that have been archived...
Completed processing: scene0142_00
------------------------
All scenes processed successfully!

To extract archives later, use:
dar -R . -O -wa -x color -v -g color
dar -R . -O -wa -x depth -v -g depth
dar -R . -O -wa -x pose -v -g pose
dar -R . -O -wa -x intrinsic -v -g intrinsic
Total running time: 0 minutes and 0 seconds.
Filetype options:  --export_color_images
Number of workers: 4
File 'scene0143_00' not found or not readable, it must be just a scene name.
Processing scenes from: /tmp/tmp.V1c2rY11CB
------------------------
Running in parallel with 4 workers.
xargs: warning: options --max-args and --replace/-I/-i are mutually exclusive, ignoring previous --max-args value
Processing scene: scene0143_00
Deleting the folders that have been archived...
Completed processing: scene0143_00
------------------------
All scenes processed successfully!

To extract archives later, use:
dar -R . -O -wa -x color -v -g color
dar -R . -O -wa -x depth -v -g depth
dar -R . -O -wa -x pose -v -g pose
dar -R . -O -wa -x intrinsic -v -g intrinsic
Total running time: 0 minutes and 0 seconds.
Filetype options:  --export_color_images
Number of workers: 4
File 'scene0145_00' not found or not readable, it must be just a scene name.
Processing scenes from: /tmp/tmp.Bc5AfKVFNC
------------------------
Running in parallel with 4 workers.
xargs: warning: options --max-args and --replace/-I/-i are mutually exclusive, ignoring previous --max-args value
Processing scene: scene0145_00
Deleting the folders that have been archived...
Completed processing: scene0145_00
------------------------
All scenes processed successfully!

To extract archives later, use:
dar -R . -O -wa -x color -v -g color
dar -R . -O -wa -x depth -v -g depth
dar -R . -O -wa -x pose -v -g pose
dar -R . -O -wa -x intrinsic -v -g intrinsic
Total running time: 0 minutes and 0 seconds.
Filetype options:  --export_color_images
Number of workers: 4
File 'scene0147_00' not found or not readable, it must be just a scene name.
Processing scenes from: /tmp/tmp.7u9EJGZ9De
------------------------
Running in parallel with 4 workers.
xargs: warning: options --max-args and --replace/-I/-i are mutually exclusive, ignoring previous --max-args value
Processing scene: scene0147_00
Deleting the folders that have been archived...
Completed processing: scene0147_00
------------------------
All scenes processed successfully!

To extract archives later, use:
dar -R . -O -wa -x color -v -g color
dar -R . -O -wa -x depth -v -g depth
dar -R . -O -wa -x pose -v -g pose
dar -R . -O -wa -x intrinsic -v -g intrinsic
Total running time: 0 minutes and 2 seconds.
Filetype options:  --export_color_images
Number of workers: 4
File 'scene0150_00' not found or not readable, it must be just a scene name.
Processing scenes from: /tmp/tmp.nKKPt0m5Mn
------------------------
Running in parallel with 4 workers.
xargs: warning: options --max-args and --replace/-I/-i are mutually exclusive, ignoring previous --max-args value
Processing scene: scene0150_00
Deleting the folders that have been archived...
Completed processing: scene0150_00
------------------------
All scenes processed successfully!

To extract archives later, use:
dar -R . -O -wa -x color -v -g color
dar -R . -O -wa -x depth -v -g depth
dar -R . -O -wa -x pose -v -g pose
dar -R . -O -wa -x intrinsic -v -g intrinsic
Total running time: 0 minutes and 1 seconds.
Filetype options:  --export_color_images
Number of workers: 4
File 'scene0151_00' not found or not readable, it must be just a scene name.
Processing scenes from: /tmp/tmp.qViYWcETCa
------------------------
Running in parallel with 4 workers.
xargs: warning: options --max-args and --replace/-I/-i are mutually exclusive, ignoring previous --max-args value
Processing scene: scene0151_00
Deleting the folders that have been archived...
Completed processing: scene0151_00
------------------------
All scenes processed successfully!

To extract archives later, use:
dar -R . -O -wa -x color -v -g color
dar -R . -O -wa -x depth -v -g depth
dar -R . -O -wa -x pose -v -g pose
dar -R . -O -wa -x intrinsic -v -g intrinsic
Total running time: 0 minutes and 7 seconds.
Filetype options:  --export_color_images
Number of workers: 4
File 'scene0152_00' not found or not readable, it must be just a scene name.
Processing scenes from: /tmp/tmp.rFNsneQ0ph
------------------------
Running in parallel with 4 workers.
xargs: warning: options --max-args and --replace/-I/-i are mutually exclusive, ignoring previous --max-args value
Processing scene: scene0152_00
Deleting the folders that have been archived...
Completed processing: scene0152_00
------------------------
All scenes processed successfully!

To extract archives later, use:
dar -R . -O -wa -x color -v -g color
dar -R . -O -wa -x depth -v -g depth
dar -R . -O -wa -x pose -v -g pose
dar -R . -O -wa -x intrinsic -v -g intrinsic
Total running time: 0 minutes and 5 seconds.
Filetype options:  --export_color_images
Number of workers: 4
File 'scene0155_00' not found or not readable, it must be just a scene name.
Processing scenes from: /tmp/tmp.OibFFCCGWF
------------------------
Running in parallel with 4 workers.
xargs: warning: options --max-args and --replace/-I/-i are mutually exclusive, ignoring previous --max-args value
Processing scene: scene0155_00
Deleting the folders that have been archived...
Completed processing: scene0155_00
------------------------
All scenes processed successfully!

To extract archives later, use:
dar -R . -O -wa -x color -v -g color
dar -R . -O -wa -x depth -v -g depth
dar -R . -O -wa -x pose -v -g pose
dar -R . -O -wa -x intrinsic -v -g intrinsic
Total running time: 0 minutes and 4 seconds.
Filetype options:  --export_color_images
Number of workers: 4
File 'scene0156_00' not found or not readable, it must be just a scene name.
Processing scenes from: /tmp/tmp.FDaBCOEf3H
------------------------
Running in parallel with 4 workers.
xargs: warning: options --max-args and --replace/-I/-i are mutually exclusive, ignoring previous --max-args value
Processing scene: scene0156_00
Deleting the folders that have been archived...
Completed processing: scene0156_00
------------------------
All scenes processed successfully!

To extract archives later, use:
dar -R . -O -wa -x color -v -g color
dar -R . -O -wa -x depth -v -g depth
dar -R . -O -wa -x pose -v -g pose
dar -R . -O -wa -x intrinsic -v -g intrinsic
Total running time: 0 minutes and 1 seconds.
Filetype options:  --export_color_images
Number of workers: 4
File 'scene0157_00' not found or not readable, it must be just a scene name.
Processing scenes from: /tmp/tmp.XKmaNeKryW
------------------------
Running in parallel with 4 workers.
xargs: warning: options --max-args and --replace/-I/-i are mutually exclusive, ignoring previous --max-args value
Processing scene: scene0157_00
Deleting the folders that have been archived...
Completed processing: scene0157_00
------------------------
All scenes processed successfully!

To extract archives later, use:
dar -R . -O -wa -x color -v -g color
dar -R . -O -wa -x depth -v -g depth
dar -R . -O -wa -x pose -v -g pose
dar -R . -O -wa -x intrinsic -v -g intrinsic
Total running time: 0 minutes and 1 seconds.
Filetype options:  --export_color_images
Number of workers: 4
File 'scene0158_00' not found or not readable, it must be just a scene name.
Processing scenes from: /tmp/tmp.17fVyYP0w2
------------------------
Running in parallel with 4 workers.
xargs: warning: options --max-args and --replace/-I/-i are mutually exclusive, ignoring previous --max-args value
Processing scene: scene0158_00
Deleting the folders that have been archived...
Completed processing: scene0158_00
------------------------
All scenes processed successfully!

To extract archives later, use:
dar -R . -O -wa -x color -v -g color
dar -R . -O -wa -x depth -v -g depth
dar -R . -O -wa -x pose -v -g pose
dar -R . -O -wa -x intrinsic -v -g intrinsic
Total running time: 0 minutes and 2 seconds.
Filetype options:  --export_color_images
Number of workers: 4
File 'scene0159_00' not found or not readable, it must be just a scene name.
Processing scenes from: /tmp/tmp.xkYELEKR5Y
------------------------
Running in parallel with 4 workers.
xargs: warning: options --max-args and --replace/-I/-i are mutually exclusive, ignoring previous --max-args value
Processing scene: scene0159_00
Deleting the folders that have been archived...
Completed processing: scene0159_00
------------------------
All scenes processed successfully!

To extract archives later, use:
dar -R . -O -wa -x color -v -g color
dar -R . -O -wa -x depth -v -g depth
dar -R . -O -wa -x pose -v -g pose
dar -R . -O -wa -x intrinsic -v -g intrinsic
Total running time: 0 minutes and 1 seconds.
Filetype options:  --export_color_images
Number of workers: 4
File 'scene0160_00' not found or not readable, it must be just a scene name.
Processing scenes from: /tmp/tmp.2dzAubXzZy
------------------------
Running in parallel with 4 workers.
xargs: warning: options --max-args and --replace/-I/-i are mutually exclusive, ignoring previous --max-args value
Processing scene: scene0160_00
Deleting the folders that have been archived...
Completed processing: scene0160_00
------------------------
All scenes processed successfully!

To extract archives later, use:
dar -R . -O -wa -x color -v -g color
dar -R . -O -wa -x depth -v -g depth
dar -R . -O -wa -x pose -v -g pose
dar -R . -O -wa -x intrinsic -v -g intrinsic
Total running time: 0 minutes and 1 seconds.
Filetype options:  --export_color_images
Number of workers: 4
File 'scene0162_00' not found or not readable, it must be just a scene name.
Processing scenes from: /tmp/tmp.QV3TGyLjTd
------------------------
Running in parallel with 4 workers.
xargs: warning: options --max-args and --replace/-I/-i are mutually exclusive, ignoring previous --max-args value
Processing scene: scene0162_00
Deleting the folders that have been archived...
Completed processing: scene0162_00
------------------------
All scenes processed successfully!

To extract archives later, use:
dar -R . -O -wa -x color -v -g color
dar -R . -O -wa -x depth -v -g depth
dar -R . -O -wa -x pose -v -g pose
dar -R . -O -wa -x intrinsic -v -g intrinsic
Total running time: 0 minutes and 2 seconds.
Filetype options:  --export_color_images
Number of workers: 4
File 'scene0163_00' not found or not readable, it must be just a scene name.
Processing scenes from: /tmp/tmp.dv9t7eo9LP
------------------------
Running in parallel with 4 workers.
xargs: warning: options --max-args and --replace/-I/-i are mutually exclusive, ignoring previous --max-args value
Processing scene: scene0163_00
Deleting the folders that have been archived...
Completed processing: scene0163_00
------------------------
All scenes processed successfully!

To extract archives later, use:
dar -R . -O -wa -x color -v -g color
dar -R . -O -wa -x depth -v -g depth
dar -R . -O -wa -x pose -v -g pose
dar -R . -O -wa -x intrinsic -v -g intrinsic
Total running time: 0 minutes and 5 seconds.
Filetype options:  --export_color_images
Number of workers: 4
File 'scene0165_00' not found or not readable, it must be just a scene name.
Processing scenes from: /tmp/tmp.06muDdPvDM
------------------------
Running in parallel with 4 workers.
xargs: warning: options --max-args and --replace/-I/-i are mutually exclusive, ignoring previous --max-args value
Processing scene: scene0165_00
Deleting the folders that have been archived...
Completed processing: scene0165_00
------------------------
All scenes processed successfully!

To extract archives later, use:
dar -R . -O -wa -x color -v -g color
dar -R . -O -wa -x depth -v -g depth
dar -R . -O -wa -x pose -v -g pose
dar -R . -O -wa -x intrinsic -v -g intrinsic
Total running time: 0 minutes and 3 seconds.
Filetype options:  --export_color_images
Number of workers: 4
File 'scene0166_00' not found or not readable, it must be just a scene name.
Processing scenes from: /tmp/tmp.D7vsjtH6Xy
------------------------
Running in parallel with 4 workers.
xargs: warning: options --max-args and --replace/-I/-i are mutually exclusive, ignoring previous --max-args value
Processing scene: scene0166_00
Deleting the folders that have been archived...
Completed processing: scene0166_00
------------------------
All scenes processed successfully!

To extract archives later, use:
dar -R . -O -wa -x color -v -g color
dar -R . -O -wa -x depth -v -g depth
dar -R . -O -wa -x pose -v -g pose
dar -R . -O -wa -x intrinsic -v -g intrinsic
Total running time: 0 minutes and 5 seconds.
Filetype options:  --export_color_images
Number of workers: 4
File 'scene0167_00' not found or not readable, it must be just a scene name.
Processing scenes from: /tmp/tmp.zJS6E9YFue
------------------------
Running in parallel with 4 workers.
xargs: warning: options --max-args and --replace/-I/-i are mutually exclusive, ignoring previous --max-args value
Processing scene: scene0167_00
Deleting the folders that have been archived...
Completed processing: scene0167_00
------------------------
All scenes processed successfully!

To extract archives later, use:
dar -R . -O -wa -x color -v -g color
dar -R . -O -wa -x depth -v -g depth
dar -R . -O -wa -x pose -v -g pose
dar -R . -O -wa -x intrinsic -v -g intrinsic
Total running time: 0 minutes and 4 seconds.
Filetype options:  --export_color_images
Number of workers: 4
File 'scene0168_00' not found or not readable, it must be just a scene name.
Processing scenes from: /tmp/tmp.D0adST1xGC
------------------------
Running in parallel with 4 workers.
xargs: warning: options --max-args and --replace/-I/-i are mutually exclusive, ignoring previous --max-args value
Processing scene: scene0168_00
Deleting the folders that have been archived...
Completed processing: scene0168_00
------------------------
All scenes processed successfully!

To extract archives later, use:
dar -R . -O -wa -x color -v -g color
dar -R . -O -wa -x depth -v -g depth
dar -R . -O -wa -x pose -v -g pose
dar -R . -O -wa -x intrinsic -v -g intrinsic
Total running time: 0 minutes and 0 seconds.
Filetype options:  --export_color_images
Number of workers: 4
File 'scene0170_00' not found or not readable, it must be just a scene name.
Processing scenes from: /tmp/tmp.S0zqx2OckU
------------------------
Running in parallel with 4 workers.
xargs: warning: options --max-args and --replace/-I/-i are mutually exclusive, ignoring previous --max-args value
Processing scene: scene0170_00
Deleting the folders that have been archived...
Completed processing: scene0170_00
------------------------
All scenes processed successfully!

To extract archives later, use:
dar -R . -O -wa -x color -v -g color
dar -R . -O -wa -x depth -v -g depth
dar -R . -O -wa -x pose -v -g pose
dar -R . -O -wa -x intrinsic -v -g intrinsic
Total running time: 0 minutes and 0 seconds.
Filetype options:  --export_color_images
Number of workers: 4
File 'scene0171_00' not found or not readable, it must be just a scene name.
Processing scenes from: /tmp/tmp.76lhoK3dAz
------------------------
Running in parallel with 4 workers.
xargs: warning: options --max-args and --replace/-I/-i are mutually exclusive, ignoring previous --max-args value
Processing scene: scene0171_00
Deleting the folders that have been archived...
Completed processing: scene0171_00
------------------------
All scenes processed successfully!

To extract archives later, use:
dar -R . -O -wa -x color -v -g color
dar -R . -O -wa -x depth -v -g depth
dar -R . -O -wa -x pose -v -g pose
dar -R . -O -wa -x intrinsic -v -g intrinsic
Total running time: 0 minutes and 0 seconds.
Filetype options:  --export_color_images
Number of workers: 4
File 'scene0172_00' not found or not readable, it must be just a scene name.
Processing scenes from: /tmp/tmp.T8CoFqKRD3
------------------------
Running in parallel with 4 workers.
xargs: warning: options --max-args and --replace/-I/-i are mutually exclusive, ignoring previous --max-args value
Processing scene: scene0172_00
Deleting the folders that have been archived...
Completed processing: scene0172_00
------------------------
All scenes processed successfully!

To extract archives later, use:
dar -R . -O -wa -x color -v -g color
dar -R . -O -wa -x depth -v -g depth
dar -R . -O -wa -x pose -v -g pose
dar -R . -O -wa -x intrinsic -v -g intrinsic
Total running time: 0 minutes and 0 seconds.
Filetype options:  --export_color_images
Number of workers: 4
File 'scene0173_00' not found or not readable, it must be just a scene name.
Processing scenes from: /tmp/tmp.jPHO3NFAHj
------------------------
Running in parallel with 4 workers.
xargs: warning: options --max-args and --replace/-I/-i are mutually exclusive, ignoring previous --max-args value
Processing scene: scene0173_00
Deleting the folders that have been archived...
Completed processing: scene0173_00
------------------------
All scenes processed successfully!

To extract archives later, use:
dar -R . -O -wa -x color -v -g color
dar -R . -O -wa -x depth -v -g depth
dar -R . -O -wa -x pose -v -g pose
dar -R . -O -wa -x intrinsic -v -g intrinsic
Total running time: 0 minutes and 0 seconds.
Filetype options:  --export_color_images
Number of workers: 4
File 'scene0174_00' not found or not readable, it must be just a scene name.
Processing scenes from: /tmp/tmp.FIE1ndxTsX
------------------------
Running in parallel with 4 workers.
xargs: warning: options --max-args and --replace/-I/-i are mutually exclusive, ignoring previous --max-args value
Processing scene: scene0174_00
Deleting the folders that have been archived...
Completed processing: scene0174_00
------------------------
All scenes processed successfully!

To extract archives later, use:
dar -R . -O -wa -x color -v -g color
dar -R . -O -wa -x depth -v -g depth
dar -R . -O -wa -x pose -v -g pose
dar -R . -O -wa -x intrinsic -v -g intrinsic
Total running time: 0 minutes and 0 seconds.
Filetype options:  --export_color_images
Number of workers: 4
File 'scene0175_00' not found or not readable, it must be just a scene name.
Processing scenes from: /tmp/tmp.jb3aBejA6q
------------------------
Running in parallel with 4 workers.
xargs: warning: options --max-args and --replace/-I/-i are mutually exclusive, ignoring previous --max-args value
Processing scene: scene0175_00
Deleting the folders that have been archived...
Completed processing: scene0175_00
------------------------
All scenes processed successfully!

To extract archives later, use:
dar -R . -O -wa -x color -v -g color
dar -R . -O -wa -x depth -v -g depth
dar -R . -O -wa -x pose -v -g pose
dar -R . -O -wa -x intrinsic -v -g intrinsic
Total running time: 0 minutes and 0 seconds.
Filetype options:  --export_color_images
Number of workers: 4
File 'scene0177_00' not found or not readable, it must be just a scene name.
Processing scenes from: /tmp/tmp.NhnOJXWi2w
------------------------
Running in parallel with 4 workers.
xargs: warning: options --max-args and --replace/-I/-i are mutually exclusive, ignoring previous --max-args value
Processing scene: scene0177_00
Deleting the folders that have been archived...
Completed processing: scene0177_00
------------------------
All scenes processed successfully!

To extract archives later, use:
dar -R . -O -wa -x color -v -g color
dar -R . -O -wa -x depth -v -g depth
dar -R . -O -wa -x pose -v -g pose
dar -R . -O -wa -x intrinsic -v -g intrinsic
Total running time: 0 minutes and 0 seconds.
Filetype options:  --export_color_images
Number of workers: 4
File 'scene0178_00' not found or not readable, it must be just a scene name.
Processing scenes from: /tmp/tmp.Y9geGpJSqh
------------------------
Running in parallel with 4 workers.
xargs: warning: options --max-args and --replace/-I/-i are mutually exclusive, ignoring previous --max-args value
Processing scene: scene0178_00
Deleting the folders that have been archived...
Completed processing: scene0178_00
------------------------
All scenes processed successfully!

To extract archives later, use:
dar -R . -O -wa -x color -v -g color
dar -R . -O -wa -x depth -v -g depth
dar -R . -O -wa -x pose -v -g pose
dar -R . -O -wa -x intrinsic -v -g intrinsic
Total running time: 0 minutes and 0 seconds.
Filetype options:  --export_color_images
Number of workers: 4
File 'scene0179_00' not found or not readable, it must be just a scene name.
Processing scenes from: /tmp/tmp.4OMQKw6PLh
------------------------
Running in parallel with 4 workers.
xargs: warning: options --max-args and --replace/-I/-i are mutually exclusive, ignoring previous --max-args value
Processing scene: scene0179_00
Deleting the folders that have been archived...
Completed processing: scene0179_00
------------------------
All scenes processed successfully!

To extract archives later, use:
dar -R . -O -wa -x color -v -g color
dar -R . -O -wa -x depth -v -g depth
dar -R . -O -wa -x pose -v -g pose
dar -R . -O -wa -x intrinsic -v -g intrinsic
Total running time: 0 minutes and 0 seconds.
Filetype options:  --export_color_images
Number of workers: 4
File 'scene0180_00' not found or not readable, it must be just a scene name.
Processing scenes from: /tmp/tmp.LpuDsoNuUU
------------------------
Running in parallel with 4 workers.
xargs: warning: options --max-args and --replace/-I/-i are mutually exclusive, ignoring previous --max-args value
Processing scene: scene0180_00
Deleting the folders that have been archived...
Completed processing: scene0180_00
------------------------
All scenes processed successfully!

To extract archives later, use:
dar -R . -O -wa -x color -v -g color
dar -R . -O -wa -x depth -v -g depth
dar -R . -O -wa -x pose -v -g pose
dar -R . -O -wa -x intrinsic -v -g intrinsic
Total running time: 0 minutes and 0 seconds.
Filetype options:  --export_color_images
Number of workers: 4
File 'scene0181_00' not found or not readable, it must be just a scene name.
Processing scenes from: /tmp/tmp.lVNU0F9KNx
------------------------
Running in parallel with 4 workers.
xargs: warning: options --max-args and --replace/-I/-i are mutually exclusive, ignoring previous --max-args value
Processing scene: scene0181_00
Deleting the folders that have been archived...
Completed processing: scene0181_00
------------------------
All scenes processed successfully!

To extract archives later, use:
dar -R . -O -wa -x color -v -g color
dar -R . -O -wa -x depth -v -g depth
dar -R . -O -wa -x pose -v -g pose
dar -R . -O -wa -x intrinsic -v -g intrinsic
Total running time: 0 minutes and 0 seconds.
Filetype options:  --export_color_images
Number of workers: 4
File 'scene0184_00' not found or not readable, it must be just a scene name.
Processing scenes from: /tmp/tmp.KnRLkBbhxp
------------------------
Running in parallel with 4 workers.
xargs: warning: options --max-args and --replace/-I/-i are mutually exclusive, ignoring previous --max-args value
Processing scene: scene0184_00
Deleting the folders that have been archived...
Completed processing: scene0184_00
------------------------
All scenes processed successfully!

To extract archives later, use:
dar -R . -O -wa -x color -v -g color
dar -R . -O -wa -x depth -v -g depth
dar -R . -O -wa -x pose -v -g pose
dar -R . -O -wa -x intrinsic -v -g intrinsic
Total running time: 0 minutes and 0 seconds.
Filetype options:  --export_color_images
Number of workers: 4
File 'scene0185_00' not found or not readable, it must be just a scene name.
Processing scenes from: /tmp/tmp.azw7sdSeM8
------------------------
Running in parallel with 4 workers.
xargs: warning: options --max-args and --replace/-I/-i are mutually exclusive, ignoring previous --max-args value
Processing scene: scene0185_00
Deleting the folders that have been archived...
Completed processing: scene0185_00
------------------------
All scenes processed successfully!

To extract archives later, use:
dar -R . -O -wa -x color -v -g color
dar -R . -O -wa -x depth -v -g depth
dar -R . -O -wa -x pose -v -g pose
dar -R . -O -wa -x intrinsic -v -g intrinsic
Total running time: 0 minutes and 0 seconds.
Filetype options:  --export_color_images
Number of workers: 4
File 'scene0186_00' not found or not readable, it must be just a scene name.
Processing scenes from: /tmp/tmp.d6Vbcbtv0q
------------------------
Running in parallel with 4 workers.
xargs: warning: options --max-args and --replace/-I/-i are mutually exclusive, ignoring previous --max-args value
Processing scene: scene0186_00
Deleting the folders that have been archived...
Completed processing: scene0186_00
------------------------
All scenes processed successfully!

To extract archives later, use:
dar -R . -O -wa -x color -v -g color
dar -R . -O -wa -x depth -v -g depth
dar -R . -O -wa -x pose -v -g pose
dar -R . -O -wa -x intrinsic -v -g intrinsic
Total running time: 0 minutes and 0 seconds.
Filetype options:  --export_color_images
Number of workers: 4
File 'scene0188_00' not found or not readable, it must be just a scene name.
Processing scenes from: /tmp/tmp.tsR589GsiH
------------------------
Running in parallel with 4 workers.
xargs: warning: options --max-args and --replace/-I/-i are mutually exclusive, ignoring previous --max-args value
Processing scene: scene0188_00
Deleting the folders that have been archived...
Completed processing: scene0188_00
------------------------
All scenes processed successfully!

To extract archives later, use:
dar -R . -O -wa -x color -v -g color
dar -R . -O -wa -x depth -v -g depth
dar -R . -O -wa -x pose -v -g pose
dar -R . -O -wa -x intrinsic -v -g intrinsic
Total running time: 0 minutes and 0 seconds.
Filetype options:  --export_color_images
Number of workers: 4
File 'scene0189_00' not found or not readable, it must be just a scene name.
Processing scenes from: /tmp/tmp.CZHsZ4Qa5q
------------------------
Running in parallel with 4 workers.
xargs: warning: options --max-args and --replace/-I/-i are mutually exclusive, ignoring previous --max-args value
Processing scene: scene0189_00
Deleting the folders that have been archived...
Completed processing: scene0189_00
------------------------
All scenes processed successfully!

To extract archives later, use:
dar -R . -O -wa -x color -v -g color
dar -R . -O -wa -x depth -v -g depth
dar -R . -O -wa -x pose -v -g pose
dar -R . -O -wa -x intrinsic -v -g intrinsic
Total running time: 0 minutes and 0 seconds.
Filetype options:  --export_color_images
Number of workers: 4
File 'scene0191_00' not found or not readable, it must be just a scene name.
Processing scenes from: /tmp/tmp.2UxoiZGnpE
------------------------
Running in parallel with 4 workers.
xargs: warning: options --max-args and --replace/-I/-i are mutually exclusive, ignoring previous --max-args value
Processing scene: scene0191_00
Deleting the folders that have been archived...
Completed processing: scene0191_00
------------------------
All scenes processed successfully!

To extract archives later, use:
dar -R . -O -wa -x color -v -g color
dar -R . -O -wa -x depth -v -g depth
dar -R . -O -wa -x pose -v -g pose
dar -R . -O -wa -x intrinsic -v -g intrinsic
Total running time: 0 minutes and 0 seconds.
Filetype options:  --export_color_images
Number of workers: 4
File 'scene0194_00' not found or not readable, it must be just a scene name.
Processing scenes from: /tmp/tmp.5tcqgeaIFb
------------------------
Running in parallel with 4 workers.
xargs: warning: options --max-args and --replace/-I/-i are mutually exclusive, ignoring previous --max-args value
Processing scene: scene0194_00
Deleting the folders that have been archived...
Completed processing: scene0194_00
------------------------
All scenes processed successfully!

To extract archives later, use:
dar -R . -O -wa -x color -v -g color
dar -R . -O -wa -x depth -v -g depth
dar -R . -O -wa -x pose -v -g pose
dar -R . -O -wa -x intrinsic -v -g intrinsic
Total running time: 0 minutes and 0 seconds.
Filetype options:  --export_color_images
Number of workers: 4
File 'scene0195_00' not found or not readable, it must be just a scene name.
Processing scenes from: /tmp/tmp.tgsK69ijxV
------------------------
Running in parallel with 4 workers.
xargs: warning: options --max-args and --replace/-I/-i are mutually exclusive, ignoring previous --max-args value
Processing scene: scene0195_00
Deleting the folders that have been archived...
Completed processing: scene0195_00
------------------------
All scenes processed successfully!

To extract archives later, use:
dar -R . -O -wa -x color -v -g color
dar -R . -O -wa -x depth -v -g depth
dar -R . -O -wa -x pose -v -g pose
dar -R . -O -wa -x intrinsic -v -g intrinsic
Total running time: 0 minutes and 0 seconds.
Filetype options:  --export_color_images
Number of workers: 4
File 'scene0197_00' not found or not readable, it must be just a scene name.
Processing scenes from: /tmp/tmp.Ie4b2hybVT
------------------------
Running in parallel with 4 workers.
xargs: warning: options --max-args and --replace/-I/-i are mutually exclusive, ignoring previous --max-args value
Processing scene: scene0197_00
Deleting the folders that have been archived...
Completed processing: scene0197_00
------------------------
All scenes processed successfully!

To extract archives later, use:
dar -R . -O -wa -x color -v -g color
dar -R . -O -wa -x depth -v -g depth
dar -R . -O -wa -x pose -v -g pose
dar -R . -O -wa -x intrinsic -v -g intrinsic
Total running time: 0 minutes and 0 seconds.
Filetype options:  --export_color_images
Number of workers: 4
File 'scene0198_00' not found or not readable, it must be just a scene name.
Processing scenes from: /tmp/tmp.0zZcmXkAKV
------------------------
Running in parallel with 4 workers.
xargs: warning: options --max-args and --replace/-I/-i are mutually exclusive, ignoring previous --max-args value
Processing scene: scene0198_00
Deleting the folders that have been archived...
Completed processing: scene0198_00
------------------------
All scenes processed successfully!

To extract archives later, use:
dar -R . -O -wa -x color -v -g color
dar -R . -O -wa -x depth -v -g depth
dar -R . -O -wa -x pose -v -g pose
dar -R . -O -wa -x intrinsic -v -g intrinsic
Total running time: 0 minutes and 0 seconds.
Filetype options:  --export_color_images
Number of workers: 4
File 'scene0199_00' not found or not readable, it must be just a scene name.
Processing scenes from: /tmp/tmp.9ITKCHYhCV
------------------------
Running in parallel with 4 workers.
xargs: warning: options --max-args and --replace/-I/-i are mutually exclusive, ignoring previous --max-args value
Processing scene: scene0199_00
Deleting the folders that have been archived...
Completed processing: scene0199_00
------------------------
All scenes processed successfully!

To extract archives later, use:
dar -R . -O -wa -x color -v -g color
dar -R . -O -wa -x depth -v -g depth
dar -R . -O -wa -x pose -v -g pose
dar -R . -O -wa -x intrinsic -v -g intrinsic
Total running time: 0 minutes and 0 seconds.
Filetype options:  --export_color_images
Number of workers: 4
File 'scene0200_00' not found or not readable, it must be just a scene name.
Processing scenes from: /tmp/tmp.m5bxZnupYo
------------------------
Running in parallel with 4 workers.
xargs: warning: options --max-args and --replace/-I/-i are mutually exclusive, ignoring previous --max-args value
Processing scene: scene0200_00
Deleting the folders that have been archived...
Completed processing: scene0200_00
------------------------
All scenes processed successfully!

To extract archives later, use:
dar -R . -O -wa -x color -v -g color
dar -R . -O -wa -x depth -v -g depth
dar -R . -O -wa -x pose -v -g pose
dar -R . -O -wa -x intrinsic -v -g intrinsic
Total running time: 0 minutes and 0 seconds.
Filetype options:  --export_color_images
Number of workers: 4
File 'scene0201_00' not found or not readable, it must be just a scene name.
Processing scenes from: /tmp/tmp.KHXhrD4krI
------------------------
Running in parallel with 4 workers.
xargs: warning: options --max-args and --replace/-I/-i are mutually exclusive, ignoring previous --max-args value
Processing scene: scene0201_00
Deleting the folders that have been archived...
Completed processing: scene0201_00
------------------------
All scenes processed successfully!

To extract archives later, use:
dar -R . -O -wa -x color -v -g color
dar -R . -O -wa -x depth -v -g depth
dar -R . -O -wa -x pose -v -g pose
dar -R . -O -wa -x intrinsic -v -g intrinsic
Total running time: 0 minutes and 0 seconds.
Filetype options:  --export_color_images
Number of workers: 4
File 'scene0202_00' not found or not readable, it must be just a scene name.
Processing scenes from: /tmp/tmp.r9AKzTOAAY
------------------------
Running in parallel with 4 workers.
xargs: warning: options --max-args and --replace/-I/-i are mutually exclusive, ignoring previous --max-args value
Processing scene: scene0202_00
Deleting the folders that have been archived...
Completed processing: scene0202_00
------------------------
All scenes processed successfully!

To extract archives later, use:
dar -R . -O -wa -x color -v -g color
dar -R . -O -wa -x depth -v -g depth
dar -R . -O -wa -x pose -v -g pose
dar -R . -O -wa -x intrinsic -v -g intrinsic
Total running time: 0 minutes and 0 seconds.
Filetype options:  --export_color_images
Number of workers: 4
File 'scene0204_00' not found or not readable, it must be just a scene name.
Processing scenes from: /tmp/tmp.sAbURhbx1A
------------------------
Running in parallel with 4 workers.
xargs: warning: options --max-args and --replace/-I/-i are mutually exclusive, ignoring previous --max-args value
Processing scene: scene0204_00
Deleting the folders that have been archived...
Completed processing: scene0204_00
------------------------
All scenes processed successfully!

To extract archives later, use:
dar -R . -O -wa -x color -v -g color
dar -R . -O -wa -x depth -v -g depth
dar -R . -O -wa -x pose -v -g pose
dar -R . -O -wa -x intrinsic -v -g intrinsic
Total running time: 0 minutes and 0 seconds.
Filetype options:  --export_color_images
Number of workers: 4
File 'scene0206_00' not found or not readable, it must be just a scene name.
Processing scenes from: /tmp/tmp.f3IOWYx10v
------------------------
Running in parallel with 4 workers.
xargs: warning: options --max-args and --replace/-I/-i are mutually exclusive, ignoring previous --max-args value
Processing scene: scene0206_00
Deleting the folders that have been archived...
Completed processing: scene0206_00
------------------------
All scenes processed successfully!

To extract archives later, use:
dar -R . -O -wa -x color -v -g color
dar -R . -O -wa -x depth -v -g depth
dar -R . -O -wa -x pose -v -g pose
dar -R . -O -wa -x intrinsic -v -g intrinsic
Total running time: 0 minutes and 0 seconds.
Filetype options:  --export_color_images
Number of workers: 4
File 'scene0209_00' not found or not readable, it must be just a scene name.
Processing scenes from: /tmp/tmp.Issr9lfsa3
------------------------
Running in parallel with 4 workers.
xargs: warning: options --max-args and --replace/-I/-i are mutually exclusive, ignoring previous --max-args value
Processing scene: scene0209_00
Deleting the folders that have been archived...
Completed processing: scene0209_00
------------------------
All scenes processed successfully!

To extract archives later, use:
dar -R . -O -wa -x color -v -g color
dar -R . -O -wa -x depth -v -g depth
dar -R . -O -wa -x pose -v -g pose
dar -R . -O -wa -x intrinsic -v -g intrinsic
Total running time: 0 minutes and 0 seconds.
Filetype options:  --export_color_images
Number of workers: 4
File 'scene0210_00' not found or not readable, it must be just a scene name.
Processing scenes from: /tmp/tmp.b4EwTdVy72
------------------------
Running in parallel with 4 workers.
xargs: warning: options --max-args and --replace/-I/-i are mutually exclusive, ignoring previous --max-args value
Processing scene: scene0210_00
Deleting the folders that have been archived...
Completed processing: scene0210_00
------------------------
All scenes processed successfully!

To extract archives later, use:
dar -R . -O -wa -x color -v -g color
dar -R . -O -wa -x depth -v -g depth
dar -R . -O -wa -x pose -v -g pose
dar -R . -O -wa -x intrinsic -v -g intrinsic
Total running time: 0 minutes and 0 seconds.
Filetype options:  --export_color_images
Number of workers: 4
File 'scene0211_00' not found or not readable, it must be just a scene name.
Processing scenes from: /tmp/tmp.9X5MQ3QQ60
------------------------
Running in parallel with 4 workers.
xargs: warning: options --max-args and --replace/-I/-i are mutually exclusive, ignoring previous --max-args value
Processing scene: scene0211_00
Deleting the folders that have been archived...
Completed processing: scene0211_00
------------------------
All scenes processed successfully!

To extract archives later, use:
dar -R . -O -wa -x color -v -g color
dar -R . -O -wa -x depth -v -g depth
dar -R . -O -wa -x pose -v -g pose
dar -R . -O -wa -x intrinsic -v -g intrinsic
Total running time: 0 minutes and 0 seconds.
Filetype options:  --export_color_images
Number of workers: 4
File 'scene0212_00' not found or not readable, it must be just a scene name.
Processing scenes from: /tmp/tmp.qsC803lJ9U
------------------------
Running in parallel with 4 workers.
xargs: warning: options --max-args and --replace/-I/-i are mutually exclusive, ignoring previous --max-args value
Processing scene: scene0212_00
Deleting the folders that have been archived...
Completed processing: scene0212_00
------------------------
All scenes processed successfully!

To extract archives later, use:
dar -R . -O -wa -x color -v -g color
dar -R . -O -wa -x depth -v -g depth
dar -R . -O -wa -x pose -v -g pose
dar -R . -O -wa -x intrinsic -v -g intrinsic
Total running time: 0 minutes and 0 seconds.
Filetype options:  --export_color_images
Number of workers: 4
File 'scene0213_00' not found or not readable, it must be just a scene name.
Processing scenes from: /tmp/tmp.RN6bToPe5L
------------------------
Running in parallel with 4 workers.
xargs: warning: options --max-args and --replace/-I/-i are mutually exclusive, ignoring previous --max-args value
Processing scene: scene0213_00
Deleting the folders that have been archived...
Completed processing: scene0213_00
------------------------
All scenes processed successfully!

To extract archives later, use:
dar -R . -O -wa -x color -v -g color
dar -R . -O -wa -x depth -v -g depth
dar -R . -O -wa -x pose -v -g pose
dar -R . -O -wa -x intrinsic -v -g intrinsic
Total running time: 0 minutes and 0 seconds.
Filetype options:  --export_color_images
Number of workers: 4
File 'scene0214_00' not found or not readable, it must be just a scene name.
Processing scenes from: /tmp/tmp.qaRUhrXe1b
------------------------
Running in parallel with 4 workers.
xargs: warning: options --max-args and --replace/-I/-i are mutually exclusive, ignoring previous --max-args value
Processing scene: scene0214_00
Deleting the folders that have been archived...
Completed processing: scene0214_00
------------------------
All scenes processed successfully!

To extract archives later, use:
dar -R . -O -wa -x color -v -g color
dar -R . -O -wa -x depth -v -g depth
dar -R . -O -wa -x pose -v -g pose
dar -R . -O -wa -x intrinsic -v -g intrinsic
Total running time: 0 minutes and 0 seconds.
Filetype options:  --export_color_images
Number of workers: 4
File 'scene0215_00' not found or not readable, it must be just a scene name.
Processing scenes from: /tmp/tmp.y1RgzEFamR
------------------------
Running in parallel with 4 workers.
xargs: warning: options --max-args and --replace/-I/-i are mutually exclusive, ignoring previous --max-args value
Processing scene: scene0215_00
Deleting the folders that have been archived...
Completed processing: scene0215_00
------------------------
All scenes processed successfully!

To extract archives later, use:
dar -R . -O -wa -x color -v -g color
dar -R . -O -wa -x depth -v -g depth
dar -R . -O -wa -x pose -v -g pose
dar -R . -O -wa -x intrinsic -v -g intrinsic
Total running time: 0 minutes and 0 seconds.
Filetype options:  --export_color_images
Number of workers: 4
File 'scene0218_00' not found or not readable, it must be just a scene name.
Processing scenes from: /tmp/tmp.meOqYATnEb
------------------------
Running in parallel with 4 workers.
xargs: warning: options --max-args and --replace/-I/-i are mutually exclusive, ignoring previous --max-args value
Processing scene: scene0218_00
Deleting the folders that have been archived...
Completed processing: scene0218_00
------------------------
All scenes processed successfully!

To extract archives later, use:
dar -R . -O -wa -x color -v -g color
dar -R . -O -wa -x depth -v -g depth
dar -R . -O -wa -x pose -v -g pose
dar -R . -O -wa -x intrinsic -v -g intrinsic
Total running time: 0 minutes and 0 seconds.
Filetype options:  --export_color_images
Number of workers: 4
File 'scene0220_00' not found or not readable, it must be just a scene name.
Processing scenes from: /tmp/tmp.wWD5Utva3R
------------------------
Running in parallel with 4 workers.
xargs: warning: options --max-args and --replace/-I/-i are mutually exclusive, ignoring previous --max-args value
Processing scene: scene0220_00
Deleting the folders that have been archived...
Completed processing: scene0220_00
------------------------
All scenes processed successfully!

To extract archives later, use:
dar -R . -O -wa -x color -v -g color
dar -R . -O -wa -x depth -v -g depth
dar -R . -O -wa -x pose -v -g pose
dar -R . -O -wa -x intrinsic -v -g intrinsic
Total running time: 0 minutes and 0 seconds.
Filetype options:  --export_color_images
Number of workers: 4
File 'scene0223_00' not found or not readable, it must be just a scene name.
Processing scenes from: /tmp/tmp.M9ctEhebp4
------------------------
Running in parallel with 4 workers.
xargs: warning: options --max-args and --replace/-I/-i are mutually exclusive, ignoring previous --max-args value
Processing scene: scene0223_00
Deleting the folders that have been archived...
Completed processing: scene0223_00
------------------------
All scenes processed successfully!

To extract archives later, use:
dar -R . -O -wa -x color -v -g color
dar -R . -O -wa -x depth -v -g depth
dar -R . -O -wa -x pose -v -g pose
dar -R . -O -wa -x intrinsic -v -g intrinsic
Total running time: 0 minutes and 0 seconds.
Filetype options:  --export_color_images
Number of workers: 4
File 'scene0224_00' not found or not readable, it must be just a scene name.
Processing scenes from: /tmp/tmp.t3Bf3Hay5r
------------------------
Running in parallel with 4 workers.
xargs: warning: options --max-args and --replace/-I/-i are mutually exclusive, ignoring previous --max-args value
Processing scene: scene0224_00
Deleting the folders that have been archived...
Completed processing: scene0224_00
------------------------
All scenes processed successfully!

To extract archives later, use:
dar -R . -O -wa -x color -v -g color
dar -R . -O -wa -x depth -v -g depth
dar -R . -O -wa -x pose -v -g pose
dar -R . -O -wa -x intrinsic -v -g intrinsic
Total running time: 0 minutes and 0 seconds.
Filetype options:  --export_color_images
Number of workers: 4
File 'scene0225_00' not found or not readable, it must be just a scene name.
Processing scenes from: /tmp/tmp.jfRk1V22HQ
------------------------
Running in parallel with 4 workers.
xargs: warning: options --max-args and --replace/-I/-i are mutually exclusive, ignoring previous --max-args value
Processing scene: scene0225_00
Deleting the folders that have been archived...
Completed processing: scene0225_00
------------------------
All scenes processed successfully!

To extract archives later, use:
dar -R . -O -wa -x color -v -g color
dar -R . -O -wa -x depth -v -g depth
dar -R . -O -wa -x pose -v -g pose
dar -R . -O -wa -x intrinsic -v -g intrinsic
Total running time: 0 minutes and 0 seconds.
Filetype options:  --export_color_images
Number of workers: 4
File 'scene0226_00' not found or not readable, it must be just a scene name.
Processing scenes from: /tmp/tmp.uFOM6ZOwkB
------------------------
Running in parallel with 4 workers.
xargs: warning: options --max-args and --replace/-I/-i are mutually exclusive, ignoring previous --max-args value
Processing scene: scene0226_00
Deleting the folders that have been archived...
Completed processing: scene0226_00
------------------------
All scenes processed successfully!

To extract archives later, use:
dar -R . -O -wa -x color -v -g color
dar -R . -O -wa -x depth -v -g depth
dar -R . -O -wa -x pose -v -g pose
dar -R . -O -wa -x intrinsic -v -g intrinsic
Total running time: 0 minutes and 0 seconds.
Filetype options:  --export_color_images
Number of workers: 4
File 'scene0227_00' not found or not readable, it must be just a scene name.
Processing scenes from: /tmp/tmp.NGo0rVGJ8j
------------------------
Running in parallel with 4 workers.
xargs: warning: options --max-args and --replace/-I/-i are mutually exclusive, ignoring previous --max-args value
Processing scene: scene0227_00
Deleting the folders that have been archived...
Completed processing: scene0227_00
------------------------
All scenes processed successfully!

To extract archives later, use:
dar -R . -O -wa -x color -v -g color
dar -R . -O -wa -x depth -v -g depth
dar -R . -O -wa -x pose -v -g pose
dar -R . -O -wa -x intrinsic -v -g intrinsic
Total running time: 0 minutes and 0 seconds.
Filetype options:  --export_color_images
Number of workers: 4
File 'scene0229_00' not found or not readable, it must be just a scene name.
Processing scenes from: /tmp/tmp.aFuwVgcexk
------------------------
Running in parallel with 4 workers.
xargs: warning: options --max-args and --replace/-I/-i are mutually exclusive, ignoring previous --max-args value
Processing scene: scene0229_00
Deleting the folders that have been archived...
Completed processing: scene0229_00
------------------------
All scenes processed successfully!

To extract archives later, use:
dar -R . -O -wa -x color -v -g color
dar -R . -O -wa -x depth -v -g depth
dar -R . -O -wa -x pose -v -g pose
dar -R . -O -wa -x intrinsic -v -g intrinsic
Total running time: 0 minutes and 0 seconds.
Filetype options:  --export_color_images
Number of workers: 4
File 'scene0230_00' not found or not readable, it must be just a scene name.
Processing scenes from: /tmp/tmp.XnDZSPbb0W
------------------------
Running in parallel with 4 workers.
xargs: warning: options --max-args and --replace/-I/-i are mutually exclusive, ignoring previous --max-args value
Processing scene: scene0230_00
Deleting the folders that have been archived...
Completed processing: scene0230_00
------------------------
All scenes processed successfully!

To extract archives later, use:
dar -R . -O -wa -x color -v -g color
dar -R . -O -wa -x depth -v -g depth
dar -R . -O -wa -x pose -v -g pose
dar -R . -O -wa -x intrinsic -v -g intrinsic
Total running time: 0 minutes and 0 seconds.
Filetype options:  --export_color_images
Number of workers: 4
File 'scene0232_00' not found or not readable, it must be just a scene name.
Processing scenes from: /tmp/tmp.nj6kyYm5ra
------------------------
Running in parallel with 4 workers.
xargs: warning: options --max-args and --replace/-I/-i are mutually exclusive, ignoring previous --max-args value
Processing scene: scene0232_00
Deleting the folders that have been archived...
Completed processing: scene0232_00
------------------------
All scenes processed successfully!

To extract archives later, use:
dar -R . -O -wa -x color -v -g color
dar -R . -O -wa -x depth -v -g depth
dar -R . -O -wa -x pose -v -g pose
dar -R . -O -wa -x intrinsic -v -g intrinsic
Total running time: 0 minutes and 0 seconds.
Filetype options:  --export_color_images
Number of workers: 4
File 'scene0233_00' not found or not readable, it must be just a scene name.
Processing scenes from: /tmp/tmp.epK9mcwK5H
------------------------
Running in parallel with 4 workers.
xargs: warning: options --max-args and --replace/-I/-i are mutually exclusive, ignoring previous --max-args value
Processing scene: scene0233_00
Deleting the folders that have been archived...
Completed processing: scene0233_00
------------------------
All scenes processed successfully!

To extract archives later, use:
dar -R . -O -wa -x color -v -g color
dar -R . -O -wa -x depth -v -g depth
dar -R . -O -wa -x pose -v -g pose
dar -R . -O -wa -x intrinsic -v -g intrinsic
Total running time: 0 minutes and 0 seconds.
Filetype options:  --export_color_images
Number of workers: 4
File 'scene0234_00' not found or not readable, it must be just a scene name.
Processing scenes from: /tmp/tmp.4WVjL3VVRN
------------------------
Running in parallel with 4 workers.
xargs: warning: options --max-args and --replace/-I/-i are mutually exclusive, ignoring previous --max-args value
Processing scene: scene0234_00
Deleting the folders that have been archived...
Completed processing: scene0234_00
------------------------
All scenes processed successfully!

To extract archives later, use:
dar -R . -O -wa -x color -v -g color
dar -R . -O -wa -x depth -v -g depth
dar -R . -O -wa -x pose -v -g pose
dar -R . -O -wa -x intrinsic -v -g intrinsic
Total running time: 0 minutes and 1 seconds.
Filetype options:  --export_color_images
Number of workers: 4
File 'scene0235_00' not found or not readable, it must be just a scene name.
Processing scenes from: /tmp/tmp.WUqGcoQTpe
------------------------
Running in parallel with 4 workers.
xargs: warning: options --max-args and --replace/-I/-i are mutually exclusive, ignoring previous --max-args value
Processing scene: scene0235_00
Deleting the folders that have been archived...
Completed processing: scene0235_00
------------------------
All scenes processed successfully!

To extract archives later, use:
dar -R . -O -wa -x color -v -g color
dar -R . -O -wa -x depth -v -g depth
dar -R . -O -wa -x pose -v -g pose
dar -R . -O -wa -x intrinsic -v -g intrinsic
Total running time: 0 minutes and 0 seconds.
Filetype options:  --export_color_images
Number of workers: 4
File 'scene0236_00' not found or not readable, it must be just a scene name.
Processing scenes from: /tmp/tmp.bZrRJR0rng
------------------------
Running in parallel with 4 workers.
xargs: warning: options --max-args and --replace/-I/-i are mutually exclusive, ignoring previous --max-args value
Processing scene: scene0236_00
Deleting the folders that have been archived...
Completed processing: scene0236_00
------------------------
All scenes processed successfully!

To extract archives later, use:
dar -R . -O -wa -x color -v -g color
dar -R . -O -wa -x depth -v -g depth
dar -R . -O -wa -x pose -v -g pose
dar -R . -O -wa -x intrinsic -v -g intrinsic
Total running time: 0 minutes and 0 seconds.
Filetype options:  --export_color_images
Number of workers: 4
File 'scene0237_00' not found or not readable, it must be just a scene name.
Processing scenes from: /tmp/tmp.XrSIS0ObKL
------------------------
Running in parallel with 4 workers.
xargs: warning: options --max-args and --replace/-I/-i are mutually exclusive, ignoring previous --max-args value
Processing scene: scene0237_00
Deleting the folders that have been archived...
Completed processing: scene0237_00
------------------------
All scenes processed successfully!

To extract archives later, use:
dar -R . -O -wa -x color -v -g color
dar -R . -O -wa -x depth -v -g depth
dar -R . -O -wa -x pose -v -g pose
dar -R . -O -wa -x intrinsic -v -g intrinsic
Total running time: 0 minutes and 1 seconds.
Filetype options:  --export_color_images
Number of workers: 4
File 'scene0238_00' not found or not readable, it must be just a scene name.
Processing scenes from: /tmp/tmp.3IxUTS6UzZ
------------------------
Running in parallel with 4 workers.
xargs: warning: options --max-args and --replace/-I/-i are mutually exclusive, ignoring previous --max-args value
Processing scene: scene0238_00
Deleting the folders that have been archived...
Completed processing: scene0238_00
------------------------
All scenes processed successfully!

To extract archives later, use:
dar -R . -O -wa -x color -v -g color
dar -R . -O -wa -x depth -v -g depth
dar -R . -O -wa -x pose -v -g pose
dar -R . -O -wa -x intrinsic -v -g intrinsic
Total running time: 0 minutes and 0 seconds.
Filetype options:  --export_color_images
Number of workers: 4
File 'scene0239_00' not found or not readable, it must be just a scene name.
Processing scenes from: /tmp/tmp.aCcJY3Qe5U
------------------------
Running in parallel with 4 workers.
xargs: warning: options --max-args and --replace/-I/-i are mutually exclusive, ignoring previous --max-args value
Processing scene: scene0239_00
Deleting the folders that have been archived...
Completed processing: scene0239_00
------------------------
All scenes processed successfully!

To extract archives later, use:
dar -R . -O -wa -x color -v -g color
dar -R . -O -wa -x depth -v -g depth
dar -R . -O -wa -x pose -v -g pose
dar -R . -O -wa -x intrinsic -v -g intrinsic
Total running time: 0 minutes and 0 seconds.
Filetype options:  --export_color_images
Number of workers: 4
File 'scene0240_00' not found or not readable, it must be just a scene name.
Processing scenes from: /tmp/tmp.GKxhTmRbhI
------------------------
Running in parallel with 4 workers.
xargs: warning: options --max-args and --replace/-I/-i are mutually exclusive, ignoring previous --max-args value
Processing scene: scene0240_00
Deleting the folders that have been archived...
Completed processing: scene0240_00
------------------------
All scenes processed successfully!

To extract archives later, use:
dar -R . -O -wa -x color -v -g color
dar -R . -O -wa -x depth -v -g depth
dar -R . -O -wa -x pose -v -g pose
dar -R . -O -wa -x intrinsic -v -g intrinsic
Total running time: 0 minutes and 0 seconds.
Filetype options:  --export_color_images
Number of workers: 4
File 'scene0241_00' not found or not readable, it must be just a scene name.
Processing scenes from: /tmp/tmp.h1L082sYG2
------------------------
Running in parallel with 4 workers.
xargs: warning: options --max-args and --replace/-I/-i are mutually exclusive, ignoring previous --max-args value
Processing scene: scene0241_00
Deleting the folders that have been archived...
Completed processing: scene0241_00
------------------------
All scenes processed successfully!

To extract archives later, use:
dar -R . -O -wa -x color -v -g color
dar -R . -O -wa -x depth -v -g depth
dar -R . -O -wa -x pose -v -g pose
dar -R . -O -wa -x intrinsic -v -g intrinsic
Total running time: 0 minutes and 0 seconds.
Filetype options:  --export_color_images
Number of workers: 4
File 'scene0242_00' not found or not readable, it must be just a scene name.
Processing scenes from: /tmp/tmp.ZDlPhgVm1f
------------------------
Running in parallel with 4 workers.
xargs: warning: options --max-args and --replace/-I/-i are mutually exclusive, ignoring previous --max-args value
Processing scene: scene0242_00
Deleting the folders that have been archived...
Completed processing: scene0242_00
------------------------
All scenes processed successfully!

To extract archives later, use:
dar -R . -O -wa -x color -v -g color
dar -R . -O -wa -x depth -v -g depth
dar -R . -O -wa -x pose -v -g pose
dar -R . -O -wa -x intrinsic -v -g intrinsic
Total running time: 0 minutes and 0 seconds.
Filetype options:  --export_color_images
Number of workers: 4
File 'scene0243_00' not found or not readable, it must be just a scene name.
Processing scenes from: /tmp/tmp.LyDu9iG4KA
------------------------
Running in parallel with 4 workers.
xargs: warning: options --max-args and --replace/-I/-i are mutually exclusive, ignoring previous --max-args value
Processing scene: scene0243_00
Deleting the folders that have been archived...
Completed processing: scene0243_00
------------------------
All scenes processed successfully!

To extract archives later, use:
dar -R . -O -wa -x color -v -g color
dar -R . -O -wa -x depth -v -g depth
dar -R . -O -wa -x pose -v -g pose
dar -R . -O -wa -x intrinsic -v -g intrinsic
Total running time: 0 minutes and 0 seconds.
Filetype options:  --export_color_images
Number of workers: 4
File 'scene0244_00' not found or not readable, it must be just a scene name.
Processing scenes from: /tmp/tmp.2H0L4purbx
------------------------
Running in parallel with 4 workers.
xargs: warning: options --max-args and --replace/-I/-i are mutually exclusive, ignoring previous --max-args value
Processing scene: scene0244_00
Deleting the folders that have been archived...
Completed processing: scene0244_00
------------------------
All scenes processed successfully!

To extract archives later, use:
dar -R . -O -wa -x color -v -g color
dar -R . -O -wa -x depth -v -g depth
dar -R . -O -wa -x pose -v -g pose
dar -R . -O -wa -x intrinsic -v -g intrinsic
Total running time: 0 minutes and 0 seconds.
Filetype options:  --export_color_images
Number of workers: 4
File 'scene0245_00' not found or not readable, it must be just a scene name.
Processing scenes from: /tmp/tmp.VT1wRpTXzV
------------------------
Running in parallel with 4 workers.
xargs: warning: options --max-args and --replace/-I/-i are mutually exclusive, ignoring previous --max-args value
Processing scene: scene0245_00
Deleting the folders that have been archived...
Completed processing: scene0245_00
------------------------
All scenes processed successfully!

To extract archives later, use:
dar -R . -O -wa -x color -v -g color
dar -R . -O -wa -x depth -v -g depth
dar -R . -O -wa -x pose -v -g pose
dar -R . -O -wa -x intrinsic -v -g intrinsic
Total running time: 0 minutes and 0 seconds.
Filetype options:  --export_color_images
Number of workers: 4
File 'scene0247_00' not found or not readable, it must be just a scene name.
Processing scenes from: /tmp/tmp.ltIsYMCf68
------------------------
Running in parallel with 4 workers.
xargs: warning: options --max-args and --replace/-I/-i are mutually exclusive, ignoring previous --max-args value
Processing scene: scene0247_00
Deleting the folders that have been archived...
Completed processing: scene0247_00
------------------------
All scenes processed successfully!

To extract archives later, use:
dar -R . -O -wa -x color -v -g color
dar -R . -O -wa -x depth -v -g depth
dar -R . -O -wa -x pose -v -g pose
dar -R . -O -wa -x intrinsic -v -g intrinsic
Total running time: 0 minutes and 0 seconds.
Filetype options:  --export_color_images
Number of workers: 4
File 'scene0248_00' not found or not readable, it must be just a scene name.
Processing scenes from: /tmp/tmp.5wnFsrTvIa
------------------------
Running in parallel with 4 workers.
xargs: warning: options --max-args and --replace/-I/-i are mutually exclusive, ignoring previous --max-args value
Processing scene: scene0248_00
Deleting the folders that have been archived...
Completed processing: scene0248_00
------------------------
All scenes processed successfully!

To extract archives later, use:
dar -R . -O -wa -x color -v -g color
dar -R . -O -wa -x depth -v -g depth
dar -R . -O -wa -x pose -v -g pose
dar -R . -O -wa -x intrinsic -v -g intrinsic
Total running time: 0 minutes and 0 seconds.
Filetype options:  --export_color_images
Number of workers: 4
File 'scene0250_00' not found or not readable, it must be just a scene name.
Processing scenes from: /tmp/tmp.zOHYnmJtBU
------------------------
Running in parallel with 4 workers.
xargs: warning: options --max-args and --replace/-I/-i are mutually exclusive, ignoring previous --max-args value
Processing scene: scene0250_00
Deleting the folders that have been archived...
Completed processing: scene0250_00
------------------------
All scenes processed successfully!

To extract archives later, use:
dar -R . -O -wa -x color -v -g color
dar -R . -O -wa -x depth -v -g depth
dar -R . -O -wa -x pose -v -g pose
dar -R . -O -wa -x intrinsic -v -g intrinsic
Total running time: 0 minutes and 0 seconds.
Filetype options:  --export_color_images
Number of workers: 4
File 'scene0252_00' not found or not readable, it must be just a scene name.
Processing scenes from: /tmp/tmp.Ble4veITtu
------------------------
Running in parallel with 4 workers.
xargs: warning: options --max-args and --replace/-I/-i are mutually exclusive, ignoring previous --max-args value
Processing scene: scene0252_00
Deleting the folders that have been archived...
Completed processing: scene0252_00
------------------------
All scenes processed successfully!

To extract archives later, use:
dar -R . -O -wa -x color -v -g color
dar -R . -O -wa -x depth -v -g depth
dar -R . -O -wa -x pose -v -g pose
dar -R . -O -wa -x intrinsic -v -g intrinsic
Total running time: 0 minutes and 0 seconds.
Filetype options:  --export_color_images
Number of workers: 4
File 'scene0253_00' not found or not readable, it must be just a scene name.
Processing scenes from: /tmp/tmp.ly5lykrcd7
------------------------
Running in parallel with 4 workers.
xargs: warning: options --max-args and --replace/-I/-i are mutually exclusive, ignoring previous --max-args value
Processing scene: scene0253_00
Deleting the folders that have been archived...
Completed processing: scene0253_00
------------------------
All scenes processed successfully!

To extract archives later, use:
dar -R . -O -wa -x color -v -g color
dar -R . -O -wa -x depth -v -g depth
dar -R . -O -wa -x pose -v -g pose
dar -R . -O -wa -x intrinsic -v -g intrinsic
Total running time: 0 minutes and 0 seconds.
Filetype options:  --export_color_images
Number of workers: 4
File 'scene0254_00' not found or not readable, it must be just a scene name.
Processing scenes from: /tmp/tmp.YiJ80xg2Tc
------------------------
Running in parallel with 4 workers.
xargs: warning: options --max-args and --replace/-I/-i are mutually exclusive, ignoring previous --max-args value
Processing scene: scene0254_00
Deleting the folders that have been archived...
Completed processing: scene0254_00
------------------------
All scenes processed successfully!

To extract archives later, use:
dar -R . -O -wa -x color -v -g color
dar -R . -O -wa -x depth -v -g depth
dar -R . -O -wa -x pose -v -g pose
dar -R . -O -wa -x intrinsic -v -g intrinsic
Total running time: 0 minutes and 0 seconds.
Filetype options:  --export_color_images
Number of workers: 4
File 'scene0255_00' not found or not readable, it must be just a scene name.
Processing scenes from: /tmp/tmp.i9mZoaxEVw
------------------------
Running in parallel with 4 workers.
xargs: warning: options --max-args and --replace/-I/-i are mutually exclusive, ignoring previous --max-args value
Processing scene: scene0255_00
Deleting the folders that have been archived...
Completed processing: scene0255_00
------------------------
All scenes processed successfully!

To extract archives later, use:
dar -R . -O -wa -x color -v -g color
dar -R . -O -wa -x depth -v -g depth
dar -R . -O -wa -x pose -v -g pose
dar -R . -O -wa -x intrinsic -v -g intrinsic
Total running time: 0 minutes and 0 seconds.
Filetype options:  --export_color_images
Number of workers: 4
File 'scene0258_00' not found or not readable, it must be just a scene name.
Processing scenes from: /tmp/tmp.YJu8ZWvE3d
------------------------
Running in parallel with 4 workers.
xargs: warning: options --max-args and --replace/-I/-i are mutually exclusive, ignoring previous --max-args value
Processing scene: scene0258_00
Deleting the folders that have been archived...
Completed processing: scene0258_00
------------------------
All scenes processed successfully!

To extract archives later, use:
dar -R . -O -wa -x color -v -g color
dar -R . -O -wa -x depth -v -g depth
dar -R . -O -wa -x pose -v -g pose
dar -R . -O -wa -x intrinsic -v -g intrinsic
Total running time: 0 minutes and 0 seconds.
Filetype options:  --export_color_images
Number of workers: 4
File 'scene0259_00' not found or not readable, it must be just a scene name.
Processing scenes from: /tmp/tmp.zNnYQ9l3TR
------------------------
Running in parallel with 4 workers.
xargs: warning: options --max-args and --replace/-I/-i are mutually exclusive, ignoring previous --max-args value
Processing scene: scene0259_00
Deleting the folders that have been archived...
Completed processing: scene0259_00
------------------------
All scenes processed successfully!

To extract archives later, use:
dar -R . -O -wa -x color -v -g color
dar -R . -O -wa -x depth -v -g depth
dar -R . -O -wa -x pose -v -g pose
dar -R . -O -wa -x intrinsic -v -g intrinsic
Total running time: 0 minutes and 0 seconds.
Filetype options:  --export_color_images
Number of workers: 4
File 'scene0260_00' not found or not readable, it must be just a scene name.
Processing scenes from: /tmp/tmp.uR8C9d7enI
------------------------
Running in parallel with 4 workers.
xargs: warning: options --max-args and --replace/-I/-i are mutually exclusive, ignoring previous --max-args value
Processing scene: scene0260_00
Deleting the folders that have been archived...
Completed processing: scene0260_00
------------------------
All scenes processed successfully!

To extract archives later, use:
dar -R . -O -wa -x color -v -g color
dar -R . -O -wa -x depth -v -g depth
dar -R . -O -wa -x pose -v -g pose
dar -R . -O -wa -x intrinsic -v -g intrinsic
Total running time: 0 minutes and 0 seconds.
Filetype options:  --export_color_images
Number of workers: 4
File 'scene0261_00' not found or not readable, it must be just a scene name.
Processing scenes from: /tmp/tmp.ueLLjt8ze7
------------------------
Running in parallel with 4 workers.
xargs: warning: options --max-args and --replace/-I/-i are mutually exclusive, ignoring previous --max-args value
Processing scene: scene0261_00
Deleting the folders that have been archived...
Completed processing: scene0261_00
------------------------
All scenes processed successfully!

To extract archives later, use:
dar -R . -O -wa -x color -v -g color
dar -R . -O -wa -x depth -v -g depth
dar -R . -O -wa -x pose -v -g pose
dar -R . -O -wa -x intrinsic -v -g intrinsic
Total running time: 0 minutes and 0 seconds.
Filetype options:  --export_color_images
Number of workers: 4
File 'scene0262_00' not found or not readable, it must be just a scene name.
Processing scenes from: /tmp/tmp.XvRwPvyDnc
------------------------
Running in parallel with 4 workers.
xargs: warning: options --max-args and --replace/-I/-i are mutually exclusive, ignoring previous --max-args value
Processing scene: scene0262_00
Deleting the folders that have been archived...
Completed processing: scene0262_00
------------------------
All scenes processed successfully!

To extract archives later, use:
dar -R . -O -wa -x color -v -g color
dar -R . -O -wa -x depth -v -g depth
dar -R . -O -wa -x pose -v -g pose
dar -R . -O -wa -x intrinsic -v -g intrinsic
Total running time: 0 minutes and 0 seconds.
Filetype options:  --export_color_images
Number of workers: 4
File 'scene0263_00' not found or not readable, it must be just a scene name.
Processing scenes from: /tmp/tmp.2LatUoJ0TW
------------------------
Running in parallel with 4 workers.
xargs: warning: options --max-args and --replace/-I/-i are mutually exclusive, ignoring previous --max-args value
Processing scene: scene0263_00
Deleting the folders that have been archived...
Completed processing: scene0263_00
------------------------
All scenes processed successfully!

To extract archives later, use:
dar -R . -O -wa -x color -v -g color
dar -R . -O -wa -x depth -v -g depth
dar -R . -O -wa -x pose -v -g pose
dar -R . -O -wa -x intrinsic -v -g intrinsic
Total running time: 0 minutes and 0 seconds.
Filetype options:  --export_color_images
Number of workers: 4
File 'scene0264_00' not found or not readable, it must be just a scene name.
Processing scenes from: /tmp/tmp.rkC5HPqJwW
------------------------
Running in parallel with 4 workers.
xargs: warning: options --max-args and --replace/-I/-i are mutually exclusive, ignoring previous --max-args value
Processing scene: scene0264_00
Deleting the folders that have been archived...
Completed processing: scene0264_00
------------------------
All scenes processed successfully!

To extract archives later, use:
dar -R . -O -wa -x color -v -g color
dar -R . -O -wa -x depth -v -g depth
dar -R . -O -wa -x pose -v -g pose
dar -R . -O -wa -x intrinsic -v -g intrinsic
Total running time: 0 minutes and 0 seconds.
Filetype options:  --export_color_images
Number of workers: 4
File 'scene0265_00' not found or not readable, it must be just a scene name.
Processing scenes from: /tmp/tmp.nFGPLjEgXx
------------------------
Running in parallel with 4 workers.
xargs: warning: options --max-args and --replace/-I/-i are mutually exclusive, ignoring previous --max-args value
Processing scene: scene0265_00
Deleting the folders that have been archived...
Completed processing: scene0265_00
------------------------
All scenes processed successfully!

To extract archives later, use:
dar -R . -O -wa -x color -v -g color
dar -R . -O -wa -x depth -v -g depth
dar -R . -O -wa -x pose -v -g pose
dar -R . -O -wa -x intrinsic -v -g intrinsic
Total running time: 0 minutes and 0 seconds.
Filetype options:  --export_color_images
Number of workers: 4
File 'scene0266_00' not found or not readable, it must be just a scene name.
Processing scenes from: /tmp/tmp.IRU5JLmDgD
------------------------
Running in parallel with 4 workers.
xargs: warning: options --max-args and --replace/-I/-i are mutually exclusive, ignoring previous --max-args value
Processing scene: scene0266_00
Deleting the folders that have been archived...
Completed processing: scene0266_00
------------------------
All scenes processed successfully!

To extract archives later, use:
dar -R . -O -wa -x color -v -g color
dar -R . -O -wa -x depth -v -g depth
dar -R . -O -wa -x pose -v -g pose
dar -R . -O -wa -x intrinsic -v -g intrinsic
Total running time: 0 minutes and 0 seconds.
Filetype options:  --export_color_images
Number of workers: 4
File 'scene0267_00' not found or not readable, it must be just a scene name.
Processing scenes from: /tmp/tmp.CwUWGSGgOA
------------------------
Running in parallel with 4 workers.
xargs: warning: options --max-args and --replace/-I/-i are mutually exclusive, ignoring previous --max-args value
Processing scene: scene0267_00
Deleting the folders that have been archived...
Completed processing: scene0267_00
------------------------
All scenes processed successfully!

To extract archives later, use:
dar -R . -O -wa -x color -v -g color
dar -R . -O -wa -x depth -v -g depth
dar -R . -O -wa -x pose -v -g pose
dar -R . -O -wa -x intrinsic -v -g intrinsic
Total running time: 0 minutes and 0 seconds.
Filetype options:  --export_color_images
Number of workers: 4
File 'scene0268_00' not found or not readable, it must be just a scene name.
Processing scenes from: /tmp/tmp.XiTSNQXKpD
------------------------
Running in parallel with 4 workers.
xargs: warning: options --max-args and --replace/-I/-i are mutually exclusive, ignoring previous --max-args value
Processing scene: scene0268_00
Deleting the folders that have been archived...
Completed processing: scene0268_00
------------------------
All scenes processed successfully!

To extract archives later, use:
dar -R . -O -wa -x color -v -g color
dar -R . -O -wa -x depth -v -g depth
dar -R . -O -wa -x pose -v -g pose
dar -R . -O -wa -x intrinsic -v -g intrinsic
Total running time: 0 minutes and 0 seconds.
Filetype options:  --export_color_images
Number of workers: 4
File 'scene0270_00' not found or not readable, it must be just a scene name.
Processing scenes from: /tmp/tmp.22Y8cwG0uh
------------------------
Running in parallel with 4 workers.
xargs: warning: options --max-args and --replace/-I/-i are mutually exclusive, ignoring previous --max-args value
Processing scene: scene0270_00
Deleting the folders that have been archived...
Completed processing: scene0270_00
------------------------
All scenes processed successfully!

To extract archives later, use:
dar -R . -O -wa -x color -v -g color
dar -R . -O -wa -x depth -v -g depth
dar -R . -O -wa -x pose -v -g pose
dar -R . -O -wa -x intrinsic -v -g intrinsic
Total running time: 0 minutes and 0 seconds.
Filetype options:  --export_color_images
Number of workers: 4
File 'scene0271_00' not found or not readable, it must be just a scene name.
Processing scenes from: /tmp/tmp.DXuzeG6fh0
------------------------
Running in parallel with 4 workers.
xargs: warning: options --max-args and --replace/-I/-i are mutually exclusive, ignoring previous --max-args value
Processing scene: scene0271_00
Deleting the folders that have been archived...
Completed processing: scene0271_00
------------------------
All scenes processed successfully!

To extract archives later, use:
dar -R . -O -wa -x color -v -g color
dar -R . -O -wa -x depth -v -g depth
dar -R . -O -wa -x pose -v -g pose
dar -R . -O -wa -x intrinsic -v -g intrinsic
Total running time: 0 minutes and 0 seconds.
Filetype options:  --export_color_images
Number of workers: 4
File 'scene0272_00' not found or not readable, it must be just a scene name.
Processing scenes from: /tmp/tmp.XXXW11OI1Q
------------------------
Running in parallel with 4 workers.
xargs: warning: options --max-args and --replace/-I/-i are mutually exclusive, ignoring previous --max-args value
Processing scene: scene0272_00
Deleting the folders that have been archived...
Completed processing: scene0272_00
------------------------
All scenes processed successfully!

To extract archives later, use:
dar -R . -O -wa -x color -v -g color
dar -R . -O -wa -x depth -v -g depth
dar -R . -O -wa -x pose -v -g pose
dar -R . -O -wa -x intrinsic -v -g intrinsic
Total running time: 0 minutes and 0 seconds.
Filetype options:  --export_color_images
Number of workers: 4
File 'scene0273_00' not found or not readable, it must be just a scene name.
Processing scenes from: /tmp/tmp.RZQlSqiRMr
------------------------
Running in parallel with 4 workers.
xargs: warning: options --max-args and --replace/-I/-i are mutually exclusive, ignoring previous --max-args value
Processing scene: scene0273_00
Deleting the folders that have been archived...
Completed processing: scene0273_00
------------------------
All scenes processed successfully!

To extract archives later, use:
dar -R . -O -wa -x color -v -g color
dar -R . -O -wa -x depth -v -g depth
dar -R . -O -wa -x pose -v -g pose
dar -R . -O -wa -x intrinsic -v -g intrinsic
Total running time: 0 minutes and 0 seconds.
Filetype options:  --export_color_images
Number of workers: 4
File 'scene0274_00' not found or not readable, it must be just a scene name.
Processing scenes from: /tmp/tmp.HCakWOepDd
------------------------
Running in parallel with 4 workers.
xargs: warning: options --max-args and --replace/-I/-i are mutually exclusive, ignoring previous --max-args value
Processing scene: scene0274_00
Deleting the folders that have been archived...
Completed processing: scene0274_00
------------------------
All scenes processed successfully!

To extract archives later, use:
dar -R . -O -wa -x color -v -g color
dar -R . -O -wa -x depth -v -g depth
dar -R . -O -wa -x pose -v -g pose
dar -R . -O -wa -x intrinsic -v -g intrinsic
Total running time: 0 minutes and 0 seconds.
Filetype options:  --export_color_images
Number of workers: 4
File 'scene0275_00' not found or not readable, it must be just a scene name.
Processing scenes from: /tmp/tmp.6xgR1Y9plT
------------------------
Running in parallel with 4 workers.
xargs: warning: options --max-args and --replace/-I/-i are mutually exclusive, ignoring previous --max-args value
Processing scene: scene0275_00
Deleting the folders that have been archived...
Completed processing: scene0275_00
------------------------
All scenes processed successfully!

To extract archives later, use:
dar -R . -O -wa -x color -v -g color
dar -R . -O -wa -x depth -v -g depth
dar -R . -O -wa -x pose -v -g pose
dar -R . -O -wa -x intrinsic -v -g intrinsic
Total running time: 0 minutes and 0 seconds.
Filetype options:  --export_color_images
Number of workers: 4
File 'scene0276_00' not found or not readable, it must be just a scene name.
Processing scenes from: /tmp/tmp.PjP9pM3fCt
------------------------
Running in parallel with 4 workers.
xargs: warning: options --max-args and --replace/-I/-i are mutually exclusive, ignoring previous --max-args value
Processing scene: scene0276_00
Deleting the folders that have been archived...
Completed processing: scene0276_00
------------------------
All scenes processed successfully!

To extract archives later, use:
dar -R . -O -wa -x color -v -g color
dar -R . -O -wa -x depth -v -g depth
dar -R . -O -wa -x pose -v -g pose
dar -R . -O -wa -x intrinsic -v -g intrinsic
Total running time: 0 minutes and 0 seconds.
Filetype options:  --export_color_images
Number of workers: 4
File 'scene0279_00' not found or not readable, it must be just a scene name.
Processing scenes from: /tmp/tmp.yStyBbplvM
------------------------
Running in parallel with 4 workers.
xargs: warning: options --max-args and --replace/-I/-i are mutually exclusive, ignoring previous --max-args value
Processing scene: scene0279_00
Deleting the folders that have been archived...
Completed processing: scene0279_00
------------------------
All scenes processed successfully!

To extract archives later, use:
dar -R . -O -wa -x color -v -g color
dar -R . -O -wa -x depth -v -g depth
dar -R . -O -wa -x pose -v -g pose
dar -R . -O -wa -x intrinsic -v -g intrinsic
Total running time: 0 minutes and 0 seconds.
Filetype options:  --export_color_images
Number of workers: 4
File 'scene0280_00' not found or not readable, it must be just a scene name.
Processing scenes from: /tmp/tmp.L7lQ0yPcIs
------------------------
Running in parallel with 4 workers.
xargs: warning: options --max-args and --replace/-I/-i are mutually exclusive, ignoring previous --max-args value
Processing scene: scene0280_00
Deleting the folders that have been archived...
Completed processing: scene0280_00
------------------------
All scenes processed successfully!

To extract archives later, use:
dar -R . -O -wa -x color -v -g color
dar -R . -O -wa -x depth -v -g depth
dar -R . -O -wa -x pose -v -g pose
dar -R . -O -wa -x intrinsic -v -g intrinsic
Total running time: 0 minutes and 0 seconds.
Filetype options:  --export_color_images
Number of workers: 4
File 'scene0281_00' not found or not readable, it must be just a scene name.
Processing scenes from: /tmp/tmp.PlLGN7E3On
------------------------
Running in parallel with 4 workers.
xargs: warning: options --max-args and --replace/-I/-i are mutually exclusive, ignoring previous --max-args value
Processing scene: scene0281_00
Deleting the folders that have been archived...
Completed processing: scene0281_00
------------------------
All scenes processed successfully!

To extract archives later, use:
dar -R . -O -wa -x color -v -g color
dar -R . -O -wa -x depth -v -g depth
dar -R . -O -wa -x pose -v -g pose
dar -R . -O -wa -x intrinsic -v -g intrinsic
Total running time: 0 minutes and 0 seconds.
Filetype options:  --export_color_images
Number of workers: 4
File 'scene0282_00' not found or not readable, it must be just a scene name.
Processing scenes from: /tmp/tmp.TGJUTcLQlm
------------------------
Running in parallel with 4 workers.
xargs: warning: options --max-args and --replace/-I/-i are mutually exclusive, ignoring previous --max-args value
Processing scene: scene0282_00
Deleting the folders that have been archived...
Completed processing: scene0282_00
------------------------
All scenes processed successfully!

To extract archives later, use:
dar -R . -O -wa -x color -v -g color
dar -R . -O -wa -x depth -v -g depth
dar -R . -O -wa -x pose -v -g pose
dar -R . -O -wa -x intrinsic -v -g intrinsic
Total running time: 0 minutes and 3 seconds.
Filetype options:  --export_color_images
Number of workers: 4
File 'scene0283_00' not found or not readable, it must be just a scene name.
Processing scenes from: /tmp/tmp.WT3IHNqBjq
------------------------
Running in parallel with 4 workers.
xargs: warning: options --max-args and --replace/-I/-i are mutually exclusive, ignoring previous --max-args value
Processing scene: scene0283_00
Deleting the folders that have been archived...
Completed processing: scene0283_00
------------------------
All scenes processed successfully!

To extract archives later, use:
dar -R . -O -wa -x color -v -g color
dar -R . -O -wa -x depth -v -g depth
dar -R . -O -wa -x pose -v -g pose
dar -R . -O -wa -x intrinsic -v -g intrinsic
Total running time: 0 minutes and 0 seconds.
Filetype options:  --export_color_images
Number of workers: 4
File 'scene0284_00' not found or not readable, it must be just a scene name.
Processing scenes from: /tmp/tmp.O0xJCGJEUI
------------------------
Running in parallel with 4 workers.
xargs: warning: options --max-args and --replace/-I/-i are mutually exclusive, ignoring previous --max-args value
Processing scene: scene0284_00
Deleting the folders that have been archived...
Completed processing: scene0284_00
------------------------
All scenes processed successfully!

To extract archives later, use:
dar -R . -O -wa -x color -v -g color
dar -R . -O -wa -x depth -v -g depth
dar -R . -O -wa -x pose -v -g pose
dar -R . -O -wa -x intrinsic -v -g intrinsic
Total running time: 0 minutes and 0 seconds.
Filetype options:  --export_color_images
Number of workers: 4
File 'scene0285_00' not found or not readable, it must be just a scene name.
Processing scenes from: /tmp/tmp.MvuNNUvOwr
------------------------
Running in parallel with 4 workers.
xargs: warning: options --max-args and --replace/-I/-i are mutually exclusive, ignoring previous --max-args value
Processing scene: scene0285_00
Deleting the folders that have been archived...
Completed processing: scene0285_00
------------------------
All scenes processed successfully!

To extract archives later, use:
dar -R . -O -wa -x color -v -g color
dar -R . -O -wa -x depth -v -g depth
dar -R . -O -wa -x pose -v -g pose
dar -R . -O -wa -x intrinsic -v -g intrinsic
Total running time: 0 minutes and 0 seconds.
Filetype options:  --export_color_images
Number of workers: 4
File 'scene0286_00' not found or not readable, it must be just a scene name.
Processing scenes from: /tmp/tmp.GDilZWlguy
------------------------
Running in parallel with 4 workers.
xargs: warning: options --max-args and --replace/-I/-i are mutually exclusive, ignoring previous --max-args value
Processing scene: scene0286_00
Deleting the folders that have been archived...
Completed processing: scene0286_00
------------------------
All scenes processed successfully!

To extract archives later, use:
dar -R . -O -wa -x color -v -g color
dar -R . -O -wa -x depth -v -g depth
dar -R . -O -wa -x pose -v -g pose
dar -R . -O -wa -x intrinsic -v -g intrinsic
Total running time: 0 minutes and 0 seconds.
Filetype options:  --export_color_images
Number of workers: 4
File 'scene0287_00' not found or not readable, it must be just a scene name.
Processing scenes from: /tmp/tmp.K0RuzEQDMC
------------------------
Running in parallel with 4 workers.
xargs: warning: options --max-args and --replace/-I/-i are mutually exclusive, ignoring previous --max-args value
Processing scene: scene0287_00
Deleting the folders that have been archived...
Completed processing: scene0287_00
------------------------
All scenes processed successfully!

To extract archives later, use:
dar -R . -O -wa -x color -v -g color
dar -R . -O -wa -x depth -v -g depth
dar -R . -O -wa -x pose -v -g pose
dar -R . -O -wa -x intrinsic -v -g intrinsic
Total running time: 0 minutes and 0 seconds.
Filetype options:  --export_color_images
Number of workers: 4
File 'scene0288_00' not found or not readable, it must be just a scene name.
Processing scenes from: /tmp/tmp.tyAmEjfG1M
------------------------
Running in parallel with 4 workers.
xargs: warning: options --max-args and --replace/-I/-i are mutually exclusive, ignoring previous --max-args value
Processing scene: scene0288_00
Deleting the folders that have been archived...
Completed processing: scene0288_00
------------------------
All scenes processed successfully!

To extract archives later, use:
dar -R . -O -wa -x color -v -g color
dar -R . -O -wa -x depth -v -g depth
dar -R . -O -wa -x pose -v -g pose
dar -R . -O -wa -x intrinsic -v -g intrinsic
Total running time: 0 minutes and 0 seconds.
Filetype options:  --export_color_images
Number of workers: 4
File 'scene0289_00' not found or not readable, it must be just a scene name.
Processing scenes from: /tmp/tmp.6HKLGWkLjz
------------------------
Running in parallel with 4 workers.
xargs: warning: options --max-args and --replace/-I/-i are mutually exclusive, ignoring previous --max-args value
Processing scene: scene0289_00
Deleting the folders that have been archived...
Completed processing: scene0289_00
------------------------
All scenes processed successfully!

To extract archives later, use:
dar -R . -O -wa -x color -v -g color
dar -R . -O -wa -x depth -v -g depth
dar -R . -O -wa -x pose -v -g pose
dar -R . -O -wa -x intrinsic -v -g intrinsic
Total running time: 0 minutes and 0 seconds.
Filetype options:  --export_color_images
Number of workers: 4
File 'scene0291_00' not found or not readable, it must be just a scene name.
Processing scenes from: /tmp/tmp.EzSATOQzqB
------------------------
Running in parallel with 4 workers.
xargs: warning: options --max-args and --replace/-I/-i are mutually exclusive, ignoring previous --max-args value
Processing scene: scene0291_00
Deleting the folders that have been archived...
Completed processing: scene0291_00
------------------------
All scenes processed successfully!

To extract archives later, use:
dar -R . -O -wa -x color -v -g color
dar -R . -O -wa -x depth -v -g depth
dar -R . -O -wa -x pose -v -g pose
dar -R . -O -wa -x intrinsic -v -g intrinsic
Total running time: 0 minutes and 0 seconds.
Filetype options:  --export_color_images
Number of workers: 4
File 'scene0292_00' not found or not readable, it must be just a scene name.
Processing scenes from: /tmp/tmp.gGyI802opu
------------------------
Running in parallel with 4 workers.
xargs: warning: options --max-args and --replace/-I/-i are mutually exclusive, ignoring previous --max-args value
Processing scene: scene0292_00
Deleting the folders that have been archived...
Completed processing: scene0292_00
------------------------
All scenes processed successfully!

To extract archives later, use:
dar -R . -O -wa -x color -v -g color
dar -R . -O -wa -x depth -v -g depth
dar -R . -O -wa -x pose -v -g pose
dar -R . -O -wa -x intrinsic -v -g intrinsic
Total running time: 0 minutes and 0 seconds.
Filetype options:  --export_color_images
Number of workers: 4
File 'scene0294_00' not found or not readable, it must be just a scene name.
Processing scenes from: /tmp/tmp.oAuZXQuyx5
------------------------
Running in parallel with 4 workers.
xargs: warning: options --max-args and --replace/-I/-i are mutually exclusive, ignoring previous --max-args value
Processing scene: scene0294_00
Deleting the folders that have been archived...
Completed processing: scene0294_00
------------------------
All scenes processed successfully!

To extract archives later, use:
dar -R . -O -wa -x color -v -g color
dar -R . -O -wa -x depth -v -g depth
dar -R . -O -wa -x pose -v -g pose
dar -R . -O -wa -x intrinsic -v -g intrinsic
Total running time: 0 minutes and 0 seconds.
Filetype options:  --export_color_images
Number of workers: 4
File 'scene0295_00' not found or not readable, it must be just a scene name.
Processing scenes from: /tmp/tmp.VUEznhAcK0
------------------------
Running in parallel with 4 workers.
xargs: warning: options --max-args and --replace/-I/-i are mutually exclusive, ignoring previous --max-args value
Processing scene: scene0295_00
Deleting the folders that have been archived...
Completed processing: scene0295_00
------------------------
All scenes processed successfully!

To extract archives later, use:
dar -R . -O -wa -x color -v -g color
dar -R . -O -wa -x depth -v -g depth
dar -R . -O -wa -x pose -v -g pose
dar -R . -O -wa -x intrinsic -v -g intrinsic
Total running time: 0 minutes and 0 seconds.
Filetype options:  --export_color_images
Number of workers: 4
File 'scene0296_00' not found or not readable, it must be just a scene name.
Processing scenes from: /tmp/tmp.iBixGJEPYR
------------------------
Running in parallel with 4 workers.
xargs: warning: options --max-args and --replace/-I/-i are mutually exclusive, ignoring previous --max-args value
Processing scene: scene0296_00
Deleting the folders that have been archived...
Completed processing: scene0296_00
------------------------
All scenes processed successfully!

To extract archives later, use:
dar -R . -O -wa -x color -v -g color
dar -R . -O -wa -x depth -v -g depth
dar -R . -O -wa -x pose -v -g pose
dar -R . -O -wa -x intrinsic -v -g intrinsic
Total running time: 0 minutes and 0 seconds.
Filetype options:  --export_color_images
Number of workers: 4
File 'scene0297_00' not found or not readable, it must be just a scene name.
Processing scenes from: /tmp/tmp.nZvYvrReVW
------------------------
Running in parallel with 4 workers.
xargs: warning: options --max-args and --replace/-I/-i are mutually exclusive, ignoring previous --max-args value
Processing scene: scene0297_00
Deleting the folders that have been archived...
Completed processing: scene0297_00
------------------------
All scenes processed successfully!

To extract archives later, use:
dar -R . -O -wa -x color -v -g color
dar -R . -O -wa -x depth -v -g depth
dar -R . -O -wa -x pose -v -g pose
dar -R . -O -wa -x intrinsic -v -g intrinsic
Total running time: 0 minutes and 0 seconds.
Filetype options:  --export_color_images
Number of workers: 4
File 'scene0298_00' not found or not readable, it must be just a scene name.
Processing scenes from: /tmp/tmp.cGtwv3rZdL
------------------------
Running in parallel with 4 workers.
xargs: warning: options --max-args and --replace/-I/-i are mutually exclusive, ignoring previous --max-args value
Processing scene: scene0298_00
Deleting the folders that have been archived...
Completed processing: scene0298_00
------------------------
All scenes processed successfully!

To extract archives later, use:
dar -R . -O -wa -x color -v -g color
dar -R . -O -wa -x depth -v -g depth
dar -R . -O -wa -x pose -v -g pose
dar -R . -O -wa -x intrinsic -v -g intrinsic
Total running time: 0 minutes and 0 seconds.
Filetype options:  --export_color_images
Number of workers: 4
File 'scene0299_00' not found or not readable, it must be just a scene name.
Processing scenes from: /tmp/tmp.Kgb3wOoypv
------------------------
Running in parallel with 4 workers.
xargs: warning: options --max-args and --replace/-I/-i are mutually exclusive, ignoring previous --max-args value
Processing scene: scene0299_00
Deleting the folders that have been archived...
Completed processing: scene0299_00
------------------------
All scenes processed successfully!

To extract archives later, use:
dar -R . -O -wa -x color -v -g color
dar -R . -O -wa -x depth -v -g depth
dar -R . -O -wa -x pose -v -g pose
dar -R . -O -wa -x intrinsic -v -g intrinsic
Total running time: 0 minutes and 0 seconds.
Filetype options:  --export_color_images
Number of workers: 4
File 'scene0301_00' not found or not readable, it must be just a scene name.
Processing scenes from: /tmp/tmp.V0ARtvewoj
------------------------
Running in parallel with 4 workers.
xargs: warning: options --max-args and --replace/-I/-i are mutually exclusive, ignoring previous --max-args value
Processing scene: scene0301_00
Deleting the folders that have been archived...
Completed processing: scene0301_00
------------------------
All scenes processed successfully!

To extract archives later, use:
dar -R . -O -wa -x color -v -g color
dar -R . -O -wa -x depth -v -g depth
dar -R . -O -wa -x pose -v -g pose
dar -R . -O -wa -x intrinsic -v -g intrinsic
Total running time: 0 minutes and 0 seconds.
Filetype options:  --export_color_images
Number of workers: 4
File 'scene0302_00' not found or not readable, it must be just a scene name.
Processing scenes from: /tmp/tmp.6IImQBG6hq
------------------------
Running in parallel with 4 workers.
xargs: warning: options --max-args and --replace/-I/-i are mutually exclusive, ignoring previous --max-args value
Processing scene: scene0302_00
Deleting the folders that have been archived...
Completed processing: scene0302_00
------------------------
All scenes processed successfully!

To extract archives later, use:
dar -R . -O -wa -x color -v -g color
dar -R . -O -wa -x depth -v -g depth
dar -R . -O -wa -x pose -v -g pose
dar -R . -O -wa -x intrinsic -v -g intrinsic
Total running time: 0 minutes and 0 seconds.
Filetype options:  --export_color_images
Number of workers: 4
File 'scene0303_00' not found or not readable, it must be just a scene name.
Processing scenes from: /tmp/tmp.7yKcJFcloi
------------------------
Running in parallel with 4 workers.
xargs: warning: options --max-args and --replace/-I/-i are mutually exclusive, ignoring previous --max-args value
Processing scene: scene0303_00
Deleting the folders that have been archived...
Completed processing: scene0303_00
------------------------
All scenes processed successfully!

To extract archives later, use:
dar -R . -O -wa -x color -v -g color
dar -R . -O -wa -x depth -v -g depth
dar -R . -O -wa -x pose -v -g pose
dar -R . -O -wa -x intrinsic -v -g intrinsic
Total running time: 0 minutes and 0 seconds.
Filetype options:  --export_color_images
Number of workers: 4
File 'scene0305_00' not found or not readable, it must be just a scene name.
Processing scenes from: /tmp/tmp.lUQ2R5HEUu
------------------------
Running in parallel with 4 workers.
xargs: warning: options --max-args and --replace/-I/-i are mutually exclusive, ignoring previous --max-args value
Processing scene: scene0305_00
Deleting the folders that have been archived...
Completed processing: scene0305_00
------------------------
All scenes processed successfully!

To extract archives later, use:
dar -R . -O -wa -x color -v -g color
dar -R . -O -wa -x depth -v -g depth
dar -R . -O -wa -x pose -v -g pose
dar -R . -O -wa -x intrinsic -v -g intrinsic
Total running time: 0 minutes and 0 seconds.
Filetype options:  --export_color_images
Number of workers: 4
File 'scene0306_00' not found or not readable, it must be just a scene name.
Processing scenes from: /tmp/tmp.SPgGniwzF7
------------------------
Running in parallel with 4 workers.
xargs: warning: options --max-args and --replace/-I/-i are mutually exclusive, ignoring previous --max-args value
Processing scene: scene0306_00
Deleting the folders that have been archived...
Completed processing: scene0306_00
------------------------
All scenes processed successfully!

To extract archives later, use:
dar -R . -O -wa -x color -v -g color
dar -R . -O -wa -x depth -v -g depth
dar -R . -O -wa -x pose -v -g pose
dar -R . -O -wa -x intrinsic -v -g intrinsic
Total running time: 0 minutes and 0 seconds.
Filetype options:  --export_color_images
Number of workers: 4
File 'scene0308_00' not found or not readable, it must be just a scene name.
Processing scenes from: /tmp/tmp.aPL7tRz3p8
------------------------
Running in parallel with 4 workers.
xargs: warning: options --max-args and --replace/-I/-i are mutually exclusive, ignoring previous --max-args value
Processing scene: scene0308_00
Deleting the folders that have been archived...
Completed processing: scene0308_00
------------------------
All scenes processed successfully!

To extract archives later, use:
dar -R . -O -wa -x color -v -g color
dar -R . -O -wa -x depth -v -g depth
dar -R . -O -wa -x pose -v -g pose
dar -R . -O -wa -x intrinsic -v -g intrinsic
Total running time: 0 minutes and 0 seconds.
Filetype options:  --export_color_images
Number of workers: 4
File 'scene0309_00' not found or not readable, it must be just a scene name.
Processing scenes from: /tmp/tmp.tCakk9z6v5
------------------------
Running in parallel with 4 workers.
xargs: warning: options --max-args and --replace/-I/-i are mutually exclusive, ignoring previous --max-args value
Processing scene: scene0309_00
Deleting the folders that have been archived...
Completed processing: scene0309_00
------------------------
All scenes processed successfully!

To extract archives later, use:
dar -R . -O -wa -x color -v -g color
dar -R . -O -wa -x depth -v -g depth
dar -R . -O -wa -x pose -v -g pose
dar -R . -O -wa -x intrinsic -v -g intrinsic
Total running time: 0 minutes and 0 seconds.
Filetype options:  --export_color_images
Number of workers: 4
File 'scene0310_00' not found or not readable, it must be just a scene name.
Processing scenes from: /tmp/tmp.Mq65xwpifT
------------------------
Running in parallel with 4 workers.
xargs: warning: options --max-args and --replace/-I/-i are mutually exclusive, ignoring previous --max-args value
Processing scene: scene0310_00
Deleting the folders that have been archived...
Completed processing: scene0310_00
------------------------
All scenes processed successfully!

To extract archives later, use:
dar -R . -O -wa -x color -v -g color
dar -R . -O -wa -x depth -v -g depth
dar -R . -O -wa -x pose -v -g pose
dar -R . -O -wa -x intrinsic -v -g intrinsic
Total running time: 0 minutes and 0 seconds.
Filetype options:  --export_color_images
Number of workers: 4
File 'scene0311_00' not found or not readable, it must be just a scene name.
Processing scenes from: /tmp/tmp.ipzzx8h6dg
------------------------
Running in parallel with 4 workers.
xargs: warning: options --max-args and --replace/-I/-i are mutually exclusive, ignoring previous --max-args value
Processing scene: scene0311_00
Deleting the folders that have been archived...
Completed processing: scene0311_00
------------------------
All scenes processed successfully!

To extract archives later, use:
dar -R . -O -wa -x color -v -g color
dar -R . -O -wa -x depth -v -g depth
dar -R . -O -wa -x pose -v -g pose
dar -R . -O -wa -x intrinsic -v -g intrinsic
Total running time: 0 minutes and 0 seconds.
Filetype options:  --export_color_images
Number of workers: 4
File 'scene0312_00' not found or not readable, it must be just a scene name.
Processing scenes from: /tmp/tmp.gefWzPV4Q9
------------------------
Running in parallel with 4 workers.
xargs: warning: options --max-args and --replace/-I/-i are mutually exclusive, ignoring previous --max-args value
Processing scene: scene0312_00
Deleting the folders that have been archived...
Completed processing: scene0312_00
------------------------
All scenes processed successfully!

To extract archives later, use:
dar -R . -O -wa -x color -v -g color
dar -R . -O -wa -x depth -v -g depth
dar -R . -O -wa -x pose -v -g pose
dar -R . -O -wa -x intrinsic -v -g intrinsic
Total running time: 0 minutes and 0 seconds.
Filetype options:  --export_color_images
Number of workers: 4
File 'scene0313_00' not found or not readable, it must be just a scene name.
Processing scenes from: /tmp/tmp.IltJS4ylIr
------------------------
Running in parallel with 4 workers.
xargs: warning: options --max-args and --replace/-I/-i are mutually exclusive, ignoring previous --max-args value
Processing scene: scene0313_00
Deleting the folders that have been archived...
Completed processing: scene0313_00
------------------------
All scenes processed successfully!

To extract archives later, use:
dar -R . -O -wa -x color -v -g color
dar -R . -O -wa -x depth -v -g depth
dar -R . -O -wa -x pose -v -g pose
dar -R . -O -wa -x intrinsic -v -g intrinsic
Total running time: 0 minutes and 0 seconds.
Filetype options:  --export_color_images
Number of workers: 4
File 'scene0315_00' not found or not readable, it must be just a scene name.
Processing scenes from: /tmp/tmp.GA7k8JFH94
------------------------
Running in parallel with 4 workers.
xargs: warning: options --max-args and --replace/-I/-i are mutually exclusive, ignoring previous --max-args value
Processing scene: scene0315_00
Deleting the folders that have been archived...
Completed processing: scene0315_00
------------------------
All scenes processed successfully!

To extract archives later, use:
dar -R . -O -wa -x color -v -g color
dar -R . -O -wa -x depth -v -g depth
dar -R . -O -wa -x pose -v -g pose
dar -R . -O -wa -x intrinsic -v -g intrinsic
Total running time: 0 minutes and 0 seconds.
Filetype options:  --export_color_images
Number of workers: 4
File 'scene0317_00' not found or not readable, it must be just a scene name.
Processing scenes from: /tmp/tmp.QnFs4lRGSB
------------------------
Running in parallel with 4 workers.
xargs: warning: options --max-args and --replace/-I/-i are mutually exclusive, ignoring previous --max-args value
Processing scene: scene0317_00
Deleting the folders that have been archived...
Completed processing: scene0317_00
------------------------
All scenes processed successfully!

To extract archives later, use:
dar -R . -O -wa -x color -v -g color
dar -R . -O -wa -x depth -v -g depth
dar -R . -O -wa -x pose -v -g pose
dar -R . -O -wa -x intrinsic -v -g intrinsic
Total running time: 0 minutes and 0 seconds.
Filetype options:  --export_color_images
Number of workers: 4
File 'scene0319_00' not found or not readable, it must be just a scene name.
Processing scenes from: /tmp/tmp.rKhJj46gHB
------------------------
Running in parallel with 4 workers.
xargs: warning: options --max-args and --replace/-I/-i are mutually exclusive, ignoring previous --max-args value
Processing scene: scene0319_00
Deleting the folders that have been archived...
Completed processing: scene0319_00
------------------------
All scenes processed successfully!

To extract archives later, use:
dar -R . -O -wa -x color -v -g color
dar -R . -O -wa -x depth -v -g depth
dar -R . -O -wa -x pose -v -g pose
dar -R . -O -wa -x intrinsic -v -g intrinsic
Total running time: 0 minutes and 0 seconds.
Filetype options:  --export_color_images
Number of workers: 4
File 'scene0320_00' not found or not readable, it must be just a scene name.
Processing scenes from: /tmp/tmp.nleUKPEbZC
------------------------
Running in parallel with 4 workers.
xargs: warning: options --max-args and --replace/-I/-i are mutually exclusive, ignoring previous --max-args value
Processing scene: scene0320_00
Deleting the folders that have been archived...
Completed processing: scene0320_00
------------------------
All scenes processed successfully!

To extract archives later, use:
dar -R . -O -wa -x color -v -g color
dar -R . -O -wa -x depth -v -g depth
dar -R . -O -wa -x pose -v -g pose
dar -R . -O -wa -x intrinsic -v -g intrinsic
Total running time: 0 minutes and 0 seconds.
Filetype options:  --export_color_images
Number of workers: 4
File 'scene0321_00' not found or not readable, it must be just a scene name.
Processing scenes from: /tmp/tmp.jW4EogxhOa
------------------------
Running in parallel with 4 workers.
xargs: warning: options --max-args and --replace/-I/-i are mutually exclusive, ignoring previous --max-args value
Processing scene: scene0321_00
Deleting the folders that have been archived...
Completed processing: scene0321_00
------------------------
All scenes processed successfully!

To extract archives later, use:
dar -R . -O -wa -x color -v -g color
dar -R . -O -wa -x depth -v -g depth
dar -R . -O -wa -x pose -v -g pose
dar -R . -O -wa -x intrinsic -v -g intrinsic
Total running time: 0 minutes and 0 seconds.
Filetype options:  --export_color_images
Number of workers: 4
File 'scene0322_00' not found or not readable, it must be just a scene name.
Processing scenes from: /tmp/tmp.UYt8TJk6Gs
------------------------
Running in parallel with 4 workers.
xargs: warning: options --max-args and --replace/-I/-i are mutually exclusive, ignoring previous --max-args value
Processing scene: scene0322_00
Deleting the folders that have been archived...
Completed processing: scene0322_00
------------------------
All scenes processed successfully!

To extract archives later, use:
dar -R . -O -wa -x color -v -g color
dar -R . -O -wa -x depth -v -g depth
dar -R . -O -wa -x pose -v -g pose
dar -R . -O -wa -x intrinsic -v -g intrinsic
Total running time: 0 minutes and 0 seconds.
Filetype options:  --export_color_images
Number of workers: 4
File 'scene0323_00' not found or not readable, it must be just a scene name.
Processing scenes from: /tmp/tmp.Fd8xuMxBLR
------------------------
Running in parallel with 4 workers.
xargs: warning: options --max-args and --replace/-I/-i are mutually exclusive, ignoring previous --max-args value
Processing scene: scene0323_00
Deleting the folders that have been archived...
Completed processing: scene0323_00
------------------------
All scenes processed successfully!

To extract archives later, use:
dar -R . -O -wa -x color -v -g color
dar -R . -O -wa -x depth -v -g depth
dar -R . -O -wa -x pose -v -g pose
dar -R . -O -wa -x intrinsic -v -g intrinsic
Total running time: 0 minutes and 0 seconds.
Filetype options:  --export_color_images
Number of workers: 4
File 'scene0324_00' not found or not readable, it must be just a scene name.
Processing scenes from: /tmp/tmp.mKdkkgObT9
------------------------
Running in parallel with 4 workers.
xargs: warning: options --max-args and --replace/-I/-i are mutually exclusive, ignoring previous --max-args value
Processing scene: scene0324_00
Deleting the folders that have been archived...
Completed processing: scene0324_00
------------------------
All scenes processed successfully!

To extract archives later, use:
dar -R . -O -wa -x color -v -g color
dar -R . -O -wa -x depth -v -g depth
dar -R . -O -wa -x pose -v -g pose
dar -R . -O -wa -x intrinsic -v -g intrinsic
Total running time: 0 minutes and 0 seconds.
Filetype options:  --export_color_images
Number of workers: 4
File 'scene0325_00' not found or not readable, it must be just a scene name.
Processing scenes from: /tmp/tmp.frxwL5opbZ
------------------------
Running in parallel with 4 workers.
xargs: warning: options --max-args and --replace/-I/-i are mutually exclusive, ignoring previous --max-args value
Processing scene: scene0325_00
Deleting the folders that have been archived...
Completed processing: scene0325_00
------------------------
All scenes processed successfully!

To extract archives later, use:
dar -R . -O -wa -x color -v -g color
dar -R . -O -wa -x depth -v -g depth
dar -R . -O -wa -x pose -v -g pose
dar -R . -O -wa -x intrinsic -v -g intrinsic
Total running time: 0 minutes and 0 seconds.
Filetype options:  --export_color_images
Number of workers: 4
File 'scene0326_00' not found or not readable, it must be just a scene name.
Processing scenes from: /tmp/tmp.8p2mmozBbD
------------------------
Running in parallel with 4 workers.
xargs: warning: options --max-args and --replace/-I/-i are mutually exclusive, ignoring previous --max-args value
Processing scene: scene0326_00
Deleting the folders that have been archived...
Completed processing: scene0326_00
------------------------
All scenes processed successfully!

To extract archives later, use:
dar -R . -O -wa -x color -v -g color
dar -R . -O -wa -x depth -v -g depth
dar -R . -O -wa -x pose -v -g pose
dar -R . -O -wa -x intrinsic -v -g intrinsic
Total running time: 0 minutes and 0 seconds.
Filetype options:  --export_color_images
Number of workers: 4
File 'scene0327_00' not found or not readable, it must be just a scene name.
Processing scenes from: /tmp/tmp.hpiFFWK0UB
------------------------
Running in parallel with 4 workers.
xargs: warning: options --max-args and --replace/-I/-i are mutually exclusive, ignoring previous --max-args value
Processing scene: scene0327_00
Deleting the folders that have been archived...
Completed processing: scene0327_00
------------------------
All scenes processed successfully!

To extract archives later, use:
dar -R . -O -wa -x color -v -g color
dar -R . -O -wa -x depth -v -g depth
dar -R . -O -wa -x pose -v -g pose
dar -R . -O -wa -x intrinsic -v -g intrinsic
Total running time: 0 minutes and 0 seconds.
Filetype options:  --export_color_images
Number of workers: 4
File 'scene0330_00' not found or not readable, it must be just a scene name.
Processing scenes from: /tmp/tmp.wenh5fCfEz
------------------------
Running in parallel with 4 workers.
xargs: warning: options --max-args and --replace/-I/-i are mutually exclusive, ignoring previous --max-args value
Processing scene: scene0330_00
Deleting the folders that have been archived...
Completed processing: scene0330_00
------------------------
All scenes processed successfully!

To extract archives later, use:
dar -R . -O -wa -x color -v -g color
dar -R . -O -wa -x depth -v -g depth
dar -R . -O -wa -x pose -v -g pose
dar -R . -O -wa -x intrinsic -v -g intrinsic
Total running time: 0 minutes and 0 seconds.
Filetype options:  --export_color_images
Number of workers: 4
File 'scene0331_00' not found or not readable, it must be just a scene name.
Processing scenes from: /tmp/tmp.EklQV3IPse
------------------------
Running in parallel with 4 workers.
xargs: warning: options --max-args and --replace/-I/-i are mutually exclusive, ignoring previous --max-args value
Processing scene: scene0331_00
Deleting the folders that have been archived...
Completed processing: scene0331_00
------------------------
All scenes processed successfully!

To extract archives later, use:
dar -R . -O -wa -x color -v -g color
dar -R . -O -wa -x depth -v -g depth
dar -R . -O -wa -x pose -v -g pose
dar -R . -O -wa -x intrinsic -v -g intrinsic
Total running time: 0 minutes and 0 seconds.
Filetype options:  --export_color_images
Number of workers: 4
File 'scene0332_00' not found or not readable, it must be just a scene name.
Processing scenes from: /tmp/tmp.BVmxK8nrlu
------------------------
Running in parallel with 4 workers.
xargs: warning: options --max-args and --replace/-I/-i are mutually exclusive, ignoring previous --max-args value
Processing scene: scene0332_00
Deleting the folders that have been archived...
Completed processing: scene0332_00
------------------------
All scenes processed successfully!

To extract archives later, use:
dar -R . -O -wa -x color -v -g color
dar -R . -O -wa -x depth -v -g depth
dar -R . -O -wa -x pose -v -g pose
dar -R . -O -wa -x intrinsic -v -g intrinsic
Total running time: 0 minutes and 0 seconds.
Filetype options:  --export_color_images
Number of workers: 4
File 'scene0333_00' not found or not readable, it must be just a scene name.
Processing scenes from: /tmp/tmp.rojSYNd679
------------------------
Running in parallel with 4 workers.
xargs: warning: options --max-args and --replace/-I/-i are mutually exclusive, ignoring previous --max-args value
Processing scene: scene0333_00
Deleting the folders that have been archived...
Completed processing: scene0333_00
------------------------
All scenes processed successfully!

To extract archives later, use:
dar -R . -O -wa -x color -v -g color
dar -R . -O -wa -x depth -v -g depth
dar -R . -O -wa -x pose -v -g pose
dar -R . -O -wa -x intrinsic -v -g intrinsic
Total running time: 0 minutes and 0 seconds.
Filetype options:  --export_color_images
Number of workers: 4
File 'scene0335_00' not found or not readable, it must be just a scene name.
Processing scenes from: /tmp/tmp.qqDtmkI8Ye
------------------------
Running in parallel with 4 workers.
xargs: warning: options --max-args and --replace/-I/-i are mutually exclusive, ignoring previous --max-args value
Processing scene: scene0335_00
Deleting the folders that have been archived...
Completed processing: scene0335_00
------------------------
All scenes processed successfully!

To extract archives later, use:
dar -R . -O -wa -x color -v -g color
dar -R . -O -wa -x depth -v -g depth
dar -R . -O -wa -x pose -v -g pose
dar -R . -O -wa -x intrinsic -v -g intrinsic
Total running time: 0 minutes and 0 seconds.
Filetype options:  --export_color_images
Number of workers: 4
File 'scene0336_00' not found or not readable, it must be just a scene name.
Processing scenes from: /tmp/tmp.BTTiUyyLRc
------------------------
Running in parallel with 4 workers.
xargs: warning: options --max-args and --replace/-I/-i are mutually exclusive, ignoring previous --max-args value
Processing scene: scene0336_00
Deleting the folders that have been archived...
Completed processing: scene0336_00
------------------------
All scenes processed successfully!

To extract archives later, use:
dar -R . -O -wa -x color -v -g color
dar -R . -O -wa -x depth -v -g depth
dar -R . -O -wa -x pose -v -g pose
dar -R . -O -wa -x intrinsic -v -g intrinsic
Total running time: 0 minutes and 0 seconds.
Filetype options:  --export_color_images
Number of workers: 4
File 'scene0339_00' not found or not readable, it must be just a scene name.
Processing scenes from: /tmp/tmp.LVAVlLhU9a
------------------------
Running in parallel with 4 workers.
xargs: warning: options --max-args and --replace/-I/-i are mutually exclusive, ignoring previous --max-args value
Processing scene: scene0339_00
Deleting the folders that have been archived...
Completed processing: scene0339_00
------------------------
All scenes processed successfully!

To extract archives later, use:
dar -R . -O -wa -x color -v -g color
dar -R . -O -wa -x depth -v -g depth
dar -R . -O -wa -x pose -v -g pose
dar -R . -O -wa -x intrinsic -v -g intrinsic
Total running time: 0 minutes and 0 seconds.
Filetype options:  --export_color_images
Number of workers: 4
File 'scene0340_00' not found or not readable, it must be just a scene name.
Processing scenes from: /tmp/tmp.qtvdoB6THh
------------------------
Running in parallel with 4 workers.
xargs: warning: options --max-args and --replace/-I/-i are mutually exclusive, ignoring previous --max-args value
Processing scene: scene0340_00
Deleting the folders that have been archived...
Completed processing: scene0340_00
------------------------
All scenes processed successfully!

To extract archives later, use:
dar -R . -O -wa -x color -v -g color
dar -R . -O -wa -x depth -v -g depth
dar -R . -O -wa -x pose -v -g pose
dar -R . -O -wa -x intrinsic -v -g intrinsic
Total running time: 0 minutes and 0 seconds.
Filetype options:  --export_color_images
Number of workers: 4
File 'scene0341_00' not found or not readable, it must be just a scene name.
Processing scenes from: /tmp/tmp.4yxZ3aTazK
------------------------
Running in parallel with 4 workers.
xargs: warning: options --max-args and --replace/-I/-i are mutually exclusive, ignoring previous --max-args value
Processing scene: scene0341_00
Deleting the folders that have been archived...
Completed processing: scene0341_00
------------------------
All scenes processed successfully!

To extract archives later, use:
dar -R . -O -wa -x color -v -g color
dar -R . -O -wa -x depth -v -g depth
dar -R . -O -wa -x pose -v -g pose
dar -R . -O -wa -x intrinsic -v -g intrinsic
Total running time: 0 minutes and 0 seconds.
Filetype options:  --export_color_images
Number of workers: 4
File 'scene0344_00' not found or not readable, it must be just a scene name.
Processing scenes from: /tmp/tmp.Nsgva0cecF
------------------------
Running in parallel with 4 workers.
xargs: warning: options --max-args and --replace/-I/-i are mutually exclusive, ignoring previous --max-args value
Processing scene: scene0344_00
Deleting the folders that have been archived...
Completed processing: scene0344_00
------------------------
All scenes processed successfully!

To extract archives later, use:
dar -R . -O -wa -x color -v -g color
dar -R . -O -wa -x depth -v -g depth
dar -R . -O -wa -x pose -v -g pose
dar -R . -O -wa -x intrinsic -v -g intrinsic
Total running time: 0 minutes and 0 seconds.
Filetype options:  --export_color_images
Number of workers: 4
File 'scene0345_00' not found or not readable, it must be just a scene name.
Processing scenes from: /tmp/tmp.523fGdFaRT
------------------------
Running in parallel with 4 workers.
xargs: warning: options --max-args and --replace/-I/-i are mutually exclusive, ignoring previous --max-args value
Processing scene: scene0345_00
Deleting the folders that have been archived...
Completed processing: scene0345_00
------------------------
All scenes processed successfully!

To extract archives later, use:
dar -R . -O -wa -x color -v -g color
dar -R . -O -wa -x depth -v -g depth
dar -R . -O -wa -x pose -v -g pose
dar -R . -O -wa -x intrinsic -v -g intrinsic
Total running time: 0 minutes and 0 seconds.
Filetype options:  --export_color_images
Number of workers: 4
File 'scene0346_00' not found or not readable, it must be just a scene name.
Processing scenes from: /tmp/tmp.ZZgicp2hdD
------------------------
Running in parallel with 4 workers.
xargs: warning: options --max-args and --replace/-I/-i are mutually exclusive, ignoring previous --max-args value
Processing scene: scene0346_00
Deleting the folders that have been archived...
Completed processing: scene0346_00
------------------------
All scenes processed successfully!

To extract archives later, use:
dar -R . -O -wa -x color -v -g color
dar -R . -O -wa -x depth -v -g depth
dar -R . -O -wa -x pose -v -g pose
dar -R . -O -wa -x intrinsic -v -g intrinsic
Total running time: 0 minutes and 0 seconds.
Filetype options:  --export_color_images
Number of workers: 4
File 'scene0347_00' not found or not readable, it must be just a scene name.
Processing scenes from: /tmp/tmp.LGoht9w1Tz
------------------------
Running in parallel with 4 workers.
xargs: warning: options --max-args and --replace/-I/-i are mutually exclusive, ignoring previous --max-args value
Processing scene: scene0347_00
Deleting the folders that have been archived...
Completed processing: scene0347_00
------------------------
All scenes processed successfully!

To extract archives later, use:
dar -R . -O -wa -x color -v -g color
dar -R . -O -wa -x depth -v -g depth
dar -R . -O -wa -x pose -v -g pose
dar -R . -O -wa -x intrinsic -v -g intrinsic
Total running time: 0 minutes and 0 seconds.
Filetype options:  --export_color_images
Number of workers: 4
File 'scene0348_00' not found or not readable, it must be just a scene name.
Processing scenes from: /tmp/tmp.yWxyT8xiTg
------------------------
Running in parallel with 4 workers.
xargs: warning: options --max-args and --replace/-I/-i are mutually exclusive, ignoring previous --max-args value
Processing scene: scene0348_00
Deleting the folders that have been archived...
Completed processing: scene0348_00
------------------------
All scenes processed successfully!

To extract archives later, use:
dar -R . -O -wa -x color -v -g color
dar -R . -O -wa -x depth -v -g depth
dar -R . -O -wa -x pose -v -g pose
dar -R . -O -wa -x intrinsic -v -g intrinsic
Total running time: 0 minutes and 0 seconds.
Filetype options:  --export_color_images
Number of workers: 4
File 'scene0350_00' not found or not readable, it must be just a scene name.
Processing scenes from: /tmp/tmp.lAfcwx6aVm
------------------------
Running in parallel with 4 workers.
xargs: warning: options --max-args and --replace/-I/-i are mutually exclusive, ignoring previous --max-args value
Processing scene: scene0350_00
Deleting the folders that have been archived...
Completed processing: scene0350_00
------------------------
All scenes processed successfully!

To extract archives later, use:
dar -R . -O -wa -x color -v -g color
dar -R . -O -wa -x depth -v -g depth
dar -R . -O -wa -x pose -v -g pose
dar -R . -O -wa -x intrinsic -v -g intrinsic
Total running time: 0 minutes and 0 seconds.
Filetype options:  --export_color_images
Number of workers: 4
File 'scene0352_00' not found or not readable, it must be just a scene name.
Processing scenes from: /tmp/tmp.QsDfPi8ZVr
------------------------
Running in parallel with 4 workers.
xargs: warning: options --max-args and --replace/-I/-i are mutually exclusive, ignoring previous --max-args value
Processing scene: scene0352_00
Deleting the folders that have been archived...
Completed processing: scene0352_00
------------------------
All scenes processed successfully!

To extract archives later, use:
dar -R . -O -wa -x color -v -g color
dar -R . -O -wa -x depth -v -g depth
dar -R . -O -wa -x pose -v -g pose
dar -R . -O -wa -x intrinsic -v -g intrinsic
Total running time: 0 minutes and 0 seconds.
Filetype options:  --export_color_images
Number of workers: 4
File 'scene0358_00' not found or not readable, it must be just a scene name.
Processing scenes from: /tmp/tmp.wofkfA8wls
------------------------
Running in parallel with 4 workers.
xargs: warning: options --max-args and --replace/-I/-i are mutually exclusive, ignoring previous --max-args value
Processing scene: scene0358_00
Deleting the folders that have been archived...
Completed processing: scene0358_00
------------------------
All scenes processed successfully!

To extract archives later, use:
dar -R . -O -wa -x color -v -g color
dar -R . -O -wa -x depth -v -g depth
dar -R . -O -wa -x pose -v -g pose
dar -R . -O -wa -x intrinsic -v -g intrinsic
Total running time: 0 minutes and 0 seconds.
Filetype options:  --export_color_images
Number of workers: 4
File 'scene0359_00' not found or not readable, it must be just a scene name.
Processing scenes from: /tmp/tmp.GrG5bfS8Tl
------------------------
Running in parallel with 4 workers.
xargs: warning: options --max-args and --replace/-I/-i are mutually exclusive, ignoring previous --max-args value
Processing scene: scene0359_00
Deleting the folders that have been archived...
Completed processing: scene0359_00
------------------------
All scenes processed successfully!

To extract archives later, use:
dar -R . -O -wa -x color -v -g color
dar -R . -O -wa -x depth -v -g depth
dar -R . -O -wa -x pose -v -g pose
dar -R . -O -wa -x intrinsic -v -g intrinsic
Total running time: 0 minutes and 0 seconds.
Filetype options:  --export_color_images
Number of workers: 4
File 'scene0361_00' not found or not readable, it must be just a scene name.
Processing scenes from: /tmp/tmp.k902yBOGOS
------------------------
Running in parallel with 4 workers.
xargs: warning: options --max-args and --replace/-I/-i are mutually exclusive, ignoring previous --max-args value
Processing scene: scene0361_00
Deleting the folders that have been archived...
Completed processing: scene0361_00
------------------------
All scenes processed successfully!

To extract archives later, use:
dar -R . -O -wa -x color -v -g color
dar -R . -O -wa -x depth -v -g depth
dar -R . -O -wa -x pose -v -g pose
dar -R . -O -wa -x intrinsic -v -g intrinsic
Total running time: 0 minutes and 0 seconds.
Filetype options:  --export_color_images
Number of workers: 4
File 'scene0362_00' not found or not readable, it must be just a scene name.
Processing scenes from: /tmp/tmp.sq17rK3QPi
------------------------
Running in parallel with 4 workers.
xargs: warning: options --max-args and --replace/-I/-i are mutually exclusive, ignoring previous --max-args value
Processing scene: scene0362_00
Deleting the folders that have been archived...
Completed processing: scene0362_00
------------------------
All scenes processed successfully!

To extract archives later, use:
dar -R . -O -wa -x color -v -g color
dar -R . -O -wa -x depth -v -g depth
dar -R . -O -wa -x pose -v -g pose
dar -R . -O -wa -x intrinsic -v -g intrinsic
Total running time: 0 minutes and 0 seconds.
Filetype options:  --export_color_images
Number of workers: 4
File 'scene0363_00' not found or not readable, it must be just a scene name.
Processing scenes from: /tmp/tmp.Aor1SJU80n
------------------------
Running in parallel with 4 workers.
xargs: warning: options --max-args and --replace/-I/-i are mutually exclusive, ignoring previous --max-args value
Processing scene: scene0363_00
Deleting the folders that have been archived...
Completed processing: scene0363_00
------------------------
All scenes processed successfully!

To extract archives later, use:
dar -R . -O -wa -x color -v -g color
dar -R . -O -wa -x depth -v -g depth
dar -R . -O -wa -x pose -v -g pose
dar -R . -O -wa -x intrinsic -v -g intrinsic
Total running time: 0 minutes and 0 seconds.
Filetype options:  --export_color_images
Number of workers: 4
File 'scene0364_00' not found or not readable, it must be just a scene name.
Processing scenes from: /tmp/tmp.hE54PN2H0F
------------------------
Running in parallel with 4 workers.
xargs: warning: options --max-args and --replace/-I/-i are mutually exclusive, ignoring previous --max-args value
Processing scene: scene0364_00
Deleting the folders that have been archived...
Completed processing: scene0364_00
------------------------
All scenes processed successfully!

To extract archives later, use:
dar -R . -O -wa -x color -v -g color
dar -R . -O -wa -x depth -v -g depth
dar -R . -O -wa -x pose -v -g pose
dar -R . -O -wa -x intrinsic -v -g intrinsic
Total running time: 0 minutes and 0 seconds.
Filetype options:  --export_color_images
Number of workers: 4
File 'scene0365_00' not found or not readable, it must be just a scene name.
Processing scenes from: /tmp/tmp.eLMP5758AA
------------------------
Running in parallel with 4 workers.
xargs: warning: options --max-args and --replace/-I/-i are mutually exclusive, ignoring previous --max-args value
Processing scene: scene0365_00
Deleting the folders that have been archived...
Completed processing: scene0365_00
------------------------
All scenes processed successfully!

To extract archives later, use:
dar -R . -O -wa -x color -v -g color
dar -R . -O -wa -x depth -v -g depth
dar -R . -O -wa -x pose -v -g pose
dar -R . -O -wa -x intrinsic -v -g intrinsic
Total running time: 0 minutes and 0 seconds.
Filetype options:  --export_color_images
Number of workers: 4
File 'scene0366_00' not found or not readable, it must be just a scene name.
Processing scenes from: /tmp/tmp.8kWKBQ4leO
------------------------
Running in parallel with 4 workers.
xargs: warning: options --max-args and --replace/-I/-i are mutually exclusive, ignoring previous --max-args value
Processing scene: scene0366_00
Deleting the folders that have been archived...
Completed processing: scene0366_00
------------------------
All scenes processed successfully!

To extract archives later, use:
dar -R . -O -wa -x color -v -g color
dar -R . -O -wa -x depth -v -g depth
dar -R . -O -wa -x pose -v -g pose
dar -R . -O -wa -x intrinsic -v -g intrinsic
Total running time: 0 minutes and 0 seconds.
Filetype options:  --export_color_images
Number of workers: 4
File 'scene0367_00' not found or not readable, it must be just a scene name.
Processing scenes from: /tmp/tmp.T7BrhfbLev
------------------------
Running in parallel with 4 workers.
xargs: warning: options --max-args and --replace/-I/-i are mutually exclusive, ignoring previous --max-args value
Processing scene: scene0367_00
Deleting the folders that have been archived...
Completed processing: scene0367_00
------------------------
All scenes processed successfully!

To extract archives later, use:
dar -R . -O -wa -x color -v -g color
dar -R . -O -wa -x depth -v -g depth
dar -R . -O -wa -x pose -v -g pose
dar -R . -O -wa -x intrinsic -v -g intrinsic
Total running time: 0 minutes and 0 seconds.
Filetype options:  --export_color_images
Number of workers: 4
File 'scene0368_00' not found or not readable, it must be just a scene name.
Processing scenes from: /tmp/tmp.6DjOuzNFDd
------------------------
Running in parallel with 4 workers.
xargs: warning: options --max-args and --replace/-I/-i are mutually exclusive, ignoring previous --max-args value
Processing scene: scene0368_00
Deleting the folders that have been archived...
Completed processing: scene0368_00
------------------------
All scenes processed successfully!

To extract archives later, use:
dar -R . -O -wa -x color -v -g color
dar -R . -O -wa -x depth -v -g depth
dar -R . -O -wa -x pose -v -g pose
dar -R . -O -wa -x intrinsic -v -g intrinsic
Total running time: 0 minutes and 0 seconds.
Filetype options:  --export_color_images
Number of workers: 4
File 'scene0369_00' not found or not readable, it must be just a scene name.
Processing scenes from: /tmp/tmp.KcfQ12CxeA
------------------------
Running in parallel with 4 workers.
xargs: warning: options --max-args and --replace/-I/-i are mutually exclusive, ignoring previous --max-args value
Processing scene: scene0369_00
Deleting the folders that have been archived...
Completed processing: scene0369_00
------------------------
All scenes processed successfully!

To extract archives later, use:
dar -R . -O -wa -x color -v -g color
dar -R . -O -wa -x depth -v -g depth
dar -R . -O -wa -x pose -v -g pose
dar -R . -O -wa -x intrinsic -v -g intrinsic
Total running time: 0 minutes and 0 seconds.
Filetype options:  --export_color_images
Number of workers: 4
File 'scene0370_00' not found or not readable, it must be just a scene name.
Processing scenes from: /tmp/tmp.KC0YCt0Kr4
------------------------
Running in parallel with 4 workers.
xargs: warning: options --max-args and --replace/-I/-i are mutually exclusive, ignoring previous --max-args value
Processing scene: scene0370_00
Deleting the folders that have been archived...
Completed processing: scene0370_00
------------------------
All scenes processed successfully!

To extract archives later, use:
dar -R . -O -wa -x color -v -g color
dar -R . -O -wa -x depth -v -g depth
dar -R . -O -wa -x pose -v -g pose
dar -R . -O -wa -x intrinsic -v -g intrinsic
Total running time: 0 minutes and 0 seconds.
Filetype options:  --export_color_images
Number of workers: 4
File 'scene0371_00' not found or not readable, it must be just a scene name.
Processing scenes from: /tmp/tmp.uqobhCExfV
------------------------
Running in parallel with 4 workers.
xargs: warning: options --max-args and --replace/-I/-i are mutually exclusive, ignoring previous --max-args value
Processing scene: scene0371_00
Deleting the folders that have been archived...
Completed processing: scene0371_00
------------------------
All scenes processed successfully!

To extract archives later, use:
dar -R . -O -wa -x color -v -g color
dar -R . -O -wa -x depth -v -g depth
dar -R . -O -wa -x pose -v -g pose
dar -R . -O -wa -x intrinsic -v -g intrinsic
Total running time: 0 minutes and 0 seconds.
Filetype options:  --export_color_images
Number of workers: 4
File 'scene0372_00' not found or not readable, it must be just a scene name.
Processing scenes from: /tmp/tmp.oO4L4k5INc
------------------------
Running in parallel with 4 workers.
xargs: warning: options --max-args and --replace/-I/-i are mutually exclusive, ignoring previous --max-args value
Processing scene: scene0372_00
Deleting the folders that have been archived...
Completed processing: scene0372_00
------------------------
All scenes processed successfully!

To extract archives later, use:
dar -R . -O -wa -x color -v -g color
dar -R . -O -wa -x depth -v -g depth
dar -R . -O -wa -x pose -v -g pose
dar -R . -O -wa -x intrinsic -v -g intrinsic
Total running time: 0 minutes and 0 seconds.
Filetype options:  --export_color_images
Number of workers: 4
File 'scene0373_00' not found or not readable, it must be just a scene name.
Processing scenes from: /tmp/tmp.fZmczJcdQc
------------------------
Running in parallel with 4 workers.
xargs: warning: options --max-args and --replace/-I/-i are mutually exclusive, ignoring previous --max-args value
Processing scene: scene0373_00
Deleting the folders that have been archived...
Completed processing: scene0373_00
------------------------
All scenes processed successfully!

To extract archives later, use:
dar -R . -O -wa -x color -v -g color
dar -R . -O -wa -x depth -v -g depth
dar -R . -O -wa -x pose -v -g pose
dar -R . -O -wa -x intrinsic -v -g intrinsic
Total running time: 0 minutes and 1 seconds.
Filetype options:  --export_color_images
Number of workers: 4
File 'scene0374_00' not found or not readable, it must be just a scene name.
Processing scenes from: /tmp/tmp.KCDdmSDBei
------------------------
Running in parallel with 4 workers.
xargs: warning: options --max-args and --replace/-I/-i are mutually exclusive, ignoring previous --max-args value
Processing scene: scene0374_00
Deleting the folders that have been archived...
Completed processing: scene0374_00
------------------------
All scenes processed successfully!

To extract archives later, use:
dar -R . -O -wa -x color -v -g color
dar -R . -O -wa -x depth -v -g depth
dar -R . -O -wa -x pose -v -g pose
dar -R . -O -wa -x intrinsic -v -g intrinsic
Total running time: 0 minutes and 0 seconds.
Filetype options:  --export_color_images
Number of workers: 4
File 'scene0375_00' not found or not readable, it must be just a scene name.
Processing scenes from: /tmp/tmp.t5jMJsBicd
------------------------
Running in parallel with 4 workers.
xargs: warning: options --max-args and --replace/-I/-i are mutually exclusive, ignoring previous --max-args value
Processing scene: scene0375_00
Deleting the folders that have been archived...
Completed processing: scene0375_00
------------------------
All scenes processed successfully!

To extract archives later, use:
dar -R . -O -wa -x color -v -g color
dar -R . -O -wa -x depth -v -g depth
dar -R . -O -wa -x pose -v -g pose
dar -R . -O -wa -x intrinsic -v -g intrinsic
Total running time: 0 minutes and 0 seconds.
Filetype options:  --export_color_images
Number of workers: 4
File 'scene0376_00' not found or not readable, it must be just a scene name.
Processing scenes from: /tmp/tmp.JBR9CkWqkr
------------------------
Running in parallel with 4 workers.
xargs: warning: options --max-args and --replace/-I/-i are mutually exclusive, ignoring previous --max-args value
Processing scene: scene0376_00
Deleting the folders that have been archived...
Completed processing: scene0376_00
------------------------
All scenes processed successfully!

To extract archives later, use:
dar -R . -O -wa -x color -v -g color
dar -R . -O -wa -x depth -v -g depth
dar -R . -O -wa -x pose -v -g pose
dar -R . -O -wa -x intrinsic -v -g intrinsic
Total running time: 0 minutes and 0 seconds.
Filetype options:  --export_color_images
Number of workers: 4
File 'scene0379_00' not found or not readable, it must be just a scene name.
Processing scenes from: /tmp/tmp.B24LjEQPwl
------------------------
Running in parallel with 4 workers.
xargs: warning: options --max-args and --replace/-I/-i are mutually exclusive, ignoring previous --max-args value
Processing scene: scene0379_00
Deleting the folders that have been archived...
Completed processing: scene0379_00
------------------------
All scenes processed successfully!

To extract archives later, use:
dar -R . -O -wa -x color -v -g color
dar -R . -O -wa -x depth -v -g depth
dar -R . -O -wa -x pose -v -g pose
dar -R . -O -wa -x intrinsic -v -g intrinsic
Total running time: 0 minutes and 0 seconds.
Filetype options:  --export_color_images
Number of workers: 4
File 'scene0380_00' not found or not readable, it must be just a scene name.
Processing scenes from: /tmp/tmp.kA3MEIU4Lk
------------------------
Running in parallel with 4 workers.
xargs: warning: options --max-args and --replace/-I/-i are mutually exclusive, ignoring previous --max-args value
Processing scene: scene0380_00
Deleting the folders that have been archived...
Completed processing: scene0380_00
------------------------
All scenes processed successfully!

To extract archives later, use:
dar -R . -O -wa -x color -v -g color
dar -R . -O -wa -x depth -v -g depth
dar -R . -O -wa -x pose -v -g pose
dar -R . -O -wa -x intrinsic -v -g intrinsic
Total running time: 0 minutes and 0 seconds.
Filetype options:  --export_color_images
Number of workers: 4
File 'scene0383_00' not found or not readable, it must be just a scene name.
Processing scenes from: /tmp/tmp.Q3HNgfz96r
------------------------
Running in parallel with 4 workers.
xargs: warning: options --max-args and --replace/-I/-i are mutually exclusive, ignoring previous --max-args value
Processing scene: scene0383_00
Deleting the folders that have been archived...
Completed processing: scene0383_00
------------------------
All scenes processed successfully!

To extract archives later, use:
dar -R . -O -wa -x color -v -g color
dar -R . -O -wa -x depth -v -g depth
dar -R . -O -wa -x pose -v -g pose
dar -R . -O -wa -x intrinsic -v -g intrinsic
Total running time: 0 minutes and 0 seconds.
Filetype options:  --export_color_images
Number of workers: 4
File 'scene0384_00' not found or not readable, it must be just a scene name.
Processing scenes from: /tmp/tmp.i97jNEvGlp
------------------------
Running in parallel with 4 workers.
xargs: warning: options --max-args and --replace/-I/-i are mutually exclusive, ignoring previous --max-args value
Processing scene: scene0384_00
Deleting the folders that have been archived...
Completed processing: scene0384_00
------------------------
All scenes processed successfully!

To extract archives later, use:
dar -R . -O -wa -x color -v -g color
dar -R . -O -wa -x depth -v -g depth
dar -R . -O -wa -x pose -v -g pose
dar -R . -O -wa -x intrinsic -v -g intrinsic
Total running time: 0 minutes and 0 seconds.
Filetype options:  --export_color_images
Number of workers: 4
File 'scene0385_00' not found or not readable, it must be just a scene name.
Processing scenes from: /tmp/tmp.6lSDsSMbyn
------------------------
Running in parallel with 4 workers.
xargs: warning: options --max-args and --replace/-I/-i are mutually exclusive, ignoring previous --max-args value
Processing scene: scene0385_00
Deleting the folders that have been archived...
Completed processing: scene0385_00
------------------------
All scenes processed successfully!

To extract archives later, use:
dar -R . -O -wa -x color -v -g color
dar -R . -O -wa -x depth -v -g depth
dar -R . -O -wa -x pose -v -g pose
dar -R . -O -wa -x intrinsic -v -g intrinsic
Total running time: 0 minutes and 0 seconds.
Filetype options:  --export_color_images
Number of workers: 4
File 'scene0386_00' not found or not readable, it must be just a scene name.
Processing scenes from: /tmp/tmp.ackQJl6swC
------------------------
Running in parallel with 4 workers.
xargs: warning: options --max-args and --replace/-I/-i are mutually exclusive, ignoring previous --max-args value
Processing scene: scene0386_00
Deleting the folders that have been archived...
Completed processing: scene0386_00
------------------------
All scenes processed successfully!

To extract archives later, use:
dar -R . -O -wa -x color -v -g color
dar -R . -O -wa -x depth -v -g depth
dar -R . -O -wa -x pose -v -g pose
dar -R . -O -wa -x intrinsic -v -g intrinsic
Total running time: 0 minutes and 0 seconds.
Filetype options:  --export_color_images
Number of workers: 4
File 'scene0387_00' not found or not readable, it must be just a scene name.
Processing scenes from: /tmp/tmp.pC2v7ju71N
------------------------
Running in parallel with 4 workers.
xargs: warning: options --max-args and --replace/-I/-i are mutually exclusive, ignoring previous --max-args value
Processing scene: scene0387_00
Deleting the folders that have been archived...
Completed processing: scene0387_00
------------------------
All scenes processed successfully!

To extract archives later, use:
dar -R . -O -wa -x color -v -g color
dar -R . -O -wa -x depth -v -g depth
dar -R . -O -wa -x pose -v -g pose
dar -R . -O -wa -x intrinsic -v -g intrinsic
Total running time: 0 minutes and 0 seconds.
Filetype options:  --export_color_images
Number of workers: 4
File 'scene0388_00' not found or not readable, it must be just a scene name.
Processing scenes from: /tmp/tmp.8Cm7RrgMNo
------------------------
Running in parallel with 4 workers.
xargs: warning: options --max-args and --replace/-I/-i are mutually exclusive, ignoring previous --max-args value
Processing scene: scene0388_00
Deleting the folders that have been archived...
Completed processing: scene0388_00
------------------------
All scenes processed successfully!

To extract archives later, use:
dar -R . -O -wa -x color -v -g color
dar -R . -O -wa -x depth -v -g depth
dar -R . -O -wa -x pose -v -g pose
dar -R . -O -wa -x intrinsic -v -g intrinsic
Total running time: 0 minutes and 0 seconds.
Filetype options:  --export_color_images
Number of workers: 4
File 'scene0390_00' not found or not readable, it must be just a scene name.
Processing scenes from: /tmp/tmp.hOmUQDHzUL
------------------------
Running in parallel with 4 workers.
xargs: warning: options --max-args and --replace/-I/-i are mutually exclusive, ignoring previous --max-args value
Processing scene: scene0390_00
Deleting the folders that have been archived...
Completed processing: scene0390_00
------------------------
All scenes processed successfully!

To extract archives later, use:
dar -R . -O -wa -x color -v -g color
dar -R . -O -wa -x depth -v -g depth
dar -R . -O -wa -x pose -v -g pose
dar -R . -O -wa -x intrinsic -v -g intrinsic
Total running time: 0 minutes and 0 seconds.
Filetype options:  --export_color_images
Number of workers: 4
File 'scene0391_00' not found or not readable, it must be just a scene name.
Processing scenes from: /tmp/tmp.6RE8Xn1mBa
------------------------
Running in parallel with 4 workers.
xargs: warning: options --max-args and --replace/-I/-i are mutually exclusive, ignoring previous --max-args value
Processing scene: scene0391_00
Deleting the folders that have been archived...
Completed processing: scene0391_00
------------------------
All scenes processed successfully!

To extract archives later, use:
dar -R . -O -wa -x color -v -g color
dar -R . -O -wa -x depth -v -g depth
dar -R . -O -wa -x pose -v -g pose
dar -R . -O -wa -x intrinsic -v -g intrinsic
Total running time: 0 minutes and 0 seconds.
Filetype options:  --export_color_images
Number of workers: 4
File 'scene0392_00' not found or not readable, it must be just a scene name.
Processing scenes from: /tmp/tmp.5GE84bwVB1
------------------------
Running in parallel with 4 workers.
xargs: warning: options --max-args and --replace/-I/-i are mutually exclusive, ignoring previous --max-args value
Processing scene: scene0392_00
Deleting the folders that have been archived...
Completed processing: scene0392_00
------------------------
All scenes processed successfully!

To extract archives later, use:
dar -R . -O -wa -x color -v -g color
dar -R . -O -wa -x depth -v -g depth
dar -R . -O -wa -x pose -v -g pose
dar -R . -O -wa -x intrinsic -v -g intrinsic
Total running time: 0 minutes and 0 seconds.
Filetype options:  --export_color_images
Number of workers: 4
File 'scene0393_00' not found or not readable, it must be just a scene name.
Processing scenes from: /tmp/tmp.Kv9xPObA04
------------------------
Running in parallel with 4 workers.
xargs: warning: options --max-args and --replace/-I/-i are mutually exclusive, ignoring previous --max-args value
Processing scene: scene0393_00
Deleting the folders that have been archived...
Completed processing: scene0393_00
------------------------
All scenes processed successfully!

To extract archives later, use:
dar -R . -O -wa -x color -v -g color
dar -R . -O -wa -x depth -v -g depth
dar -R . -O -wa -x pose -v -g pose
dar -R . -O -wa -x intrinsic -v -g intrinsic
Total running time: 0 minutes and 0 seconds.
Filetype options:  --export_color_images
Number of workers: 4
File 'scene0394_00' not found or not readable, it must be just a scene name.
Processing scenes from: /tmp/tmp.GbTRhLPcqo
------------------------
Running in parallel with 4 workers.
xargs: warning: options --max-args and --replace/-I/-i are mutually exclusive, ignoring previous --max-args value
Processing scene: scene0394_00
Deleting the folders that have been archived...
Completed processing: scene0394_00
------------------------
All scenes processed successfully!

To extract archives later, use:
dar -R . -O -wa -x color -v -g color
dar -R . -O -wa -x depth -v -g depth
dar -R . -O -wa -x pose -v -g pose
dar -R . -O -wa -x intrinsic -v -g intrinsic
Total running time: 0 minutes and 0 seconds.
Filetype options:  --export_color_images
Number of workers: 4
File 'scene0395_00' not found or not readable, it must be just a scene name.
Processing scenes from: /tmp/tmp.pxjmcEzvuR
------------------------
Running in parallel with 4 workers.
xargs: warning: options --max-args and --replace/-I/-i are mutually exclusive, ignoring previous --max-args value
Processing scene: scene0395_00
Deleting the folders that have been archived...
Completed processing: scene0395_00
------------------------
All scenes processed successfully!

To extract archives later, use:
dar -R . -O -wa -x color -v -g color
dar -R . -O -wa -x depth -v -g depth
dar -R . -O -wa -x pose -v -g pose
dar -R . -O -wa -x intrinsic -v -g intrinsic
Total running time: 0 minutes and 0 seconds.
Filetype options:  --export_color_images
Number of workers: 4
File 'scene0396_00' not found or not readable, it must be just a scene name.
Processing scenes from: /tmp/tmp.codpH53EZg
------------------------
Running in parallel with 4 workers.
xargs: warning: options --max-args and --replace/-I/-i are mutually exclusive, ignoring previous --max-args value
Processing scene: scene0396_00
Deleting the folders that have been archived...
Completed processing: scene0396_00
------------------------
All scenes processed successfully!

To extract archives later, use:
dar -R . -O -wa -x color -v -g color
dar -R . -O -wa -x depth -v -g depth
dar -R . -O -wa -x pose -v -g pose
dar -R . -O -wa -x intrinsic -v -g intrinsic
Total running time: 0 minutes and 0 seconds.
Filetype options:  --export_color_images
Number of workers: 4
File 'scene0397_00' not found or not readable, it must be just a scene name.
Processing scenes from: /tmp/tmp.LcA0UcRd5V
------------------------
Running in parallel with 4 workers.
xargs: warning: options --max-args and --replace/-I/-i are mutually exclusive, ignoring previous --max-args value
Processing scene: scene0397_00
Deleting the folders that have been archived...
Completed processing: scene0397_00
------------------------
All scenes processed successfully!

To extract archives later, use:
dar -R . -O -wa -x color -v -g color
dar -R . -O -wa -x depth -v -g depth
dar -R . -O -wa -x pose -v -g pose
dar -R . -O -wa -x intrinsic -v -g intrinsic
Total running time: 0 minutes and 0 seconds.
Filetype options:  --export_color_images
Number of workers: 4
File 'scene0398_00' not found or not readable, it must be just a scene name.
Processing scenes from: /tmp/tmp.2BASbZOGfu
------------------------
Running in parallel with 4 workers.
xargs: warning: options --max-args and --replace/-I/-i are mutually exclusive, ignoring previous --max-args value
Processing scene: scene0398_00
Deleting the folders that have been archived...
Completed processing: scene0398_00
------------------------
All scenes processed successfully!

To extract archives later, use:
dar -R . -O -wa -x color -v -g color
dar -R . -O -wa -x depth -v -g depth
dar -R . -O -wa -x pose -v -g pose
dar -R . -O -wa -x intrinsic -v -g intrinsic
Total running time: 0 minutes and 0 seconds.
Filetype options:  --export_color_images
Number of workers: 4
File 'scene0399_00' not found or not readable, it must be just a scene name.
Processing scenes from: /tmp/tmp.ZaouTe83G7
------------------------
Running in parallel with 4 workers.
xargs: warning: options --max-args and --replace/-I/-i are mutually exclusive, ignoring previous --max-args value
Processing scene: scene0399_00
Deleting the folders that have been archived...
Completed processing: scene0399_00
------------------------
All scenes processed successfully!

To extract archives later, use:
dar -R . -O -wa -x color -v -g color
dar -R . -O -wa -x depth -v -g depth
dar -R . -O -wa -x pose -v -g pose
dar -R . -O -wa -x intrinsic -v -g intrinsic
Total running time: 0 minutes and 0 seconds.
Filetype options:  --export_color_images
Number of workers: 4
File 'scene0400_00' not found or not readable, it must be just a scene name.
Processing scenes from: /tmp/tmp.eLwduDif40
------------------------
Running in parallel with 4 workers.
xargs: warning: options --max-args and --replace/-I/-i are mutually exclusive, ignoring previous --max-args value
Processing scene: scene0400_00
Deleting the folders that have been archived...
Completed processing: scene0400_00
------------------------
All scenes processed successfully!

To extract archives later, use:
dar -R . -O -wa -x color -v -g color
dar -R . -O -wa -x depth -v -g depth
dar -R . -O -wa -x pose -v -g pose
dar -R . -O -wa -x intrinsic -v -g intrinsic
Total running time: 0 minutes and 0 seconds.
Filetype options:  --export_color_images
Number of workers: 4
File 'scene0401_00' not found or not readable, it must be just a scene name.
Processing scenes from: /tmp/tmp.59ycD8rL3i
------------------------
Running in parallel with 4 workers.
xargs: warning: options --max-args and --replace/-I/-i are mutually exclusive, ignoring previous --max-args value
Processing scene: scene0401_00
Deleting the folders that have been archived...
Completed processing: scene0401_00
------------------------
All scenes processed successfully!

To extract archives later, use:
dar -R . -O -wa -x color -v -g color
dar -R . -O -wa -x depth -v -g depth
dar -R . -O -wa -x pose -v -g pose
dar -R . -O -wa -x intrinsic -v -g intrinsic
Total running time: 0 minutes and 0 seconds.
Filetype options:  --export_color_images
Number of workers: 4
File 'scene0402_00' not found or not readable, it must be just a scene name.
Processing scenes from: /tmp/tmp.VHbaHcvWSC
------------------------
Running in parallel with 4 workers.
xargs: warning: options --max-args and --replace/-I/-i are mutually exclusive, ignoring previous --max-args value
Processing scene: scene0402_00
Deleting the folders that have been archived...
Completed processing: scene0402_00
------------------------
All scenes processed successfully!

To extract archives later, use:
dar -R . -O -wa -x color -v -g color
dar -R . -O -wa -x depth -v -g depth
dar -R . -O -wa -x pose -v -g pose
dar -R . -O -wa -x intrinsic -v -g intrinsic
Total running time: 0 minutes and 0 seconds.
Filetype options:  --export_color_images
Number of workers: 4
File 'scene0403_00' not found or not readable, it must be just a scene name.
Processing scenes from: /tmp/tmp.3ow2IC3SHo
------------------------
Running in parallel with 4 workers.
xargs: warning: options --max-args and --replace/-I/-i are mutually exclusive, ignoring previous --max-args value
Processing scene: scene0403_00
Deleting the folders that have been archived...
Completed processing: scene0403_00
------------------------
All scenes processed successfully!

To extract archives later, use:
dar -R . -O -wa -x color -v -g color
dar -R . -O -wa -x depth -v -g depth
dar -R . -O -wa -x pose -v -g pose
dar -R . -O -wa -x intrinsic -v -g intrinsic
Total running time: 0 minutes and 0 seconds.
Filetype options:  --export_color_images
Number of workers: 4
File 'scene0404_00' not found or not readable, it must be just a scene name.
Processing scenes from: /tmp/tmp.5hpKLavcwk
------------------------
Running in parallel with 4 workers.
xargs: warning: options --max-args and --replace/-I/-i are mutually exclusive, ignoring previous --max-args value
Processing scene: scene0404_00
Deleting the folders that have been archived...
Completed processing: scene0404_00
------------------------
All scenes processed successfully!

To extract archives later, use:
dar -R . -O -wa -x color -v -g color
dar -R . -O -wa -x depth -v -g depth
dar -R . -O -wa -x pose -v -g pose
dar -R . -O -wa -x intrinsic -v -g intrinsic
Total running time: 0 minutes and 0 seconds.
Filetype options:  --export_color_images
Number of workers: 4
File 'scene0407_00' not found or not readable, it must be just a scene name.
Processing scenes from: /tmp/tmp.jnZvLnJ4Zg
------------------------
Running in parallel with 4 workers.
xargs: warning: options --max-args and --replace/-I/-i are mutually exclusive, ignoring previous --max-args value
Processing scene: scene0407_00
Deleting the folders that have been archived...
Completed processing: scene0407_00
------------------------
All scenes processed successfully!

To extract archives later, use:
dar -R . -O -wa -x color -v -g color
dar -R . -O -wa -x depth -v -g depth
dar -R . -O -wa -x pose -v -g pose
dar -R . -O -wa -x intrinsic -v -g intrinsic
Total running time: 0 minutes and 0 seconds.
Filetype options:  --export_color_images
Number of workers: 4
File 'scene0409_00' not found or not readable, it must be just a scene name.
Processing scenes from: /tmp/tmp.CWuqwsjzPH
------------------------
Running in parallel with 4 workers.
xargs: warning: options --max-args and --replace/-I/-i are mutually exclusive, ignoring previous --max-args value
Processing scene: scene0409_00
Deleting the folders that have been archived...
Completed processing: scene0409_00
------------------------
All scenes processed successfully!

To extract archives later, use:
dar -R . -O -wa -x color -v -g color
dar -R . -O -wa -x depth -v -g depth
dar -R . -O -wa -x pose -v -g pose
dar -R . -O -wa -x intrinsic -v -g intrinsic
Total running time: 0 minutes and 1 seconds.
Filetype options:  --export_color_images
Number of workers: 4
File 'scene0410_00' not found or not readable, it must be just a scene name.
Processing scenes from: /tmp/tmp.sIAYSffwl9
------------------------
Running in parallel with 4 workers.
xargs: warning: options --max-args and --replace/-I/-i are mutually exclusive, ignoring previous --max-args value
Processing scene: scene0410_00
Deleting the folders that have been archived...
Completed processing: scene0410_00
------------------------
All scenes processed successfully!

To extract archives later, use:
dar -R . -O -wa -x color -v -g color
dar -R . -O -wa -x depth -v -g depth
dar -R . -O -wa -x pose -v -g pose
dar -R . -O -wa -x intrinsic -v -g intrinsic
Total running time: 0 minutes and 0 seconds.
Filetype options:  --export_color_images
Number of workers: 4
File 'scene0411_00' not found or not readable, it must be just a scene name.
Processing scenes from: /tmp/tmp.ZAmTC0bi6I
------------------------
Running in parallel with 4 workers.
xargs: warning: options --max-args and --replace/-I/-i are mutually exclusive, ignoring previous --max-args value
Processing scene: scene0411_00
Deleting the folders that have been archived...
Completed processing: scene0411_00
------------------------
All scenes processed successfully!

To extract archives later, use:
dar -R . -O -wa -x color -v -g color
dar -R . -O -wa -x depth -v -g depth
dar -R . -O -wa -x pose -v -g pose
dar -R . -O -wa -x intrinsic -v -g intrinsic
Total running time: 0 minutes and 0 seconds.
Filetype options:  --export_color_images
Number of workers: 4
File 'scene0413_00' not found or not readable, it must be just a scene name.
Processing scenes from: /tmp/tmp.6RudbLYJ3l
------------------------
Running in parallel with 4 workers.
xargs: warning: options --max-args and --replace/-I/-i are mutually exclusive, ignoring previous --max-args value
Processing scene: scene0413_00
Deleting the folders that have been archived...
Completed processing: scene0413_00
------------------------
All scenes processed successfully!

To extract archives later, use:
dar -R . -O -wa -x color -v -g color
dar -R . -O -wa -x depth -v -g depth
dar -R . -O -wa -x pose -v -g pose
dar -R . -O -wa -x intrinsic -v -g intrinsic
Total running time: 0 minutes and 0 seconds.
Filetype options:  --export_color_images
Number of workers: 4
File 'scene0415_00' not found or not readable, it must be just a scene name.
Processing scenes from: /tmp/tmp.onDIc0rOVs
------------------------
Running in parallel with 4 workers.
xargs: warning: options --max-args and --replace/-I/-i are mutually exclusive, ignoring previous --max-args value
Processing scene: scene0415_00
Deleting the folders that have been archived...
Completed processing: scene0415_00
------------------------
All scenes processed successfully!

To extract archives later, use:
dar -R . -O -wa -x color -v -g color
dar -R . -O -wa -x depth -v -g depth
dar -R . -O -wa -x pose -v -g pose
dar -R . -O -wa -x intrinsic -v -g intrinsic
Total running time: 0 minutes and 0 seconds.
Filetype options:  --export_color_images
Number of workers: 4
File 'scene0416_00' not found or not readable, it must be just a scene name.
Processing scenes from: /tmp/tmp.SWOt95f9zj
------------------------
Running in parallel with 4 workers.
xargs: warning: options --max-args and --replace/-I/-i are mutually exclusive, ignoring previous --max-args value
Processing scene: scene0416_00
Deleting the folders that have been archived...
Completed processing: scene0416_00
------------------------
All scenes processed successfully!

To extract archives later, use:
dar -R . -O -wa -x color -v -g color
dar -R . -O -wa -x depth -v -g depth
dar -R . -O -wa -x pose -v -g pose
dar -R . -O -wa -x intrinsic -v -g intrinsic
Total running time: 0 minutes and 0 seconds.
Filetype options:  --export_color_images
Number of workers: 4
File 'scene0417_00' not found or not readable, it must be just a scene name.
Processing scenes from: /tmp/tmp.rmGSE8yhyC
------------------------
Running in parallel with 4 workers.
xargs: warning: options --max-args and --replace/-I/-i are mutually exclusive, ignoring previous --max-args value
Processing scene: scene0417_00
Deleting the folders that have been archived...
Completed processing: scene0417_00
------------------------
All scenes processed successfully!

To extract archives later, use:
dar -R . -O -wa -x color -v -g color
dar -R . -O -wa -x depth -v -g depth
dar -R . -O -wa -x pose -v -g pose
dar -R . -O -wa -x intrinsic -v -g intrinsic
Total running time: 0 minutes and 1 seconds.
Filetype options:  --export_color_images
Number of workers: 4
File 'scene0418_00' not found or not readable, it must be just a scene name.
Processing scenes from: /tmp/tmp.7vT5kEbGJF
------------------------
Running in parallel with 4 workers.
xargs: warning: options --max-args and --replace/-I/-i are mutually exclusive, ignoring previous --max-args value
Processing scene: scene0418_00
Deleting the folders that have been archived...
Completed processing: scene0418_00
------------------------
All scenes processed successfully!

To extract archives later, use:
dar -R . -O -wa -x color -v -g color
dar -R . -O -wa -x depth -v -g depth
dar -R . -O -wa -x pose -v -g pose
dar -R . -O -wa -x intrinsic -v -g intrinsic
Total running time: 0 minutes and 0 seconds.
Filetype options:  --export_color_images
Number of workers: 4
File 'scene0419_00' not found or not readable, it must be just a scene name.
Processing scenes from: /tmp/tmp.c4XuS1u3v5
------------------------
Running in parallel with 4 workers.
xargs: warning: options --max-args and --replace/-I/-i are mutually exclusive, ignoring previous --max-args value
Processing scene: scene0419_00
Deleting the folders that have been archived...
Completed processing: scene0419_00
------------------------
All scenes processed successfully!

To extract archives later, use:
dar -R . -O -wa -x color -v -g color
dar -R . -O -wa -x depth -v -g depth
dar -R . -O -wa -x pose -v -g pose
dar -R . -O -wa -x intrinsic -v -g intrinsic
Total running time: 0 minutes and 0 seconds.
Filetype options:  --export_color_images
Number of workers: 4
File 'scene0420_00' not found or not readable, it must be just a scene name.
Processing scenes from: /tmp/tmp.x41DvTYg6O
------------------------
Running in parallel with 4 workers.
xargs: warning: options --max-args and --replace/-I/-i are mutually exclusive, ignoring previous --max-args value
Processing scene: scene0420_00
Deleting the folders that have been archived...
Completed processing: scene0420_00
------------------------
All scenes processed successfully!

To extract archives later, use:
dar -R . -O -wa -x color -v -g color
dar -R . -O -wa -x depth -v -g depth
dar -R . -O -wa -x pose -v -g pose
dar -R . -O -wa -x intrinsic -v -g intrinsic
Total running time: 0 minutes and 0 seconds.
Filetype options:  --export_color_images
Number of workers: 4
File 'scene0422_00' not found or not readable, it must be just a scene name.
Processing scenes from: /tmp/tmp.Q8bNKGmgFn
------------------------
Running in parallel with 4 workers.
xargs: warning: options --max-args and --replace/-I/-i are mutually exclusive, ignoring previous --max-args value
Processing scene: scene0422_00
Deleting the folders that have been archived...
Completed processing: scene0422_00
------------------------
All scenes processed successfully!

To extract archives later, use:
dar -R . -O -wa -x color -v -g color
dar -R . -O -wa -x depth -v -g depth
dar -R . -O -wa -x pose -v -g pose
dar -R . -O -wa -x intrinsic -v -g intrinsic
Total running time: 0 minutes and 0 seconds.
Filetype options:  --export_color_images
Number of workers: 4
File 'scene0424_00' not found or not readable, it must be just a scene name.
Processing scenes from: /tmp/tmp.hGw2YmPjRF
------------------------
Running in parallel with 4 workers.
xargs: warning: options --max-args and --replace/-I/-i are mutually exclusive, ignoring previous --max-args value
Processing scene: scene0424_00
Deleting the folders that have been archived...
Completed processing: scene0424_00
------------------------
All scenes processed successfully!

To extract archives later, use:
dar -R . -O -wa -x color -v -g color
dar -R . -O -wa -x depth -v -g depth
dar -R . -O -wa -x pose -v -g pose
dar -R . -O -wa -x intrinsic -v -g intrinsic
Total running time: 0 minutes and 0 seconds.
Filetype options:  --export_color_images
Number of workers: 4
File 'scene0425_00' not found or not readable, it must be just a scene name.
Processing scenes from: /tmp/tmp.BRa8Earu4d
------------------------
Running in parallel with 4 workers.
xargs: warning: options --max-args and --replace/-I/-i are mutually exclusive, ignoring previous --max-args value
Processing scene: scene0425_00
Deleting the folders that have been archived...
Completed processing: scene0425_00
------------------------
All scenes processed successfully!

To extract archives later, use:
dar -R . -O -wa -x color -v -g color
dar -R . -O -wa -x depth -v -g depth
dar -R . -O -wa -x pose -v -g pose
dar -R . -O -wa -x intrinsic -v -g intrinsic
Total running time: 0 minutes and 0 seconds.
Filetype options:  --export_color_images
Number of workers: 4
File 'scene0428_00' not found or not readable, it must be just a scene name.
Processing scenes from: /tmp/tmp.apnTZmh9lN
------------------------
Running in parallel with 4 workers.
xargs: warning: options --max-args and --replace/-I/-i are mutually exclusive, ignoring previous --max-args value
Processing scene: scene0428_00
Deleting the folders that have been archived...
Completed processing: scene0428_00
------------------------
All scenes processed successfully!

To extract archives later, use:
dar -R . -O -wa -x color -v -g color
dar -R . -O -wa -x depth -v -g depth
dar -R . -O -wa -x pose -v -g pose
dar -R . -O -wa -x intrinsic -v -g intrinsic
Total running time: 0 minutes and 0 seconds.
Filetype options:  --export_color_images
Number of workers: 4
File 'scene0429_00' not found or not readable, it must be just a scene name.
Processing scenes from: /tmp/tmp.UD753lmoPf
------------------------
Running in parallel with 4 workers.
xargs: warning: options --max-args and --replace/-I/-i are mutually exclusive, ignoring previous --max-args value
Processing scene: scene0429_00
Deleting the folders that have been archived...
Completed processing: scene0429_00
------------------------
All scenes processed successfully!

To extract archives later, use:
dar -R . -O -wa -x color -v -g color
dar -R . -O -wa -x depth -v -g depth
dar -R . -O -wa -x pose -v -g pose
dar -R . -O -wa -x intrinsic -v -g intrinsic
Total running time: 0 minutes and 0 seconds.
Filetype options:  --export_color_images
Number of workers: 4
File 'scene0431_00' not found or not readable, it must be just a scene name.
Processing scenes from: /tmp/tmp.DW9Pqqqg11
------------------------
Running in parallel with 4 workers.
xargs: warning: options --max-args and --replace/-I/-i are mutually exclusive, ignoring previous --max-args value
Processing scene: scene0431_00
Deleting the folders that have been archived...
Completed processing: scene0431_00
------------------------
All scenes processed successfully!

To extract archives later, use:
dar -R . -O -wa -x color -v -g color
dar -R . -O -wa -x depth -v -g depth
dar -R . -O -wa -x pose -v -g pose
dar -R . -O -wa -x intrinsic -v -g intrinsic
Total running time: 0 minutes and 0 seconds.
Filetype options:  --export_color_images
Number of workers: 4
File 'scene0433_00' not found or not readable, it must be just a scene name.
Processing scenes from: /tmp/tmp.bYzhWZI3B8
------------------------
Running in parallel with 4 workers.
xargs: warning: options --max-args and --replace/-I/-i are mutually exclusive, ignoring previous --max-args value
Processing scene: scene0433_00
Deleting the folders that have been archived...
Completed processing: scene0433_00
------------------------
All scenes processed successfully!

To extract archives later, use:
dar -R . -O -wa -x color -v -g color
dar -R . -O -wa -x depth -v -g depth
dar -R . -O -wa -x pose -v -g pose
dar -R . -O -wa -x intrinsic -v -g intrinsic
Total running time: 0 minutes and 0 seconds.
Filetype options:  --export_color_images
Number of workers: 4
File 'scene0434_00' not found or not readable, it must be just a scene name.
Processing scenes from: /tmp/tmp.LWnOcFKMWO
------------------------
Running in parallel with 4 workers.
xargs: warning: options --max-args and --replace/-I/-i are mutually exclusive, ignoring previous --max-args value
Processing scene: scene0434_00
Deleting the folders that have been archived...
Completed processing: scene0434_00
------------------------
All scenes processed successfully!

To extract archives later, use:
dar -R . -O -wa -x color -v -g color
dar -R . -O -wa -x depth -v -g depth
dar -R . -O -wa -x pose -v -g pose
dar -R . -O -wa -x intrinsic -v -g intrinsic
Total running time: 0 minutes and 0 seconds.
Filetype options:  --export_color_images
Number of workers: 4
File 'scene0436_00' not found or not readable, it must be just a scene name.
Processing scenes from: /tmp/tmp.r3hoIVH1Bz
------------------------
Running in parallel with 4 workers.
xargs: warning: options --max-args and --replace/-I/-i are mutually exclusive, ignoring previous --max-args value
Processing scene: scene0436_00
Deleting the folders that have been archived...
Completed processing: scene0436_00
------------------------
All scenes processed successfully!

To extract archives later, use:
dar -R . -O -wa -x color -v -g color
dar -R . -O -wa -x depth -v -g depth
dar -R . -O -wa -x pose -v -g pose
dar -R . -O -wa -x intrinsic -v -g intrinsic
Total running time: 0 minutes and 1 seconds.
Filetype options:  --export_color_images
Number of workers: 4
File 'scene0437_00' not found or not readable, it must be just a scene name.
Processing scenes from: /tmp/tmp.h691UBw2Ib
------------------------
Running in parallel with 4 workers.
xargs: warning: options --max-args and --replace/-I/-i are mutually exclusive, ignoring previous --max-args value
Processing scene: scene0437_00
Deleting the folders that have been archived...
Completed processing: scene0437_00
------------------------
All scenes processed successfully!

To extract archives later, use:
dar -R . -O -wa -x color -v -g color
dar -R . -O -wa -x depth -v -g depth
dar -R . -O -wa -x pose -v -g pose
dar -R . -O -wa -x intrinsic -v -g intrinsic
Total running time: 0 minutes and 0 seconds.
Filetype options:  --export_color_images
Number of workers: 4
File 'scene0438_00' not found or not readable, it must be just a scene name.
Processing scenes from: /tmp/tmp.7MMKu3cGMq
------------------------
Running in parallel with 4 workers.
xargs: warning: options --max-args and --replace/-I/-i are mutually exclusive, ignoring previous --max-args value
Processing scene: scene0438_00
Deleting the folders that have been archived...
Completed processing: scene0438_00
------------------------
All scenes processed successfully!

To extract archives later, use:
dar -R . -O -wa -x color -v -g color
dar -R . -O -wa -x depth -v -g depth
dar -R . -O -wa -x pose -v -g pose
dar -R . -O -wa -x intrinsic -v -g intrinsic
Total running time: 0 minutes and 0 seconds.
Filetype options:  --export_color_images
Number of workers: 4
File 'scene0439_00' not found or not readable, it must be just a scene name.
Processing scenes from: /tmp/tmp.vwSWxZ4oyl
------------------------
Running in parallel with 4 workers.
xargs: warning: options --max-args and --replace/-I/-i are mutually exclusive, ignoring previous --max-args value
Processing scene: scene0439_00
Deleting the folders that have been archived...
Completed processing: scene0439_00
------------------------
All scenes processed successfully!

To extract archives later, use:
dar -R . -O -wa -x color -v -g color
dar -R . -O -wa -x depth -v -g depth
dar -R . -O -wa -x pose -v -g pose
dar -R . -O -wa -x intrinsic -v -g intrinsic
Total running time: 0 minutes and 0 seconds.
Filetype options:  --export_color_images
Number of workers: 4
File 'scene0440_00' not found or not readable, it must be just a scene name.
Processing scenes from: /tmp/tmp.NwPbMQyKvS
------------------------
Running in parallel with 4 workers.
xargs: warning: options --max-args and --replace/-I/-i are mutually exclusive, ignoring previous --max-args value
Processing scene: scene0440_00
Deleting the folders that have been archived...
Completed processing: scene0440_00
------------------------
All scenes processed successfully!

To extract archives later, use:
dar -R . -O -wa -x color -v -g color
dar -R . -O -wa -x depth -v -g depth
dar -R . -O -wa -x pose -v -g pose
dar -R . -O -wa -x intrinsic -v -g intrinsic
Total running time: 0 minutes and 0 seconds.
Filetype options:  --export_color_images
Number of workers: 4
File 'scene0442_00' not found or not readable, it must be just a scene name.
Processing scenes from: /tmp/tmp.8FDU7r20r6
------------------------
Running in parallel with 4 workers.
xargs: warning: options --max-args and --replace/-I/-i are mutually exclusive, ignoring previous --max-args value
Processing scene: scene0442_00
Deleting the folders that have been archived...
Completed processing: scene0442_00
------------------------
All scenes processed successfully!

To extract archives later, use:
dar -R . -O -wa -x color -v -g color
dar -R . -O -wa -x depth -v -g depth
dar -R . -O -wa -x pose -v -g pose
dar -R . -O -wa -x intrinsic -v -g intrinsic
Total running time: 0 minutes and 0 seconds.
Filetype options:  --export_color_images
Number of workers: 4
File 'scene0443_00' not found or not readable, it must be just a scene name.
Processing scenes from: /tmp/tmp.s2eMKpBBeN
------------------------
Running in parallel with 4 workers.
xargs: warning: options --max-args and --replace/-I/-i are mutually exclusive, ignoring previous --max-args value
Processing scene: scene0443_00
Deleting the folders that have been archived...
Completed processing: scene0443_00
------------------------
All scenes processed successfully!

To extract archives later, use:
dar -R . -O -wa -x color -v -g color
dar -R . -O -wa -x depth -v -g depth
dar -R . -O -wa -x pose -v -g pose
dar -R . -O -wa -x intrinsic -v -g intrinsic
Total running time: 0 minutes and 0 seconds.
Filetype options:  --export_color_images
Number of workers: 4
File 'scene0445_00' not found or not readable, it must be just a scene name.
Processing scenes from: /tmp/tmp.zBWJWfZneS
------------------------
Running in parallel with 4 workers.
xargs: warning: options --max-args and --replace/-I/-i are mutually exclusive, ignoring previous --max-args value
Processing scene: scene0445_00
Deleting the folders that have been archived...
Completed processing: scene0445_00
------------------------
All scenes processed successfully!

To extract archives later, use:
dar -R . -O -wa -x color -v -g color
dar -R . -O -wa -x depth -v -g depth
dar -R . -O -wa -x pose -v -g pose
dar -R . -O -wa -x intrinsic -v -g intrinsic
Total running time: 0 minutes and 0 seconds.
Filetype options:  --export_color_images
Number of workers: 4
File 'scene0446_00' not found or not readable, it must be just a scene name.
Processing scenes from: /tmp/tmp.L7WeHVuqgV
------------------------
Running in parallel with 4 workers.
xargs: warning: options --max-args and --replace/-I/-i are mutually exclusive, ignoring previous --max-args value
Processing scene: scene0446_00
Deleting the folders that have been archived...
Completed processing: scene0446_00
------------------------
All scenes processed successfully!

To extract archives later, use:
dar -R . -O -wa -x color -v -g color
dar -R . -O -wa -x depth -v -g depth
dar -R . -O -wa -x pose -v -g pose
dar -R . -O -wa -x intrinsic -v -g intrinsic
Total running time: 0 minutes and 0 seconds.
Filetype options:  --export_color_images
Number of workers: 4
File 'scene0447_00' not found or not readable, it must be just a scene name.
Processing scenes from: /tmp/tmp.vNIvPKmeSl
------------------------
Running in parallel with 4 workers.
xargs: warning: options --max-args and --replace/-I/-i are mutually exclusive, ignoring previous --max-args value
Processing scene: scene0447_00
Deleting the folders that have been archived...
Completed processing: scene0447_00
------------------------
All scenes processed successfully!

To extract archives later, use:
dar -R . -O -wa -x color -v -g color
dar -R . -O -wa -x depth -v -g depth
dar -R . -O -wa -x pose -v -g pose
dar -R . -O -wa -x intrinsic -v -g intrinsic
Total running time: 0 minutes and 0 seconds.
Filetype options:  --export_color_images
Number of workers: 4
File 'scene0448_00' not found or not readable, it must be just a scene name.
Processing scenes from: /tmp/tmp.fOGFUq1V7K
------------------------
Running in parallel with 4 workers.
xargs: warning: options --max-args and --replace/-I/-i are mutually exclusive, ignoring previous --max-args value
Processing scene: scene0448_00
Deleting the folders that have been archived...
Completed processing: scene0448_00
------------------------
All scenes processed successfully!

To extract archives later, use:
dar -R . -O -wa -x color -v -g color
dar -R . -O -wa -x depth -v -g depth
dar -R . -O -wa -x pose -v -g pose
dar -R . -O -wa -x intrinsic -v -g intrinsic
Total running time: 0 minutes and 0 seconds.
Filetype options:  --export_color_images
Number of workers: 4
File 'scene0449_00' not found or not readable, it must be just a scene name.
Processing scenes from: /tmp/tmp.x2MsPKsF6f
------------------------
Running in parallel with 4 workers.
xargs: warning: options --max-args and --replace/-I/-i are mutually exclusive, ignoring previous --max-args value
Processing scene: scene0449_00
Deleting the folders that have been archived...
Completed processing: scene0449_00
------------------------
All scenes processed successfully!

To extract archives later, use:
dar -R . -O -wa -x color -v -g color
dar -R . -O -wa -x depth -v -g depth
dar -R . -O -wa -x pose -v -g pose
dar -R . -O -wa -x intrinsic -v -g intrinsic
Total running time: 0 minutes and 1 seconds.
Filetype options:  --export_color_images
Number of workers: 4
File 'scene0450_00' not found or not readable, it must be just a scene name.
Processing scenes from: /tmp/tmp.jj6pKBzmUG
------------------------
Running in parallel with 4 workers.
xargs: warning: options --max-args and --replace/-I/-i are mutually exclusive, ignoring previous --max-args value
Processing scene: scene0450_00
Deleting the folders that have been archived...
Completed processing: scene0450_00
------------------------
All scenes processed successfully!

To extract archives later, use:
dar -R . -O -wa -x color -v -g color
dar -R . -O -wa -x depth -v -g depth
dar -R . -O -wa -x pose -v -g pose
dar -R . -O -wa -x intrinsic -v -g intrinsic
Total running time: 0 minutes and 0 seconds.
Filetype options:  --export_color_images
Number of workers: 4
File 'scene0451_00' not found or not readable, it must be just a scene name.
Processing scenes from: /tmp/tmp.L3jueWSQvF
------------------------
Running in parallel with 4 workers.
xargs: warning: options --max-args and --replace/-I/-i are mutually exclusive, ignoring previous --max-args value
Processing scene: scene0451_00
Deleting the folders that have been archived...
Completed processing: scene0451_00
------------------------
All scenes processed successfully!

To extract archives later, use:
dar -R . -O -wa -x color -v -g color
dar -R . -O -wa -x depth -v -g depth
dar -R . -O -wa -x pose -v -g pose
dar -R . -O -wa -x intrinsic -v -g intrinsic
Total running time: 0 minutes and 0 seconds.
Filetype options:  --export_color_images
Number of workers: 4
File 'scene0452_00' not found or not readable, it must be just a scene name.
Processing scenes from: /tmp/tmp.zz1xA5BEcS
------------------------
Running in parallel with 4 workers.
xargs: warning: options --max-args and --replace/-I/-i are mutually exclusive, ignoring previous --max-args value
Processing scene: scene0452_00
Deleting the folders that have been archived...
Completed processing: scene0452_00
------------------------
All scenes processed successfully!

To extract archives later, use:
dar -R . -O -wa -x color -v -g color
dar -R . -O -wa -x depth -v -g depth
dar -R . -O -wa -x pose -v -g pose
dar -R . -O -wa -x intrinsic -v -g intrinsic
Total running time: 0 minutes and 0 seconds.
Filetype options:  --export_color_images
Number of workers: 4
File 'scene0453_00' not found or not readable, it must be just a scene name.
Processing scenes from: /tmp/tmp.pO2LFcCKBw
------------------------
Running in parallel with 4 workers.
xargs: warning: options --max-args and --replace/-I/-i are mutually exclusive, ignoring previous --max-args value
Processing scene: scene0453_00
Deleting the folders that have been archived...
Completed processing: scene0453_00
------------------------
All scenes processed successfully!

To extract archives later, use:
dar -R . -O -wa -x color -v -g color
dar -R . -O -wa -x depth -v -g depth
dar -R . -O -wa -x pose -v -g pose
dar -R . -O -wa -x intrinsic -v -g intrinsic
Total running time: 0 minutes and 0 seconds.
Filetype options:  --export_color_images
Number of workers: 4
File 'scene0455_00' not found or not readable, it must be just a scene name.
Processing scenes from: /tmp/tmp.74xw6QXvwE
------------------------
Running in parallel with 4 workers.
xargs: warning: options --max-args and --replace/-I/-i are mutually exclusive, ignoring previous --max-args value
Processing scene: scene0455_00
Deleting the folders that have been archived...
Completed processing: scene0455_00
------------------------
All scenes processed successfully!

To extract archives later, use:
dar -R . -O -wa -x color -v -g color
dar -R . -O -wa -x depth -v -g depth
dar -R . -O -wa -x pose -v -g pose
dar -R . -O -wa -x intrinsic -v -g intrinsic
Total running time: 0 minutes and 0 seconds.
Filetype options:  --export_color_images
Number of workers: 4
File 'scene0456_00' not found or not readable, it must be just a scene name.
Processing scenes from: /tmp/tmp.5qW2taZt8t
------------------------
Running in parallel with 4 workers.
xargs: warning: options --max-args and --replace/-I/-i are mutually exclusive, ignoring previous --max-args value
Processing scene: scene0456_00
Deleting the folders that have been archived...
Completed processing: scene0456_00
------------------------
All scenes processed successfully!

To extract archives later, use:
dar -R . -O -wa -x color -v -g color
dar -R . -O -wa -x depth -v -g depth
dar -R . -O -wa -x pose -v -g pose
dar -R . -O -wa -x intrinsic -v -g intrinsic
Total running time: 0 minutes and 0 seconds.
Filetype options:  --export_color_images
Number of workers: 4
File 'scene0457_00' not found or not readable, it must be just a scene name.
Processing scenes from: /tmp/tmp.78I73F5ZYC
------------------------
Running in parallel with 4 workers.
xargs: warning: options --max-args and --replace/-I/-i are mutually exclusive, ignoring previous --max-args value
Processing scene: scene0457_00
Deleting the folders that have been archived...
Completed processing: scene0457_00
------------------------
All scenes processed successfully!

To extract archives later, use:
dar -R . -O -wa -x color -v -g color
dar -R . -O -wa -x depth -v -g depth
dar -R . -O -wa -x pose -v -g pose
dar -R . -O -wa -x intrinsic -v -g intrinsic
Total running time: 0 minutes and 0 seconds.
Filetype options:  --export_color_images
Number of workers: 4
File 'scene0459_00' not found or not readable, it must be just a scene name.
Processing scenes from: /tmp/tmp.FWHkpo7Y1y
------------------------
Running in parallel with 4 workers.
xargs: warning: options --max-args and --replace/-I/-i are mutually exclusive, ignoring previous --max-args value
Processing scene: scene0459_00
Deleting the folders that have been archived...
Completed processing: scene0459_00
------------------------
All scenes processed successfully!

To extract archives later, use:
dar -R . -O -wa -x color -v -g color
dar -R . -O -wa -x depth -v -g depth
dar -R . -O -wa -x pose -v -g pose
dar -R . -O -wa -x intrinsic -v -g intrinsic
Total running time: 0 minutes and 0 seconds.
Filetype options:  --export_color_images
Number of workers: 4
File 'scene0460_00' not found or not readable, it must be just a scene name.
Processing scenes from: /tmp/tmp.RVIxiutvZz
------------------------
Running in parallel with 4 workers.
xargs: warning: options --max-args and --replace/-I/-i are mutually exclusive, ignoring previous --max-args value
Processing scene: scene0460_00
Deleting the folders that have been archived...
Completed processing: scene0460_00
------------------------
All scenes processed successfully!

To extract archives later, use:
dar -R . -O -wa -x color -v -g color
dar -R . -O -wa -x depth -v -g depth
dar -R . -O -wa -x pose -v -g pose
dar -R . -O -wa -x intrinsic -v -g intrinsic
Total running time: 0 minutes and 0 seconds.
Filetype options:  --export_color_images
Number of workers: 4
File 'scene0463_00' not found or not readable, it must be just a scene name.
Processing scenes from: /tmp/tmp.qvcrfi5eg0
------------------------
Running in parallel with 4 workers.
xargs: warning: options --max-args and --replace/-I/-i are mutually exclusive, ignoring previous --max-args value
Processing scene: scene0463_00
Deleting the folders that have been archived...
Completed processing: scene0463_00
------------------------
All scenes processed successfully!

To extract archives later, use:
dar -R . -O -wa -x color -v -g color
dar -R . -O -wa -x depth -v -g depth
dar -R . -O -wa -x pose -v -g pose
dar -R . -O -wa -x intrinsic -v -g intrinsic
Total running time: 0 minutes and 0 seconds.
Filetype options:  --export_color_images
Number of workers: 4
File 'scene0464_00' not found or not readable, it must be just a scene name.
Processing scenes from: /tmp/tmp.K0elb2ffbD
------------------------
Running in parallel with 4 workers.
xargs: warning: options --max-args and --replace/-I/-i are mutually exclusive, ignoring previous --max-args value
Processing scene: scene0464_00
Deleting the folders that have been archived...
Completed processing: scene0464_00
------------------------
All scenes processed successfully!

To extract archives later, use:
dar -R . -O -wa -x color -v -g color
dar -R . -O -wa -x depth -v -g depth
dar -R . -O -wa -x pose -v -g pose
dar -R . -O -wa -x intrinsic -v -g intrinsic
Total running time: 0 minutes and 0 seconds.
Filetype options:  --export_color_images
Number of workers: 4
File 'scene0465_00' not found or not readable, it must be just a scene name.
Processing scenes from: /tmp/tmp.Tf0oezvBTv
------------------------
Running in parallel with 4 workers.
xargs: warning: options --max-args and --replace/-I/-i are mutually exclusive, ignoring previous --max-args value
Processing scene: scene0465_00
Deleting the folders that have been archived...
Completed processing: scene0465_00
------------------------
All scenes processed successfully!

To extract archives later, use:
dar -R . -O -wa -x color -v -g color
dar -R . -O -wa -x depth -v -g depth
dar -R . -O -wa -x pose -v -g pose
dar -R . -O -wa -x intrinsic -v -g intrinsic
Total running time: 0 minutes and 0 seconds.
Filetype options:  --export_color_images
Number of workers: 4
File 'scene0466_00' not found or not readable, it must be just a scene name.
Processing scenes from: /tmp/tmp.rXBxofZXZH
------------------------
Running in parallel with 4 workers.
xargs: warning: options --max-args and --replace/-I/-i are mutually exclusive, ignoring previous --max-args value
Processing scene: scene0466_00
Deleting the folders that have been archived...
Completed processing: scene0466_00
------------------------
All scenes processed successfully!

To extract archives later, use:
dar -R . -O -wa -x color -v -g color
dar -R . -O -wa -x depth -v -g depth
dar -R . -O -wa -x pose -v -g pose
dar -R . -O -wa -x intrinsic -v -g intrinsic
Total running time: 0 minutes and 0 seconds.
Filetype options:  --export_color_images
Number of workers: 4
File 'scene0467_00' not found or not readable, it must be just a scene name.
Processing scenes from: /tmp/tmp.DUk8Jl2qsn
------------------------
Running in parallel with 4 workers.
xargs: warning: options --max-args and --replace/-I/-i are mutually exclusive, ignoring previous --max-args value
Processing scene: scene0467_00
Deleting the folders that have been archived...
Completed processing: scene0467_00
------------------------
All scenes processed successfully!

To extract archives later, use:
dar -R . -O -wa -x color -v -g color
dar -R . -O -wa -x depth -v -g depth
dar -R . -O -wa -x pose -v -g pose
dar -R . -O -wa -x intrinsic -v -g intrinsic
Total running time: 0 minutes and 0 seconds.
Filetype options:  --export_color_images
Number of workers: 4
File 'scene0468_00' not found or not readable, it must be just a scene name.
Processing scenes from: /tmp/tmp.C2OODUklCy
------------------------
Running in parallel with 4 workers.
xargs: warning: options --max-args and --replace/-I/-i are mutually exclusive, ignoring previous --max-args value
Processing scene: scene0468_00
Deleting the folders that have been archived...
Completed processing: scene0468_00
------------------------
All scenes processed successfully!

To extract archives later, use:
dar -R . -O -wa -x color -v -g color
dar -R . -O -wa -x depth -v -g depth
dar -R . -O -wa -x pose -v -g pose
dar -R . -O -wa -x intrinsic -v -g intrinsic
Total running time: 0 minutes and 0 seconds.
Filetype options:  --export_color_images
Number of workers: 4
File 'scene0469_00' not found or not readable, it must be just a scene name.
Processing scenes from: /tmp/tmp.1c9FkwzwnA
------------------------
Running in parallel with 4 workers.
xargs: warning: options --max-args and --replace/-I/-i are mutually exclusive, ignoring previous --max-args value
Processing scene: scene0469_00
Deleting the folders that have been archived...
Completed processing: scene0469_00
------------------------
All scenes processed successfully!

To extract archives later, use:
dar -R . -O -wa -x color -v -g color
dar -R . -O -wa -x depth -v -g depth
dar -R . -O -wa -x pose -v -g pose
dar -R . -O -wa -x intrinsic -v -g intrinsic
Total running time: 0 minutes and 0 seconds.
Filetype options:  --export_color_images
Number of workers: 4
File 'scene0470_00' not found or not readable, it must be just a scene name.
Processing scenes from: /tmp/tmp.9o2OuXLrmw
------------------------
Running in parallel with 4 workers.
xargs: warning: options --max-args and --replace/-I/-i are mutually exclusive, ignoring previous --max-args value
Processing scene: scene0470_00
Deleting the folders that have been archived...
Completed processing: scene0470_00
------------------------
All scenes processed successfully!

To extract archives later, use:
dar -R . -O -wa -x color -v -g color
dar -R . -O -wa -x depth -v -g depth
dar -R . -O -wa -x pose -v -g pose
dar -R . -O -wa -x intrinsic -v -g intrinsic
Total running time: 0 minutes and 0 seconds.
Filetype options:  --export_color_images
Number of workers: 4
File 'scene0472_00' not found or not readable, it must be just a scene name.
Processing scenes from: /tmp/tmp.1cNsU7etvp
------------------------
Running in parallel with 4 workers.
xargs: warning: options --max-args and --replace/-I/-i are mutually exclusive, ignoring previous --max-args value
Processing scene: scene0472_00
Deleting the folders that have been archived...
Completed processing: scene0472_00
------------------------
All scenes processed successfully!

To extract archives later, use:
dar -R . -O -wa -x color -v -g color
dar -R . -O -wa -x depth -v -g depth
dar -R . -O -wa -x pose -v -g pose
dar -R . -O -wa -x intrinsic -v -g intrinsic
Total running time: 0 minutes and 0 seconds.
Filetype options:  --export_color_images
Number of workers: 4
File 'scene0473_00' not found or not readable, it must be just a scene name.
Processing scenes from: /tmp/tmp.3MKlXX9DI9
------------------------
Running in parallel with 4 workers.
xargs: warning: options --max-args and --replace/-I/-i are mutually exclusive, ignoring previous --max-args value
Processing scene: scene0473_00
Deleting the folders that have been archived...
Completed processing: scene0473_00
------------------------
All scenes processed successfully!

To extract archives later, use:
dar -R . -O -wa -x color -v -g color
dar -R . -O -wa -x depth -v -g depth
dar -R . -O -wa -x pose -v -g pose
dar -R . -O -wa -x intrinsic -v -g intrinsic
Total running time: 0 minutes and 0 seconds.
Filetype options:  --export_color_images
Number of workers: 4
File 'scene0475_00' not found or not readable, it must be just a scene name.
Processing scenes from: /tmp/tmp.y9r9n7bNhA
------------------------
Running in parallel with 4 workers.
xargs: warning: options --max-args and --replace/-I/-i are mutually exclusive, ignoring previous --max-args value
Processing scene: scene0475_00
Deleting the folders that have been archived...
Completed processing: scene0475_00
------------------------
All scenes processed successfully!

To extract archives later, use:
dar -R . -O -wa -x color -v -g color
dar -R . -O -wa -x depth -v -g depth
dar -R . -O -wa -x pose -v -g pose
dar -R . -O -wa -x intrinsic -v -g intrinsic
Total running time: 0 minutes and 0 seconds.
Filetype options:  --export_color_images
Number of workers: 4
File 'scene0476_00' not found or not readable, it must be just a scene name.
Processing scenes from: /tmp/tmp.NxnEUCze9c
------------------------
Running in parallel with 4 workers.
xargs: warning: options --max-args and --replace/-I/-i are mutually exclusive, ignoring previous --max-args value
Processing scene: scene0476_00
Deleting the folders that have been archived...
Completed processing: scene0476_00
------------------------
All scenes processed successfully!

To extract archives later, use:
dar -R . -O -wa -x color -v -g color
dar -R . -O -wa -x depth -v -g depth
dar -R . -O -wa -x pose -v -g pose
dar -R . -O -wa -x intrinsic -v -g intrinsic
Total running time: 0 minutes and 0 seconds.
Filetype options:  --export_color_images
Number of workers: 4
File 'scene0477_00' not found or not readable, it must be just a scene name.
Processing scenes from: /tmp/tmp.rrP23257PF
------------------------
Running in parallel with 4 workers.
xargs: warning: options --max-args and --replace/-I/-i are mutually exclusive, ignoring previous --max-args value
Processing scene: scene0477_00
Deleting the folders that have been archived...
Completed processing: scene0477_00
------------------------
All scenes processed successfully!

To extract archives later, use:
dar -R . -O -wa -x color -v -g color
dar -R . -O -wa -x depth -v -g depth
dar -R . -O -wa -x pose -v -g pose
dar -R . -O -wa -x intrinsic -v -g intrinsic
Total running time: 0 minutes and 0 seconds.
Filetype options:  --export_color_images
Number of workers: 4
File 'scene0478_00' not found or not readable, it must be just a scene name.
Processing scenes from: /tmp/tmp.HSnAvoBrWt
------------------------
Running in parallel with 4 workers.
xargs: warning: options --max-args and --replace/-I/-i are mutually exclusive, ignoring previous --max-args value
Processing scene: scene0478_00
Deleting the folders that have been archived...
Completed processing: scene0478_00
------------------------
All scenes processed successfully!

To extract archives later, use:
dar -R . -O -wa -x color -v -g color
dar -R . -O -wa -x depth -v -g depth
dar -R . -O -wa -x pose -v -g pose
dar -R . -O -wa -x intrinsic -v -g intrinsic
Total running time: 0 minutes and 0 seconds.
Filetype options:  --export_color_images
Number of workers: 4
File 'scene0479_00' not found or not readable, it must be just a scene name.
Processing scenes from: /tmp/tmp.3c77x1KWNh
------------------------
Running in parallel with 4 workers.
xargs: warning: options --max-args and --replace/-I/-i are mutually exclusive, ignoring previous --max-args value
Processing scene: scene0479_00
Deleting the folders that have been archived...
Completed processing: scene0479_00
------------------------
All scenes processed successfully!

To extract archives later, use:
dar -R . -O -wa -x color -v -g color
dar -R . -O -wa -x depth -v -g depth
dar -R . -O -wa -x pose -v -g pose
dar -R . -O -wa -x intrinsic -v -g intrinsic
Total running time: 0 minutes and 0 seconds.
Filetype options:  --export_color_images
Number of workers: 4
File 'scene0480_00' not found or not readable, it must be just a scene name.
Processing scenes from: /tmp/tmp.b7PiyfmIjO
------------------------
Running in parallel with 4 workers.
xargs: warning: options --max-args and --replace/-I/-i are mutually exclusive, ignoring previous --max-args value
Processing scene: scene0480_00
Deleting the folders that have been archived...
Completed processing: scene0480_00
------------------------
All scenes processed successfully!

To extract archives later, use:
dar -R . -O -wa -x color -v -g color
dar -R . -O -wa -x depth -v -g depth
dar -R . -O -wa -x pose -v -g pose
dar -R . -O -wa -x intrinsic -v -g intrinsic
Total running time: 0 minutes and 0 seconds.
Filetype options:  --export_color_images
Number of workers: 4
File 'scene0481_00' not found or not readable, it must be just a scene name.
Processing scenes from: /tmp/tmp.DioPLpvbBU
------------------------
Running in parallel with 4 workers.
xargs: warning: options --max-args and --replace/-I/-i are mutually exclusive, ignoring previous --max-args value
Processing scene: scene0481_00
Deleting the folders that have been archived...
Completed processing: scene0481_00
------------------------
All scenes processed successfully!

To extract archives later, use:
dar -R . -O -wa -x color -v -g color
dar -R . -O -wa -x depth -v -g depth
dar -R . -O -wa -x pose -v -g pose
dar -R . -O -wa -x intrinsic -v -g intrinsic
Total running time: 0 minutes and 0 seconds.
Filetype options:  --export_color_images
Number of workers: 4
File 'scene0482_00' not found or not readable, it must be just a scene name.
Processing scenes from: /tmp/tmp.wrj4QH75ht
------------------------
Running in parallel with 4 workers.
xargs: warning: options --max-args and --replace/-I/-i are mutually exclusive, ignoring previous --max-args value
Processing scene: scene0482_00
Deleting the folders that have been archived...
Completed processing: scene0482_00
------------------------
All scenes processed successfully!

To extract archives later, use:
dar -R . -O -wa -x color -v -g color
dar -R . -O -wa -x depth -v -g depth
dar -R . -O -wa -x pose -v -g pose
dar -R . -O -wa -x intrinsic -v -g intrinsic
Total running time: 0 minutes and 0 seconds.
Filetype options:  --export_color_images
Number of workers: 4
File 'scene0483_00' not found or not readable, it must be just a scene name.
Processing scenes from: /tmp/tmp.wNtFl5KRul
------------------------
Running in parallel with 4 workers.
xargs: warning: options --max-args and --replace/-I/-i are mutually exclusive, ignoring previous --max-args value
Processing scene: scene0483_00
Deleting the folders that have been archived...
Completed processing: scene0483_00
------------------------
All scenes processed successfully!

To extract archives later, use:
dar -R . -O -wa -x color -v -g color
dar -R . -O -wa -x depth -v -g depth
dar -R . -O -wa -x pose -v -g pose
dar -R . -O -wa -x intrinsic -v -g intrinsic
Total running time: 0 minutes and 0 seconds.
Filetype options:  --export_color_images
Number of workers: 4
File 'scene0485_00' not found or not readable, it must be just a scene name.
Processing scenes from: /tmp/tmp.Vi7oSyPMEc
------------------------
Running in parallel with 4 workers.
xargs: warning: options --max-args and --replace/-I/-i are mutually exclusive, ignoring previous --max-args value
Processing scene: scene0485_00
Deleting the folders that have been archived...
Completed processing: scene0485_00
------------------------
All scenes processed successfully!

To extract archives later, use:
dar -R . -O -wa -x color -v -g color
dar -R . -O -wa -x depth -v -g depth
dar -R . -O -wa -x pose -v -g pose
dar -R . -O -wa -x intrinsic -v -g intrinsic
Total running time: 0 minutes and 0 seconds.
Filetype options:  --export_color_images
Number of workers: 4
File 'scene0486_00' not found or not readable, it must be just a scene name.
Processing scenes from: /tmp/tmp.Fg7F2EQZJA
------------------------
Running in parallel with 4 workers.
xargs: warning: options --max-args and --replace/-I/-i are mutually exclusive, ignoring previous --max-args value
Processing scene: scene0486_00
Deleting the folders that have been archived...
Completed processing: scene0486_00
------------------------
All scenes processed successfully!

To extract archives later, use:
dar -R . -O -wa -x color -v -g color
dar -R . -O -wa -x depth -v -g depth
dar -R . -O -wa -x pose -v -g pose
dar -R . -O -wa -x intrinsic -v -g intrinsic
Total running time: 0 minutes and 0 seconds.
Filetype options:  --export_color_images
Number of workers: 4
File 'scene0487_00' not found or not readable, it must be just a scene name.
Processing scenes from: /tmp/tmp.79Op41my2q
------------------------
Running in parallel with 4 workers.
xargs: warning: options --max-args and --replace/-I/-i are mutually exclusive, ignoring previous --max-args value
Processing scene: scene0487_00
Deleting the folders that have been archived...
Completed processing: scene0487_00
------------------------
All scenes processed successfully!

To extract archives later, use:
dar -R . -O -wa -x color -v -g color
dar -R . -O -wa -x depth -v -g depth
dar -R . -O -wa -x pose -v -g pose
dar -R . -O -wa -x intrinsic -v -g intrinsic
Total running time: 0 minutes and 0 seconds.
Filetype options:  --export_color_images
Number of workers: 4
File 'scene0489_00' not found or not readable, it must be just a scene name.
Processing scenes from: /tmp/tmp.VQCmOGOds7
------------------------
Running in parallel with 4 workers.
xargs: warning: options --max-args and --replace/-I/-i are mutually exclusive, ignoring previous --max-args value
Processing scene: scene0489_00
Deleting the folders that have been archived...
Completed processing: scene0489_00
------------------------
All scenes processed successfully!

To extract archives later, use:
dar -R . -O -wa -x color -v -g color
dar -R . -O -wa -x depth -v -g depth
dar -R . -O -wa -x pose -v -g pose
dar -R . -O -wa -x intrinsic -v -g intrinsic
Total running time: 0 minutes and 0 seconds.
Filetype options:  --export_color_images
Number of workers: 4
File 'scene0492_00' not found or not readable, it must be just a scene name.
Processing scenes from: /tmp/tmp.CJZvWqNBvy
------------------------
Running in parallel with 4 workers.
xargs: warning: options --max-args and --replace/-I/-i are mutually exclusive, ignoring previous --max-args value
Processing scene: scene0492_00
Deleting the folders that have been archived...
Completed processing: scene0492_00
------------------------
All scenes processed successfully!

To extract archives later, use:
dar -R . -O -wa -x color -v -g color
dar -R . -O -wa -x depth -v -g depth
dar -R . -O -wa -x pose -v -g pose
dar -R . -O -wa -x intrinsic -v -g intrinsic
Total running time: 0 minutes and 0 seconds.
Filetype options:  --export_color_images
Number of workers: 4
File 'scene0493_00' not found or not readable, it must be just a scene name.
Processing scenes from: /tmp/tmp.MkPbUlCkou
------------------------
Running in parallel with 4 workers.
xargs: warning: options --max-args and --replace/-I/-i are mutually exclusive, ignoring previous --max-args value
Processing scene: scene0493_00
Deleting the folders that have been archived...
Completed processing: scene0493_00
------------------------
All scenes processed successfully!

To extract archives later, use:
dar -R . -O -wa -x color -v -g color
dar -R . -O -wa -x depth -v -g depth
dar -R . -O -wa -x pose -v -g pose
dar -R . -O -wa -x intrinsic -v -g intrinsic
Total running time: 0 minutes and 0 seconds.
Filetype options:  --export_color_images
Number of workers: 4
File 'scene0495_00' not found or not readable, it must be just a scene name.
Processing scenes from: /tmp/tmp.MhqS6nGWV6
------------------------
Running in parallel with 4 workers.
xargs: warning: options --max-args and --replace/-I/-i are mutually exclusive, ignoring previous --max-args value
Processing scene: scene0495_00
Deleting the folders that have been archived...
Completed processing: scene0495_00
------------------------
All scenes processed successfully!

To extract archives later, use:
dar -R . -O -wa -x color -v -g color
dar -R . -O -wa -x depth -v -g depth
dar -R . -O -wa -x pose -v -g pose
dar -R . -O -wa -x intrinsic -v -g intrinsic
Total running time: 0 minutes and 0 seconds.
Filetype options:  --export_color_images
Number of workers: 4
File 'scene0497_00' not found or not readable, it must be just a scene name.
Processing scenes from: /tmp/tmp.9xcQkgvPW3
------------------------
Running in parallel with 4 workers.
xargs: warning: options --max-args and --replace/-I/-i are mutually exclusive, ignoring previous --max-args value
Processing scene: scene0497_00
Deleting the folders that have been archived...
Completed processing: scene0497_00
------------------------
All scenes processed successfully!

To extract archives later, use:
dar -R . -O -wa -x color -v -g color
dar -R . -O -wa -x depth -v -g depth
dar -R . -O -wa -x pose -v -g pose
dar -R . -O -wa -x intrinsic -v -g intrinsic
Total running time: 0 minutes and 0 seconds.
Filetype options:  --export_color_images
Number of workers: 4
File 'scene0498_00' not found or not readable, it must be just a scene name.
Processing scenes from: /tmp/tmp.2nEYDwtJ8K
------------------------
Running in parallel with 4 workers.
xargs: warning: options --max-args and --replace/-I/-i are mutually exclusive, ignoring previous --max-args value
Processing scene: scene0498_00
Deleting the folders that have been archived...
Completed processing: scene0498_00
------------------------
All scenes processed successfully!

To extract archives later, use:
dar -R . -O -wa -x color -v -g color
dar -R . -O -wa -x depth -v -g depth
dar -R . -O -wa -x pose -v -g pose
dar -R . -O -wa -x intrinsic -v -g intrinsic
Total running time: 0 minutes and 0 seconds.
Filetype options:  --export_color_images
Number of workers: 4
File 'scene0499_00' not found or not readable, it must be just a scene name.
Processing scenes from: /tmp/tmp.zEeUDjf1W5
------------------------
Running in parallel with 4 workers.
xargs: warning: options --max-args and --replace/-I/-i are mutually exclusive, ignoring previous --max-args value
Processing scene: scene0499_00
Deleting the folders that have been archived...
Completed processing: scene0499_00
------------------------
All scenes processed successfully!

To extract archives later, use:
dar -R . -O -wa -x color -v -g color
dar -R . -O -wa -x depth -v -g depth
dar -R . -O -wa -x pose -v -g pose
dar -R . -O -wa -x intrinsic -v -g intrinsic
Total running time: 0 minutes and 0 seconds.
Filetype options:  --export_color_images
Number of workers: 4
File 'scene0501_00' not found or not readable, it must be just a scene name.
Processing scenes from: /tmp/tmp.pmMxDrvWTt
------------------------
Running in parallel with 4 workers.
xargs: warning: options --max-args and --replace/-I/-i are mutually exclusive, ignoring previous --max-args value
Processing scene: scene0501_00
Deleting the folders that have been archived...
Completed processing: scene0501_00
------------------------
All scenes processed successfully!

To extract archives later, use:
dar -R . -O -wa -x color -v -g color
dar -R . -O -wa -x depth -v -g depth
dar -R . -O -wa -x pose -v -g pose
dar -R . -O -wa -x intrinsic -v -g intrinsic
Total running time: 0 minutes and 0 seconds.
Filetype options:  --export_color_images
Number of workers: 4
File 'scene0502_00' not found or not readable, it must be just a scene name.
Processing scenes from: /tmp/tmp.DYvoDaFUEy
------------------------
Running in parallel with 4 workers.
xargs: warning: options --max-args and --replace/-I/-i are mutually exclusive, ignoring previous --max-args value
Processing scene: scene0502_00
Deleting the folders that have been archived...
Completed processing: scene0502_00
------------------------
All scenes processed successfully!

To extract archives later, use:
dar -R . -O -wa -x color -v -g color
dar -R . -O -wa -x depth -v -g depth
dar -R . -O -wa -x pose -v -g pose
dar -R . -O -wa -x intrinsic -v -g intrinsic
Total running time: 0 minutes and 0 seconds.
Filetype options:  --export_color_images
Number of workers: 4
File 'scene0503_00' not found or not readable, it must be just a scene name.
Processing scenes from: /tmp/tmp.EjFjkj8TRA
------------------------
Running in parallel with 4 workers.
xargs: warning: options --max-args and --replace/-I/-i are mutually exclusive, ignoring previous --max-args value
Processing scene: scene0503_00
Deleting the folders that have been archived...
Completed processing: scene0503_00
------------------------
All scenes processed successfully!

To extract archives later, use:
dar -R . -O -wa -x color -v -g color
dar -R . -O -wa -x depth -v -g depth
dar -R . -O -wa -x pose -v -g pose
dar -R . -O -wa -x intrinsic -v -g intrinsic
Total running time: 0 minutes and 0 seconds.
Filetype options:  --export_color_images
Number of workers: 4
File 'scene0504_00' not found or not readable, it must be just a scene name.
Processing scenes from: /tmp/tmp.rD4o66fEAN
------------------------
Running in parallel with 4 workers.
xargs: warning: options --max-args and --replace/-I/-i are mutually exclusive, ignoring previous --max-args value
Processing scene: scene0504_00
Deleting the folders that have been archived...
Completed processing: scene0504_00
------------------------
All scenes processed successfully!

To extract archives later, use:
dar -R . -O -wa -x color -v -g color
dar -R . -O -wa -x depth -v -g depth
dar -R . -O -wa -x pose -v -g pose
dar -R . -O -wa -x intrinsic -v -g intrinsic
Total running time: 0 minutes and 0 seconds.
Filetype options:  --export_color_images
Number of workers: 4
File 'scene0505_00' not found or not readable, it must be just a scene name.
Processing scenes from: /tmp/tmp.jdR8hDUf7M
------------------------
Running in parallel with 4 workers.
xargs: warning: options --max-args and --replace/-I/-i are mutually exclusive, ignoring previous --max-args value
Processing scene: scene0505_00
Deleting the folders that have been archived...
Completed processing: scene0505_00
------------------------
All scenes processed successfully!

To extract archives later, use:
dar -R . -O -wa -x color -v -g color
dar -R . -O -wa -x depth -v -g depth
dar -R . -O -wa -x pose -v -g pose
dar -R . -O -wa -x intrinsic -v -g intrinsic
Total running time: 0 minutes and 0 seconds.
Filetype options:  --export_color_images
Number of workers: 4
File 'scene0506_00' not found or not readable, it must be just a scene name.
Processing scenes from: /tmp/tmp.T6caEk5QvZ
------------------------
Running in parallel with 4 workers.
xargs: warning: options --max-args and --replace/-I/-i are mutually exclusive, ignoring previous --max-args value
Processing scene: scene0506_00
Deleting the folders that have been archived...
Completed processing: scene0506_00
------------------------
All scenes processed successfully!

To extract archives later, use:
dar -R . -O -wa -x color -v -g color
dar -R . -O -wa -x depth -v -g depth
dar -R . -O -wa -x pose -v -g pose
dar -R . -O -wa -x intrinsic -v -g intrinsic
Total running time: 0 minutes and 0 seconds.
Filetype options:  --export_color_images
Number of workers: 4
File 'scene0507_00' not found or not readable, it must be just a scene name.
Processing scenes from: /tmp/tmp.uvepXui4nC
------------------------
Running in parallel with 4 workers.
xargs: warning: options --max-args and --replace/-I/-i are mutually exclusive, ignoring previous --max-args value
Processing scene: scene0507_00
Deleting the folders that have been archived...
Completed processing: scene0507_00
------------------------
All scenes processed successfully!

To extract archives later, use:
dar -R . -O -wa -x color -v -g color
dar -R . -O -wa -x depth -v -g depth
dar -R . -O -wa -x pose -v -g pose
dar -R . -O -wa -x intrinsic -v -g intrinsic
Total running time: 0 minutes and 0 seconds.
Filetype options:  --export_color_images
Number of workers: 4
File 'scene0508_00' not found or not readable, it must be just a scene name.
Processing scenes from: /tmp/tmp.ufkc4kRG0L
------------------------
Running in parallel with 4 workers.
xargs: warning: options --max-args and --replace/-I/-i are mutually exclusive, ignoring previous --max-args value
Processing scene: scene0508_00
Deleting the folders that have been archived...
Completed processing: scene0508_00
------------------------
All scenes processed successfully!

To extract archives later, use:
dar -R . -O -wa -x color -v -g color
dar -R . -O -wa -x depth -v -g depth
dar -R . -O -wa -x pose -v -g pose
dar -R . -O -wa -x intrinsic -v -g intrinsic
Total running time: 0 minutes and 0 seconds.
Filetype options:  --export_color_images
Number of workers: 4
File 'scene0509_00' not found or not readable, it must be just a scene name.
Processing scenes from: /tmp/tmp.fzS5BpwDVX
------------------------
Running in parallel with 4 workers.
xargs: warning: options --max-args and --replace/-I/-i are mutually exclusive, ignoring previous --max-args value
Processing scene: scene0509_00
Deleting the folders that have been archived...
Completed processing: scene0509_00
------------------------
All scenes processed successfully!

To extract archives later, use:
dar -R . -O -wa -x color -v -g color
dar -R . -O -wa -x depth -v -g depth
dar -R . -O -wa -x pose -v -g pose
dar -R . -O -wa -x intrinsic -v -g intrinsic
Total running time: 0 minutes and 0 seconds.
Filetype options:  --export_color_images
Number of workers: 4
File 'scene0510_00' not found or not readable, it must be just a scene name.
Processing scenes from: /tmp/tmp.YgMhXJ00S0
------------------------
Running in parallel with 4 workers.
xargs: warning: options --max-args and --replace/-I/-i are mutually exclusive, ignoring previous --max-args value
Processing scene: scene0510_00
Deleting the folders that have been archived...
Completed processing: scene0510_00
------------------------
All scenes processed successfully!

To extract archives later, use:
dar -R . -O -wa -x color -v -g color
dar -R . -O -wa -x depth -v -g depth
dar -R . -O -wa -x pose -v -g pose
dar -R . -O -wa -x intrinsic -v -g intrinsic
Total running time: 0 minutes and 0 seconds.
Filetype options:  --export_color_images
Number of workers: 4
File 'scene0511_00' not found or not readable, it must be just a scene name.
Processing scenes from: /tmp/tmp.zieFqZT7JW
------------------------
Running in parallel with 4 workers.
xargs: warning: options --max-args and --replace/-I/-i are mutually exclusive, ignoring previous --max-args value
Processing scene: scene0511_00
Deleting the folders that have been archived...
Completed processing: scene0511_00
------------------------
All scenes processed successfully!

To extract archives later, use:
dar -R . -O -wa -x color -v -g color
dar -R . -O -wa -x depth -v -g depth
dar -R . -O -wa -x pose -v -g pose
dar -R . -O -wa -x intrinsic -v -g intrinsic
Total running time: 0 minutes and 0 seconds.
Filetype options:  --export_color_images
Number of workers: 4
File 'scene0512_00' not found or not readable, it must be just a scene name.
Processing scenes from: /tmp/tmp.mzAka9TaI0
------------------------
Running in parallel with 4 workers.
xargs: warning: options --max-args and --replace/-I/-i are mutually exclusive, ignoring previous --max-args value
Processing scene: scene0512_00
Deleting the folders that have been archived...
Completed processing: scene0512_00
------------------------
All scenes processed successfully!

To extract archives later, use:
dar -R . -O -wa -x color -v -g color
dar -R . -O -wa -x depth -v -g depth
dar -R . -O -wa -x pose -v -g pose
dar -R . -O -wa -x intrinsic -v -g intrinsic
Total running time: 0 minutes and 0 seconds.
Filetype options:  --export_color_images
Number of workers: 4
File 'scene0513_00' not found or not readable, it must be just a scene name.
Processing scenes from: /tmp/tmp.1V8ue5AWwm
------------------------
Running in parallel with 4 workers.
xargs: warning: options --max-args and --replace/-I/-i are mutually exclusive, ignoring previous --max-args value
Processing scene: scene0513_00
Deleting the folders that have been archived...
Completed processing: scene0513_00
------------------------
All scenes processed successfully!

To extract archives later, use:
dar -R . -O -wa -x color -v -g color
dar -R . -O -wa -x depth -v -g depth
dar -R . -O -wa -x pose -v -g pose
dar -R . -O -wa -x intrinsic -v -g intrinsic
Total running time: 0 minutes and 0 seconds.
Filetype options:  --export_color_images
Number of workers: 4
File 'scene0514_00' not found or not readable, it must be just a scene name.
Processing scenes from: /tmp/tmp.rSKIbXj1rZ
------------------------
Running in parallel with 4 workers.
xargs: warning: options --max-args and --replace/-I/-i are mutually exclusive, ignoring previous --max-args value
Processing scene: scene0514_00
Deleting the folders that have been archived...
Completed processing: scene0514_00
------------------------
All scenes processed successfully!

To extract archives later, use:
dar -R . -O -wa -x color -v -g color
dar -R . -O -wa -x depth -v -g depth
dar -R . -O -wa -x pose -v -g pose
dar -R . -O -wa -x intrinsic -v -g intrinsic
Total running time: 0 minutes and 0 seconds.
Filetype options:  --export_color_images
Number of workers: 4
File 'scene0515_00' not found or not readable, it must be just a scene name.
Processing scenes from: /tmp/tmp.cao3qKzMVq
------------------------
Running in parallel with 4 workers.
xargs: warning: options --max-args and --replace/-I/-i are mutually exclusive, ignoring previous --max-args value
Processing scene: scene0515_00
Deleting the folders that have been archived...
Completed processing: scene0515_00
------------------------
All scenes processed successfully!

To extract archives later, use:
dar -R . -O -wa -x color -v -g color
dar -R . -O -wa -x depth -v -g depth
dar -R . -O -wa -x pose -v -g pose
dar -R . -O -wa -x intrinsic -v -g intrinsic
Total running time: 0 minutes and 0 seconds.
Filetype options:  --export_color_images
Number of workers: 4
File 'scene0516_00' not found or not readable, it must be just a scene name.
Processing scenes from: /tmp/tmp.Xvp7yq6d3i
------------------------
Running in parallel with 4 workers.
xargs: warning: options --max-args and --replace/-I/-i are mutually exclusive, ignoring previous --max-args value
Processing scene: scene0516_00
Deleting the folders that have been archived...
Completed processing: scene0516_00
------------------------
All scenes processed successfully!

To extract archives later, use:
dar -R . -O -wa -x color -v -g color
dar -R . -O -wa -x depth -v -g depth
dar -R . -O -wa -x pose -v -g pose
dar -R . -O -wa -x intrinsic -v -g intrinsic
Total running time: 0 minutes and 0 seconds.
Filetype options:  --export_color_images
Number of workers: 4
File 'scene0517_00' not found or not readable, it must be just a scene name.
Processing scenes from: /tmp/tmp.Derqtqq2WU
------------------------
Running in parallel with 4 workers.
xargs: warning: options --max-args and --replace/-I/-i are mutually exclusive, ignoring previous --max-args value
Processing scene: scene0517_00
Deleting the folders that have been archived...
Completed processing: scene0517_00
------------------------
All scenes processed successfully!

To extract archives later, use:
dar -R . -O -wa -x color -v -g color
dar -R . -O -wa -x depth -v -g depth
dar -R . -O -wa -x pose -v -g pose
dar -R . -O -wa -x intrinsic -v -g intrinsic
Total running time: 0 minutes and 0 seconds.
Filetype options:  --export_color_images
Number of workers: 4
File 'scene0519_00' not found or not readable, it must be just a scene name.
Processing scenes from: /tmp/tmp.fwp4RG1ZU0
------------------------
Running in parallel with 4 workers.
xargs: warning: options --max-args and --replace/-I/-i are mutually exclusive, ignoring previous --max-args value
Processing scene: scene0519_00
Deleting the folders that have been archived...
Completed processing: scene0519_00
------------------------
All scenes processed successfully!

To extract archives later, use:
dar -R . -O -wa -x color -v -g color
dar -R . -O -wa -x depth -v -g depth
dar -R . -O -wa -x pose -v -g pose
dar -R . -O -wa -x intrinsic -v -g intrinsic
Total running time: 0 minutes and 0 seconds.
Filetype options:  --export_color_images
Number of workers: 4
File 'scene0520_00' not found or not readable, it must be just a scene name.
Processing scenes from: /tmp/tmp.9KIiOepljy
------------------------
Running in parallel with 4 workers.
xargs: warning: options --max-args and --replace/-I/-i are mutually exclusive, ignoring previous --max-args value
Processing scene: scene0520_00
Deleting the folders that have been archived...
Completed processing: scene0520_00
------------------------
All scenes processed successfully!

To extract archives later, use:
dar -R . -O -wa -x color -v -g color
dar -R . -O -wa -x depth -v -g depth
dar -R . -O -wa -x pose -v -g pose
dar -R . -O -wa -x intrinsic -v -g intrinsic
Total running time: 0 minutes and 0 seconds.
Filetype options:  --export_color_images
Number of workers: 4
File 'scene0521_00' not found or not readable, it must be just a scene name.
Processing scenes from: /tmp/tmp.QgXmrUObC0
------------------------
Running in parallel with 4 workers.
xargs: warning: options --max-args and --replace/-I/-i are mutually exclusive, ignoring previous --max-args value
Processing scene: scene0521_00
Deleting the folders that have been archived...
Completed processing: scene0521_00
------------------------
All scenes processed successfully!

To extract archives later, use:
dar -R . -O -wa -x color -v -g color
dar -R . -O -wa -x depth -v -g depth
dar -R . -O -wa -x pose -v -g pose
dar -R . -O -wa -x intrinsic -v -g intrinsic
Total running time: 0 minutes and 0 seconds.
Filetype options:  --export_color_images
Number of workers: 4
File 'scene0522_00' not found or not readable, it must be just a scene name.
Processing scenes from: /tmp/tmp.tgHViPx4dd
------------------------
Running in parallel with 4 workers.
xargs: warning: options --max-args and --replace/-I/-i are mutually exclusive, ignoring previous --max-args value
Processing scene: scene0522_00
Deleting the folders that have been archived...
Completed processing: scene0522_00
------------------------
All scenes processed successfully!

To extract archives later, use:
dar -R . -O -wa -x color -v -g color
dar -R . -O -wa -x depth -v -g depth
dar -R . -O -wa -x pose -v -g pose
dar -R . -O -wa -x intrinsic -v -g intrinsic
Total running time: 0 minutes and 0 seconds.
Filetype options:  --export_color_images
Number of workers: 4
File 'scene0523_00' not found or not readable, it must be just a scene name.
Processing scenes from: /tmp/tmp.VTwBLxZnyS
------------------------
Running in parallel with 4 workers.
xargs: warning: options --max-args and --replace/-I/-i are mutually exclusive, ignoring previous --max-args value
Processing scene: scene0523_00
Deleting the folders that have been archived...
Completed processing: scene0523_00
------------------------
All scenes processed successfully!

To extract archives later, use:
dar -R . -O -wa -x color -v -g color
dar -R . -O -wa -x depth -v -g depth
dar -R . -O -wa -x pose -v -g pose
dar -R . -O -wa -x intrinsic -v -g intrinsic
Total running time: 0 minutes and 0 seconds.
Filetype options:  --export_color_images
Number of workers: 4
File 'scene0524_00' not found or not readable, it must be just a scene name.
Processing scenes from: /tmp/tmp.uWvly2V8PN
------------------------
Running in parallel with 4 workers.
xargs: warning: options --max-args and --replace/-I/-i are mutually exclusive, ignoring previous --max-args value
Processing scene: scene0524_00
Deleting the folders that have been archived...
Completed processing: scene0524_00
------------------------
All scenes processed successfully!

To extract archives later, use:
dar -R . -O -wa -x color -v -g color
dar -R . -O -wa -x depth -v -g depth
dar -R . -O -wa -x pose -v -g pose
dar -R . -O -wa -x intrinsic -v -g intrinsic
Total running time: 0 minutes and 0 seconds.
Filetype options:  --export_color_images
Number of workers: 4
File 'scene0525_00' not found or not readable, it must be just a scene name.
Processing scenes from: /tmp/tmp.Nm5rrZlH7w
------------------------
Running in parallel with 4 workers.
xargs: warning: options --max-args and --replace/-I/-i are mutually exclusive, ignoring previous --max-args value
Processing scene: scene0525_00
Deleting the folders that have been archived...
Completed processing: scene0525_00
------------------------
All scenes processed successfully!

To extract archives later, use:
dar -R . -O -wa -x color -v -g color
dar -R . -O -wa -x depth -v -g depth
dar -R . -O -wa -x pose -v -g pose
dar -R . -O -wa -x intrinsic -v -g intrinsic
Total running time: 0 minutes and 0 seconds.
Filetype options:  --export_color_images
Number of workers: 4
File 'scene0528_00' not found or not readable, it must be just a scene name.
Processing scenes from: /tmp/tmp.qN0DRH9Jq7
------------------------
Running in parallel with 4 workers.
xargs: warning: options --max-args and --replace/-I/-i are mutually exclusive, ignoring previous --max-args value
Processing scene: scene0528_00
Deleting the folders that have been archived...
Completed processing: scene0528_00
------------------------
All scenes processed successfully!

To extract archives later, use:
dar -R . -O -wa -x color -v -g color
dar -R . -O -wa -x depth -v -g depth
dar -R . -O -wa -x pose -v -g pose
dar -R . -O -wa -x intrinsic -v -g intrinsic
Total running time: 0 minutes and 0 seconds.
Filetype options:  --export_color_images
Number of workers: 4
File 'scene0529_00' not found or not readable, it must be just a scene name.
Processing scenes from: /tmp/tmp.sp5WypGaro
------------------------
Running in parallel with 4 workers.
xargs: warning: options --max-args and --replace/-I/-i are mutually exclusive, ignoring previous --max-args value
Processing scene: scene0529_00
Deleting the folders that have been archived...
Completed processing: scene0529_00
------------------------
All scenes processed successfully!

To extract archives later, use:
dar -R . -O -wa -x color -v -g color
dar -R . -O -wa -x depth -v -g depth
dar -R . -O -wa -x pose -v -g pose
dar -R . -O -wa -x intrinsic -v -g intrinsic
Total running time: 0 minutes and 0 seconds.
Filetype options:  --export_color_images
Number of workers: 4
File 'scene0530_00' not found or not readable, it must be just a scene name.
Processing scenes from: /tmp/tmp.eMVb8xXVlb
------------------------
Running in parallel with 4 workers.
xargs: warning: options --max-args and --replace/-I/-i are mutually exclusive, ignoring previous --max-args value
Processing scene: scene0530_00
Deleting the folders that have been archived...
Completed processing: scene0530_00
------------------------
All scenes processed successfully!

To extract archives later, use:
dar -R . -O -wa -x color -v -g color
dar -R . -O -wa -x depth -v -g depth
dar -R . -O -wa -x pose -v -g pose
dar -R . -O -wa -x intrinsic -v -g intrinsic
Total running time: 0 minutes and 0 seconds.
Filetype options:  --export_color_images
Number of workers: 4
File 'scene0532_00' not found or not readable, it must be just a scene name.
Processing scenes from: /tmp/tmp.b7f8VrwQHD
------------------------
Running in parallel with 4 workers.
xargs: warning: options --max-args and --replace/-I/-i are mutually exclusive, ignoring previous --max-args value
Processing scene: scene0532_00
Deleting the folders that have been archived...
Completed processing: scene0532_00
------------------------
All scenes processed successfully!

To extract archives later, use:
dar -R . -O -wa -x color -v -g color
dar -R . -O -wa -x depth -v -g depth
dar -R . -O -wa -x pose -v -g pose
dar -R . -O -wa -x intrinsic -v -g intrinsic
Total running time: 0 minutes and 0 seconds.
Filetype options:  --export_color_images
Number of workers: 4
File 'scene0533_00' not found or not readable, it must be just a scene name.
Processing scenes from: /tmp/tmp.I0xQIuaXEL
------------------------
Running in parallel with 4 workers.
xargs: warning: options --max-args and --replace/-I/-i are mutually exclusive, ignoring previous --max-args value
Processing scene: scene0533_00
Deleting the folders that have been archived...
Completed processing: scene0533_00
------------------------
All scenes processed successfully!

To extract archives later, use:
dar -R . -O -wa -x color -v -g color
dar -R . -O -wa -x depth -v -g depth
dar -R . -O -wa -x pose -v -g pose
dar -R . -O -wa -x intrinsic -v -g intrinsic
Total running time: 0 minutes and 0 seconds.
Filetype options:  --export_color_images
Number of workers: 4
File 'scene0534_00' not found or not readable, it must be just a scene name.
Processing scenes from: /tmp/tmp.aJutnQgvek
------------------------
Running in parallel with 4 workers.
xargs: warning: options --max-args and --replace/-I/-i are mutually exclusive, ignoring previous --max-args value
Processing scene: scene0534_00
Deleting the folders that have been archived...
Completed processing: scene0534_00
------------------------
All scenes processed successfully!

To extract archives later, use:
dar -R . -O -wa -x color -v -g color
dar -R . -O -wa -x depth -v -g depth
dar -R . -O -wa -x pose -v -g pose
dar -R . -O -wa -x intrinsic -v -g intrinsic
Total running time: 0 minutes and 0 seconds.
Filetype options:  --export_color_images
Number of workers: 4
File 'scene0536_00' not found or not readable, it must be just a scene name.
Processing scenes from: /tmp/tmp.PPKV9dE9ub
------------------------
Running in parallel with 4 workers.
xargs: warning: options --max-args and --replace/-I/-i are mutually exclusive, ignoring previous --max-args value
Processing scene: scene0536_00
Deleting the folders that have been archived...
Completed processing: scene0536_00
------------------------
All scenes processed successfully!

To extract archives later, use:
dar -R . -O -wa -x color -v -g color
dar -R . -O -wa -x depth -v -g depth
dar -R . -O -wa -x pose -v -g pose
dar -R . -O -wa -x intrinsic -v -g intrinsic
Total running time: 0 minutes and 0 seconds.
Filetype options:  --export_color_images
Number of workers: 4
File 'scene0537_00' not found or not readable, it must be just a scene name.
Processing scenes from: /tmp/tmp.xLDDuWYk63
------------------------
Running in parallel with 4 workers.
xargs: warning: options --max-args and --replace/-I/-i are mutually exclusive, ignoring previous --max-args value
Processing scene: scene0537_00
Deleting the folders that have been archived...
Completed processing: scene0537_00
------------------------
All scenes processed successfully!

To extract archives later, use:
dar -R . -O -wa -x color -v -g color
dar -R . -O -wa -x depth -v -g depth
dar -R . -O -wa -x pose -v -g pose
dar -R . -O -wa -x intrinsic -v -g intrinsic
Total running time: 0 minutes and 0 seconds.
Filetype options:  --export_color_images
Number of workers: 4
File 'scene0538_00' not found or not readable, it must be just a scene name.
Processing scenes from: /tmp/tmp.sSQJIvjHSJ
------------------------
Running in parallel with 4 workers.
xargs: warning: options --max-args and --replace/-I/-i are mutually exclusive, ignoring previous --max-args value
Processing scene: scene0538_00
Deleting the folders that have been archived...
Completed processing: scene0538_00
------------------------
All scenes processed successfully!

To extract archives later, use:
dar -R . -O -wa -x color -v -g color
dar -R . -O -wa -x depth -v -g depth
dar -R . -O -wa -x pose -v -g pose
dar -R . -O -wa -x intrinsic -v -g intrinsic
Total running time: 0 minutes and 0 seconds.
Filetype options:  --export_color_images
Number of workers: 4
File 'scene0539_00' not found or not readable, it must be just a scene name.
Processing scenes from: /tmp/tmp.NPxPysh5u9
------------------------
Running in parallel with 4 workers.
xargs: warning: options --max-args and --replace/-I/-i are mutually exclusive, ignoring previous --max-args value
Processing scene: scene0539_00
Deleting the folders that have been archived...
Completed processing: scene0539_00
------------------------
All scenes processed successfully!

To extract archives later, use:
dar -R . -O -wa -x color -v -g color
dar -R . -O -wa -x depth -v -g depth
dar -R . -O -wa -x pose -v -g pose
dar -R . -O -wa -x intrinsic -v -g intrinsic
Total running time: 0 minutes and 0 seconds.
Filetype options:  --export_color_images
Number of workers: 4
File 'scene0540_00' not found or not readable, it must be just a scene name.
Processing scenes from: /tmp/tmp.gsyCOuMysu
------------------------
Running in parallel with 4 workers.
xargs: warning: options --max-args and --replace/-I/-i are mutually exclusive, ignoring previous --max-args value
Processing scene: scene0540_00
Deleting the folders that have been archived...
Completed processing: scene0540_00
------------------------
All scenes processed successfully!

To extract archives later, use:
dar -R . -O -wa -x color -v -g color
dar -R . -O -wa -x depth -v -g depth
dar -R . -O -wa -x pose -v -g pose
dar -R . -O -wa -x intrinsic -v -g intrinsic
Total running time: 0 minutes and 0 seconds.
Filetype options:  --export_color_images
Number of workers: 4
File 'scene0541_00' not found or not readable, it must be just a scene name.
Processing scenes from: /tmp/tmp.vV09HeZNWv
------------------------
Running in parallel with 4 workers.
xargs: warning: options --max-args and --replace/-I/-i are mutually exclusive, ignoring previous --max-args value
Processing scene: scene0541_00
Deleting the folders that have been archived...
Completed processing: scene0541_00
------------------------
All scenes processed successfully!

To extract archives later, use:
dar -R . -O -wa -x color -v -g color
dar -R . -O -wa -x depth -v -g depth
dar -R . -O -wa -x pose -v -g pose
dar -R . -O -wa -x intrinsic -v -g intrinsic
Total running time: 0 minutes and 0 seconds.
Filetype options:  --export_color_images
Number of workers: 4
File 'scene0542_00' not found or not readable, it must be just a scene name.
Processing scenes from: /tmp/tmp.nRugmSBWfx
------------------------
Running in parallel with 4 workers.
xargs: warning: options --max-args and --replace/-I/-i are mutually exclusive, ignoring previous --max-args value
Processing scene: scene0542_00
Deleting the folders that have been archived...
Completed processing: scene0542_00
------------------------
All scenes processed successfully!

To extract archives later, use:
dar -R . -O -wa -x color -v -g color
dar -R . -O -wa -x depth -v -g depth
dar -R . -O -wa -x pose -v -g pose
dar -R . -O -wa -x intrinsic -v -g intrinsic
Total running time: 0 minutes and 0 seconds.
Filetype options:  --export_color_images
Number of workers: 4
File 'scene0544_00' not found or not readable, it must be just a scene name.
Processing scenes from: /tmp/tmp.ju9EafHbKd
------------------------
Running in parallel with 4 workers.
xargs: warning: options --max-args and --replace/-I/-i are mutually exclusive, ignoring previous --max-args value
Processing scene: scene0544_00
Deleting the folders that have been archived...
Completed processing: scene0544_00
------------------------
All scenes processed successfully!

To extract archives later, use:
dar -R . -O -wa -x color -v -g color
dar -R . -O -wa -x depth -v -g depth
dar -R . -O -wa -x pose -v -g pose
dar -R . -O -wa -x intrinsic -v -g intrinsic
Total running time: 0 minutes and 0 seconds.
Filetype options:  --export_color_images
Number of workers: 4
File 'scene0545_00' not found or not readable, it must be just a scene name.
Processing scenes from: /tmp/tmp.rruCPMwNAk
------------------------
Running in parallel with 4 workers.
xargs: warning: options --max-args and --replace/-I/-i are mutually exclusive, ignoring previous --max-args value
Processing scene: scene0545_00
Deleting the folders that have been archived...
Completed processing: scene0545_00
------------------------
All scenes processed successfully!

To extract archives later, use:
dar -R . -O -wa -x color -v -g color
dar -R . -O -wa -x depth -v -g depth
dar -R . -O -wa -x pose -v -g pose
dar -R . -O -wa -x intrinsic -v -g intrinsic
Total running time: 0 minutes and 0 seconds.
Filetype options:  --export_color_images
Number of workers: 4
File 'scene0546_00' not found or not readable, it must be just a scene name.
Processing scenes from: /tmp/tmp.6tQ8A0VkmX
------------------------
Running in parallel with 4 workers.
xargs: warning: options --max-args and --replace/-I/-i are mutually exclusive, ignoring previous --max-args value
Processing scene: scene0546_00
Deleting the folders that have been archived...
Completed processing: scene0546_00
------------------------
All scenes processed successfully!

To extract archives later, use:
dar -R . -O -wa -x color -v -g color
dar -R . -O -wa -x depth -v -g depth
dar -R . -O -wa -x pose -v -g pose
dar -R . -O -wa -x intrinsic -v -g intrinsic
Total running time: 0 minutes and 0 seconds.
Filetype options:  --export_color_images
Number of workers: 4
File 'scene0547_00' not found or not readable, it must be just a scene name.
Processing scenes from: /tmp/tmp.05jIh5t8VO
------------------------
Running in parallel with 4 workers.
xargs: warning: options --max-args and --replace/-I/-i are mutually exclusive, ignoring previous --max-args value
Processing scene: scene0547_00
Deleting the folders that have been archived...
Completed processing: scene0547_00
------------------------
All scenes processed successfully!

To extract archives later, use:
dar -R . -O -wa -x color -v -g color
dar -R . -O -wa -x depth -v -g depth
dar -R . -O -wa -x pose -v -g pose
dar -R . -O -wa -x intrinsic -v -g intrinsic
Total running time: 0 minutes and 0 seconds.
Filetype options:  --export_color_images
Number of workers: 4
File 'scene0548_00' not found or not readable, it must be just a scene name.
Processing scenes from: /tmp/tmp.rRDoMbnQPm
------------------------
Running in parallel with 4 workers.
xargs: warning: options --max-args and --replace/-I/-i are mutually exclusive, ignoring previous --max-args value
Processing scene: scene0548_00
Deleting the folders that have been archived...
Completed processing: scene0548_00
------------------------
All scenes processed successfully!

To extract archives later, use:
dar -R . -O -wa -x color -v -g color
dar -R . -O -wa -x depth -v -g depth
dar -R . -O -wa -x pose -v -g pose
dar -R . -O -wa -x intrinsic -v -g intrinsic
Total running time: 0 minutes and 0 seconds.
Filetype options:  --export_color_images
Number of workers: 4
File 'scene0551_00' not found or not readable, it must be just a scene name.
Processing scenes from: /tmp/tmp.YisdKRzSJf
------------------------
Running in parallel with 4 workers.
xargs: warning: options --max-args and --replace/-I/-i are mutually exclusive, ignoring previous --max-args value
Processing scene: scene0551_00
Deleting the folders that have been archived...
Completed processing: scene0551_00
------------------------
All scenes processed successfully!

To extract archives later, use:
dar -R . -O -wa -x color -v -g color
dar -R . -O -wa -x depth -v -g depth
dar -R . -O -wa -x pose -v -g pose
dar -R . -O -wa -x intrinsic -v -g intrinsic
Total running time: 0 minutes and 0 seconds.
Filetype options:  --export_color_images
Number of workers: 4
File 'scene0554_00' not found or not readable, it must be just a scene name.
Processing scenes from: /tmp/tmp.J6LZUwWPzS
------------------------
Running in parallel with 4 workers.
xargs: warning: options --max-args and --replace/-I/-i are mutually exclusive, ignoring previous --max-args value
Processing scene: scene0554_00
Deleting the folders that have been archived...
Completed processing: scene0554_00
------------------------
All scenes processed successfully!

To extract archives later, use:
dar -R . -O -wa -x color -v -g color
dar -R . -O -wa -x depth -v -g depth
dar -R . -O -wa -x pose -v -g pose
dar -R . -O -wa -x intrinsic -v -g intrinsic
Total running time: 0 minutes and 0 seconds.
Filetype options:  --export_color_images
Number of workers: 4
File 'scene0555_00' not found or not readable, it must be just a scene name.
Processing scenes from: /tmp/tmp.MEo063wPan
------------------------
Running in parallel with 4 workers.
xargs: warning: options --max-args and --replace/-I/-i are mutually exclusive, ignoring previous --max-args value
Processing scene: scene0555_00
Deleting the folders that have been archived...
Completed processing: scene0555_00
------------------------
All scenes processed successfully!

To extract archives later, use:
dar -R . -O -wa -x color -v -g color
dar -R . -O -wa -x depth -v -g depth
dar -R . -O -wa -x pose -v -g pose
dar -R . -O -wa -x intrinsic -v -g intrinsic
Total running time: 0 minutes and 0 seconds.
Filetype options:  --export_color_images
Number of workers: 4
File 'scene0556_00' not found or not readable, it must be just a scene name.
Processing scenes from: /tmp/tmp.kAt0Iun7x0
------------------------
Running in parallel with 4 workers.
xargs: warning: options --max-args and --replace/-I/-i are mutually exclusive, ignoring previous --max-args value
Processing scene: scene0556_00
Deleting the folders that have been archived...
Completed processing: scene0556_00
------------------------
All scenes processed successfully!

To extract archives later, use:
dar -R . -O -wa -x color -v -g color
dar -R . -O -wa -x depth -v -g depth
dar -R . -O -wa -x pose -v -g pose
dar -R . -O -wa -x intrinsic -v -g intrinsic
Total running time: 0 minutes and 1 seconds.
Filetype options:  --export_color_images
Number of workers: 4
File 'scene0557_00' not found or not readable, it must be just a scene name.
Processing scenes from: /tmp/tmp.amcgc3KBFZ
------------------------
Running in parallel with 4 workers.
xargs: warning: options --max-args and --replace/-I/-i are mutually exclusive, ignoring previous --max-args value
Processing scene: scene0557_00
Deleting the folders that have been archived...
Completed processing: scene0557_00
------------------------
All scenes processed successfully!

To extract archives later, use:
dar -R . -O -wa -x color -v -g color
dar -R . -O -wa -x depth -v -g depth
dar -R . -O -wa -x pose -v -g pose
dar -R . -O -wa -x intrinsic -v -g intrinsic
Total running time: 0 minutes and 0 seconds.
Filetype options:  --export_color_images
Number of workers: 4
File 'scene0560_00' not found or not readable, it must be just a scene name.
Processing scenes from: /tmp/tmp.e6agwQ5uVD
------------------------
Running in parallel with 4 workers.
xargs: warning: options --max-args and --replace/-I/-i are mutually exclusive, ignoring previous --max-args value
Processing scene: scene0560_00
Deleting the folders that have been archived...
Completed processing: scene0560_00
------------------------
All scenes processed successfully!

To extract archives later, use:
dar -R . -O -wa -x color -v -g color
dar -R . -O -wa -x depth -v -g depth
dar -R . -O -wa -x pose -v -g pose
dar -R . -O -wa -x intrinsic -v -g intrinsic
Total running time: 0 minutes and 0 seconds.
Filetype options:  --export_color_images
Number of workers: 4
File 'scene0562_00' not found or not readable, it must be just a scene name.
Processing scenes from: /tmp/tmp.RFi3cljoYx
------------------------
Running in parallel with 4 workers.
xargs: warning: options --max-args and --replace/-I/-i are mutually exclusive, ignoring previous --max-args value
Processing scene: scene0562_00
Deleting the folders that have been archived...
Completed processing: scene0562_00
------------------------
All scenes processed successfully!

To extract archives later, use:
dar -R . -O -wa -x color -v -g color
dar -R . -O -wa -x depth -v -g depth
dar -R . -O -wa -x pose -v -g pose
dar -R . -O -wa -x intrinsic -v -g intrinsic
Total running time: 0 minutes and 0 seconds.
Filetype options:  --export_color_images
Number of workers: 4
File 'scene0563_00' not found or not readable, it must be just a scene name.
Processing scenes from: /tmp/tmp.WML0qlmYXQ
------------------------
Running in parallel with 4 workers.
xargs: warning: options --max-args and --replace/-I/-i are mutually exclusive, ignoring previous --max-args value
Processing scene: scene0563_00
Deleting the folders that have been archived...
Completed processing: scene0563_00
------------------------
All scenes processed successfully!

To extract archives later, use:
dar -R . -O -wa -x color -v -g color
dar -R . -O -wa -x depth -v -g depth
dar -R . -O -wa -x pose -v -g pose
dar -R . -O -wa -x intrinsic -v -g intrinsic
Total running time: 0 minutes and 0 seconds.
Filetype options:  --export_color_images
Number of workers: 4
File 'scene0564_00' not found or not readable, it must be just a scene name.
Processing scenes from: /tmp/tmp.WGUEckOPMV
------------------------
Running in parallel with 4 workers.
xargs: warning: options --max-args and --replace/-I/-i are mutually exclusive, ignoring previous --max-args value
Processing scene: scene0564_00
Deleting the folders that have been archived...
Completed processing: scene0564_00
------------------------
All scenes processed successfully!

To extract archives later, use:
dar -R . -O -wa -x color -v -g color
dar -R . -O -wa -x depth -v -g depth
dar -R . -O -wa -x pose -v -g pose
dar -R . -O -wa -x intrinsic -v -g intrinsic
Total running time: 0 minutes and 0 seconds.
Filetype options:  --export_color_images
Number of workers: 4
File 'scene0566_00' not found or not readable, it must be just a scene name.
Processing scenes from: /tmp/tmp.dK8ctg3CjV
------------------------
Running in parallel with 4 workers.
xargs: warning: options --max-args and --replace/-I/-i are mutually exclusive, ignoring previous --max-args value
Processing scene: scene0566_00
Deleting the folders that have been archived...
Completed processing: scene0566_00
------------------------
All scenes processed successfully!

To extract archives later, use:
dar -R . -O -wa -x color -v -g color
dar -R . -O -wa -x depth -v -g depth
dar -R . -O -wa -x pose -v -g pose
dar -R . -O -wa -x intrinsic -v -g intrinsic
Total running time: 0 minutes and 0 seconds.
Filetype options:  --export_color_images
Number of workers: 4
File 'scene0567_00' not found or not readable, it must be just a scene name.
Processing scenes from: /tmp/tmp.pyhbyaIsVh
------------------------
Running in parallel with 4 workers.
xargs: warning: options --max-args and --replace/-I/-i are mutually exclusive, ignoring previous --max-args value
Processing scene: scene0567_00
Deleting the folders that have been archived...
Completed processing: scene0567_00
------------------------
All scenes processed successfully!

To extract archives later, use:
dar -R . -O -wa -x color -v -g color
dar -R . -O -wa -x depth -v -g depth
dar -R . -O -wa -x pose -v -g pose
dar -R . -O -wa -x intrinsic -v -g intrinsic
Total running time: 0 minutes and 0 seconds.
Filetype options:  --export_color_images
Number of workers: 4
File 'scene0569_00' not found or not readable, it must be just a scene name.
Processing scenes from: /tmp/tmp.WHeXBxjAoF
------------------------
Running in parallel with 4 workers.
xargs: warning: options --max-args and --replace/-I/-i are mutually exclusive, ignoring previous --max-args value
Processing scene: scene0569_00
Deleting the folders that have been archived...
Completed processing: scene0569_00
------------------------
All scenes processed successfully!

To extract archives later, use:
dar -R . -O -wa -x color -v -g color
dar -R . -O -wa -x depth -v -g depth
dar -R . -O -wa -x pose -v -g pose
dar -R . -O -wa -x intrinsic -v -g intrinsic
Total running time: 0 minutes and 0 seconds.
Filetype options:  --export_color_images
Number of workers: 4
File 'scene0570_00' not found or not readable, it must be just a scene name.
Processing scenes from: /tmp/tmp.cSlL1JhzfO
------------------------
Running in parallel with 4 workers.
xargs: warning: options --max-args and --replace/-I/-i are mutually exclusive, ignoring previous --max-args value
Processing scene: scene0570_00
Deleting the folders that have been archived...
Completed processing: scene0570_00
------------------------
All scenes processed successfully!

To extract archives later, use:
dar -R . -O -wa -x color -v -g color
dar -R . -O -wa -x depth -v -g depth
dar -R . -O -wa -x pose -v -g pose
dar -R . -O -wa -x intrinsic -v -g intrinsic
Total running time: 0 minutes and 0 seconds.
Filetype options:  --export_color_images
Number of workers: 4
File 'scene0571_00' not found or not readable, it must be just a scene name.
Processing scenes from: /tmp/tmp.FXR5RyjquT
------------------------
Running in parallel with 4 workers.
xargs: warning: options --max-args and --replace/-I/-i are mutually exclusive, ignoring previous --max-args value
Processing scene: scene0571_00
Deleting the folders that have been archived...
Completed processing: scene0571_00
------------------------
All scenes processed successfully!

To extract archives later, use:
dar -R . -O -wa -x color -v -g color
dar -R . -O -wa -x depth -v -g depth
dar -R . -O -wa -x pose -v -g pose
dar -R . -O -wa -x intrinsic -v -g intrinsic
Total running time: 0 minutes and 0 seconds.
Filetype options:  --export_color_images
Number of workers: 4
File 'scene0572_00' not found or not readable, it must be just a scene name.
Processing scenes from: /tmp/tmp.52UzboacpI
------------------------
Running in parallel with 4 workers.
xargs: warning: options --max-args and --replace/-I/-i are mutually exclusive, ignoring previous --max-args value
Processing scene: scene0572_00
Deleting the folders that have been archived...
Completed processing: scene0572_00
------------------------
All scenes processed successfully!

To extract archives later, use:
dar -R . -O -wa -x color -v -g color
dar -R . -O -wa -x depth -v -g depth
dar -R . -O -wa -x pose -v -g pose
dar -R . -O -wa -x intrinsic -v -g intrinsic
Total running time: 0 minutes and 0 seconds.
Filetype options:  --export_color_images
Number of workers: 4
File 'scene0573_00' not found or not readable, it must be just a scene name.
Processing scenes from: /tmp/tmp.PKsjJ7eMmb
------------------------
Running in parallel with 4 workers.
xargs: warning: options --max-args and --replace/-I/-i are mutually exclusive, ignoring previous --max-args value
Processing scene: scene0573_00
Deleting the folders that have been archived...
Completed processing: scene0573_00
------------------------
All scenes processed successfully!

To extract archives later, use:
dar -R . -O -wa -x color -v -g color
dar -R . -O -wa -x depth -v -g depth
dar -R . -O -wa -x pose -v -g pose
dar -R . -O -wa -x intrinsic -v -g intrinsic
Total running time: 0 minutes and 0 seconds.
Filetype options:  --export_color_images
Number of workers: 4
File 'scene0576_00' not found or not readable, it must be just a scene name.
Processing scenes from: /tmp/tmp.ggWnbOjRkj
------------------------
Running in parallel with 4 workers.
xargs: warning: options --max-args and --replace/-I/-i are mutually exclusive, ignoring previous --max-args value
Processing scene: scene0576_00
Deleting the folders that have been archived...
Completed processing: scene0576_00
------------------------
All scenes processed successfully!

To extract archives later, use:
dar -R . -O -wa -x color -v -g color
dar -R . -O -wa -x depth -v -g depth
dar -R . -O -wa -x pose -v -g pose
dar -R . -O -wa -x intrinsic -v -g intrinsic
Total running time: 0 minutes and 0 seconds.
Filetype options:  --export_color_images
Number of workers: 4
File 'scene0577_00' not found or not readable, it must be just a scene name.
Processing scenes from: /tmp/tmp.Y7iD4SxM7d
------------------------
Running in parallel with 4 workers.
xargs: warning: options --max-args and --replace/-I/-i are mutually exclusive, ignoring previous --max-args value
Processing scene: scene0577_00
Deleting the folders that have been archived...
Completed processing: scene0577_00
------------------------
All scenes processed successfully!

To extract archives later, use:
dar -R . -O -wa -x color -v -g color
dar -R . -O -wa -x depth -v -g depth
dar -R . -O -wa -x pose -v -g pose
dar -R . -O -wa -x intrinsic -v -g intrinsic
Total running time: 0 minutes and 0 seconds.
Filetype options:  --export_color_images
Number of workers: 4
File 'scene0579_00' not found or not readable, it must be just a scene name.
Processing scenes from: /tmp/tmp.yWhZukBzw9
------------------------
Running in parallel with 4 workers.
xargs: warning: options --max-args and --replace/-I/-i are mutually exclusive, ignoring previous --max-args value
Processing scene: scene0579_00
Deleting the folders that have been archived...
Completed processing: scene0579_00
------------------------
All scenes processed successfully!

To extract archives later, use:
dar -R . -O -wa -x color -v -g color
dar -R . -O -wa -x depth -v -g depth
dar -R . -O -wa -x pose -v -g pose
dar -R . -O -wa -x intrinsic -v -g intrinsic
Total running time: 0 minutes and 0 seconds.
Filetype options:  --export_color_images
Number of workers: 4
File 'scene0581_00' not found or not readable, it must be just a scene name.
Processing scenes from: /tmp/tmp.FsATgp3YUC
------------------------
Running in parallel with 4 workers.
xargs: warning: options --max-args and --replace/-I/-i are mutually exclusive, ignoring previous --max-args value
Processing scene: scene0581_00
Deleting the folders that have been archived...
Completed processing: scene0581_00
------------------------
All scenes processed successfully!

To extract archives later, use:
dar -R . -O -wa -x color -v -g color
dar -R . -O -wa -x depth -v -g depth
dar -R . -O -wa -x pose -v -g pose
dar -R . -O -wa -x intrinsic -v -g intrinsic
Total running time: 0 minutes and 0 seconds.
Filetype options:  --export_color_images
Number of workers: 4
File 'scene0582_00' not found or not readable, it must be just a scene name.
Processing scenes from: /tmp/tmp.ktdXbCqyLv
------------------------
Running in parallel with 4 workers.
xargs: warning: options --max-args and --replace/-I/-i are mutually exclusive, ignoring previous --max-args value
Processing scene: scene0582_00
Deleting the folders that have been archived...
Completed processing: scene0582_00
------------------------
All scenes processed successfully!

To extract archives later, use:
dar -R . -O -wa -x color -v -g color
dar -R . -O -wa -x depth -v -g depth
dar -R . -O -wa -x pose -v -g pose
dar -R . -O -wa -x intrinsic -v -g intrinsic
Total running time: 0 minutes and 0 seconds.
Filetype options:  --export_color_images
Number of workers: 4
File 'scene0584_00' not found or not readable, it must be just a scene name.
Processing scenes from: /tmp/tmp.rSOh612pLW
------------------------
Running in parallel with 4 workers.
xargs: warning: options --max-args and --replace/-I/-i are mutually exclusive, ignoring previous --max-args value
Processing scene: scene0584_00
Deleting the folders that have been archived...
Completed processing: scene0584_00
------------------------
All scenes processed successfully!

To extract archives later, use:
dar -R . -O -wa -x color -v -g color
dar -R . -O -wa -x depth -v -g depth
dar -R . -O -wa -x pose -v -g pose
dar -R . -O -wa -x intrinsic -v -g intrinsic
Total running time: 0 minutes and 0 seconds.
Filetype options:  --export_color_images
Number of workers: 4
File 'scene0585_00' not found or not readable, it must be just a scene name.
Processing scenes from: /tmp/tmp.mKqDWuB0zu
------------------------
Running in parallel with 4 workers.
xargs: warning: options --max-args and --replace/-I/-i are mutually exclusive, ignoring previous --max-args value
Processing scene: scene0585_00
Deleting the folders that have been archived...
Completed processing: scene0585_00
------------------------
All scenes processed successfully!

To extract archives later, use:
dar -R . -O -wa -x color -v -g color
dar -R . -O -wa -x depth -v -g depth
dar -R . -O -wa -x pose -v -g pose
dar -R . -O -wa -x intrinsic -v -g intrinsic
Total running time: 0 minutes and 0 seconds.
Filetype options:  --export_color_images
Number of workers: 4
File 'scene0586_00' not found or not readable, it must be just a scene name.
Processing scenes from: /tmp/tmp.SJZJxw93MQ
------------------------
Running in parallel with 4 workers.
xargs: warning: options --max-args and --replace/-I/-i are mutually exclusive, ignoring previous --max-args value
Processing scene: scene0586_00
Deleting the folders that have been archived...
Completed processing: scene0586_00
------------------------
All scenes processed successfully!

To extract archives later, use:
dar -R . -O -wa -x color -v -g color
dar -R . -O -wa -x depth -v -g depth
dar -R . -O -wa -x pose -v -g pose
dar -R . -O -wa -x intrinsic -v -g intrinsic
Total running time: 0 minutes and 0 seconds.
Filetype options:  --export_color_images
Number of workers: 4
File 'scene0588_00' not found or not readable, it must be just a scene name.
Processing scenes from: /tmp/tmp.tXI0UB6B5M
------------------------
Running in parallel with 4 workers.
xargs: warning: options --max-args and --replace/-I/-i are mutually exclusive, ignoring previous --max-args value
Processing scene: scene0588_00
Deleting the folders that have been archived...
Completed processing: scene0588_00
------------------------
All scenes processed successfully!

To extract archives later, use:
dar -R . -O -wa -x color -v -g color
dar -R . -O -wa -x depth -v -g depth
dar -R . -O -wa -x pose -v -g pose
dar -R . -O -wa -x intrinsic -v -g intrinsic
Total running time: 0 minutes and 0 seconds.
Filetype options:  --export_color_images
Number of workers: 4
File 'scene0589_00' not found or not readable, it must be just a scene name.
Processing scenes from: /tmp/tmp.Tb7w8WG3H9
------------------------
Running in parallel with 4 workers.
xargs: warning: options --max-args and --replace/-I/-i are mutually exclusive, ignoring previous --max-args value
Processing scene: scene0589_00
Deleting the folders that have been archived...
Completed processing: scene0589_00
------------------------
All scenes processed successfully!

To extract archives later, use:
dar -R . -O -wa -x color -v -g color
dar -R . -O -wa -x depth -v -g depth
dar -R . -O -wa -x pose -v -g pose
dar -R . -O -wa -x intrinsic -v -g intrinsic
Total running time: 0 minutes and 0 seconds.
Filetype options:  --export_color_images
Number of workers: 4
File 'scene0590_00' not found or not readable, it must be just a scene name.
Processing scenes from: /tmp/tmp.8A77Zw1qmv
------------------------
Running in parallel with 4 workers.
xargs: warning: options --max-args and --replace/-I/-i are mutually exclusive, ignoring previous --max-args value
Processing scene: scene0590_00
Deleting the folders that have been archived...
Completed processing: scene0590_00
------------------------
All scenes processed successfully!

To extract archives later, use:
dar -R . -O -wa -x color -v -g color
dar -R . -O -wa -x depth -v -g depth
dar -R . -O -wa -x pose -v -g pose
dar -R . -O -wa -x intrinsic -v -g intrinsic
Total running time: 0 minutes and 4 seconds.
Filetype options:  --export_color_images
Number of workers: 4
File 'scene0592_00' not found or not readable, it must be just a scene name.
Processing scenes from: /tmp/tmp.RMgoHPSTyY
------------------------
Running in parallel with 4 workers.
xargs: warning: options --max-args and --replace/-I/-i are mutually exclusive, ignoring previous --max-args value
Processing scene: scene0592_00
Deleting the folders that have been archived...
Completed processing: scene0592_00
------------------------
All scenes processed successfully!

To extract archives later, use:
dar -R . -O -wa -x color -v -g color
dar -R . -O -wa -x depth -v -g depth
dar -R . -O -wa -x pose -v -g pose
dar -R . -O -wa -x intrinsic -v -g intrinsic
Total running time: 0 minutes and 0 seconds.
Filetype options:  --export_color_images
Number of workers: 4
File 'scene0594_00' not found or not readable, it must be just a scene name.
Processing scenes from: /tmp/tmp.dTOqwstOXp
------------------------
Running in parallel with 4 workers.
xargs: warning: options --max-args and --replace/-I/-i are mutually exclusive, ignoring previous --max-args value
Processing scene: scene0594_00
Deleting the folders that have been archived...
Completed processing: scene0594_00
------------------------
All scenes processed successfully!

To extract archives later, use:
dar -R . -O -wa -x color -v -g color
dar -R . -O -wa -x depth -v -g depth
dar -R . -O -wa -x pose -v -g pose
dar -R . -O -wa -x intrinsic -v -g intrinsic
Total running time: 0 minutes and 0 seconds.
Filetype options:  --export_color_images
Number of workers: 4
File 'scene0596_00' not found or not readable, it must be just a scene name.
Processing scenes from: /tmp/tmp.ESGB3zFBfW
------------------------
Running in parallel with 4 workers.
xargs: warning: options --max-args and --replace/-I/-i are mutually exclusive, ignoring previous --max-args value
Processing scene: scene0596_00
Deleting the folders that have been archived...
Completed processing: scene0596_00
------------------------
All scenes processed successfully!

To extract archives later, use:
dar -R . -O -wa -x color -v -g color
dar -R . -O -wa -x depth -v -g depth
dar -R . -O -wa -x pose -v -g pose
dar -R . -O -wa -x intrinsic -v -g intrinsic
Total running time: 0 minutes and 0 seconds.
Filetype options:  --export_color_images
Number of workers: 4
File 'scene0597_00' not found or not readable, it must be just a scene name.
Processing scenes from: /tmp/tmp.c4DgLe8klP
------------------------
Running in parallel with 4 workers.
xargs: warning: options --max-args and --replace/-I/-i are mutually exclusive, ignoring previous --max-args value
Processing scene: scene0597_00
Deleting the folders that have been archived...
Completed processing: scene0597_00
------------------------
All scenes processed successfully!

To extract archives later, use:
dar -R . -O -wa -x color -v -g color
dar -R . -O -wa -x depth -v -g depth
dar -R . -O -wa -x pose -v -g pose
dar -R . -O -wa -x intrinsic -v -g intrinsic
Total running time: 0 minutes and 0 seconds.
Filetype options:  --export_color_images
Number of workers: 4
File 'scene0600_00' not found or not readable, it must be just a scene name.
Processing scenes from: /tmp/tmp.fZ1qywoiYX
------------------------
Running in parallel with 4 workers.
xargs: warning: options --max-args and --replace/-I/-i are mutually exclusive, ignoring previous --max-args value
Processing scene: scene0600_00
Deleting the folders that have been archived...
Completed processing: scene0600_00
------------------------
All scenes processed successfully!

To extract archives later, use:
dar -R . -O -wa -x color -v -g color
dar -R . -O -wa -x depth -v -g depth
dar -R . -O -wa -x pose -v -g pose
dar -R . -O -wa -x intrinsic -v -g intrinsic
Total running time: 0 minutes and 0 seconds.
Filetype options:  --export_color_images
Number of workers: 4
File 'scene0601_00' not found or not readable, it must be just a scene name.
Processing scenes from: /tmp/tmp.TMCkhMYGNY
------------------------
Running in parallel with 4 workers.
xargs: warning: options --max-args and --replace/-I/-i are mutually exclusive, ignoring previous --max-args value
Processing scene: scene0601_00
Deleting the folders that have been archived...
Completed processing: scene0601_00
------------------------
All scenes processed successfully!

To extract archives later, use:
dar -R . -O -wa -x color -v -g color
dar -R . -O -wa -x depth -v -g depth
dar -R . -O -wa -x pose -v -g pose
dar -R . -O -wa -x intrinsic -v -g intrinsic
Total running time: 0 minutes and 0 seconds.
Filetype options:  --export_color_images
Number of workers: 4
File 'scene0602_00' not found or not readable, it must be just a scene name.
Processing scenes from: /tmp/tmp.2FHcnV351n
------------------------
Running in parallel with 4 workers.
xargs: warning: options --max-args and --replace/-I/-i are mutually exclusive, ignoring previous --max-args value
Processing scene: scene0602_00
Deleting the folders that have been archived...
Completed processing: scene0602_00
------------------------
All scenes processed successfully!

To extract archives later, use:
dar -R . -O -wa -x color -v -g color
dar -R . -O -wa -x depth -v -g depth
dar -R . -O -wa -x pose -v -g pose
dar -R . -O -wa -x intrinsic -v -g intrinsic
Total running time: 0 minutes and 0 seconds.
Filetype options:  --export_color_images
Number of workers: 4
File 'scene0603_00' not found or not readable, it must be just a scene name.
Processing scenes from: /tmp/tmp.D8q9lYBNpb
------------------------
Running in parallel with 4 workers.
xargs: warning: options --max-args and --replace/-I/-i are mutually exclusive, ignoring previous --max-args value
Processing scene: scene0603_00
Deleting the folders that have been archived...
Completed processing: scene0603_00
------------------------
All scenes processed successfully!

To extract archives later, use:
dar -R . -O -wa -x color -v -g color
dar -R . -O -wa -x depth -v -g depth
dar -R . -O -wa -x pose -v -g pose
dar -R . -O -wa -x intrinsic -v -g intrinsic
Total running time: 0 minutes and 0 seconds.
Filetype options:  --export_color_images
Number of workers: 4
File 'scene0604_00' not found or not readable, it must be just a scene name.
Processing scenes from: /tmp/tmp.tCW28Z6gKX
------------------------
Running in parallel with 4 workers.
xargs: warning: options --max-args and --replace/-I/-i are mutually exclusive, ignoring previous --max-args value
Processing scene: scene0604_00
Deleting the folders that have been archived...
Completed processing: scene0604_00
------------------------
All scenes processed successfully!

To extract archives later, use:
dar -R . -O -wa -x color -v -g color
dar -R . -O -wa -x depth -v -g depth
dar -R . -O -wa -x pose -v -g pose
dar -R . -O -wa -x intrinsic -v -g intrinsic
Total running time: 0 minutes and 0 seconds.
Filetype options:  --export_color_images
Number of workers: 4
File 'scene0605_00' not found or not readable, it must be just a scene name.
Processing scenes from: /tmp/tmp.aWAIGv55WS
------------------------
Running in parallel with 4 workers.
xargs: warning: options --max-args and --replace/-I/-i are mutually exclusive, ignoring previous --max-args value
Processing scene: scene0605_00
Deleting the folders that have been archived...
Completed processing: scene0605_00
------------------------
All scenes processed successfully!

To extract archives later, use:
dar -R . -O -wa -x color -v -g color
dar -R . -O -wa -x depth -v -g depth
dar -R . -O -wa -x pose -v -g pose
dar -R . -O -wa -x intrinsic -v -g intrinsic
Total running time: 0 minutes and 0 seconds.
Filetype options:  --export_color_images
Number of workers: 4
File 'scene0610_00' not found or not readable, it must be just a scene name.
Processing scenes from: /tmp/tmp.GTgAXXhGy9
------------------------
Running in parallel with 4 workers.
xargs: warning: options --max-args and --replace/-I/-i are mutually exclusive, ignoring previous --max-args value
Processing scene: scene0610_00
Deleting the folders that have been archived...
Completed processing: scene0610_00
------------------------
All scenes processed successfully!

To extract archives later, use:
dar -R . -O -wa -x color -v -g color
dar -R . -O -wa -x depth -v -g depth
dar -R . -O -wa -x pose -v -g pose
dar -R . -O -wa -x intrinsic -v -g intrinsic
Total running time: 0 minutes and 0 seconds.
Filetype options:  --export_color_images
Number of workers: 4
File 'scene0611_00' not found or not readable, it must be just a scene name.
Processing scenes from: /tmp/tmp.PiWSdlAmAy
------------------------
Running in parallel with 4 workers.
xargs: warning: options --max-args and --replace/-I/-i are mutually exclusive, ignoring previous --max-args value
Processing scene: scene0611_00
Deleting the folders that have been archived...
Completed processing: scene0611_00
------------------------
All scenes processed successfully!

To extract archives later, use:
dar -R . -O -wa -x color -v -g color
dar -R . -O -wa -x depth -v -g depth
dar -R . -O -wa -x pose -v -g pose
dar -R . -O -wa -x intrinsic -v -g intrinsic
Total running time: 0 minutes and 1 seconds.
Filetype options:  --export_color_images
Number of workers: 4
File 'scene0612_00' not found or not readable, it must be just a scene name.
Processing scenes from: /tmp/tmp.D3hGWmgrfk
------------------------
Running in parallel with 4 workers.
xargs: warning: options --max-args and --replace/-I/-i are mutually exclusive, ignoring previous --max-args value
Processing scene: scene0612_00
Deleting the folders that have been archived...
Completed processing: scene0612_00
------------------------
All scenes processed successfully!

To extract archives later, use:
dar -R . -O -wa -x color -v -g color
dar -R . -O -wa -x depth -v -g depth
dar -R . -O -wa -x pose -v -g pose
dar -R . -O -wa -x intrinsic -v -g intrinsic
Total running time: 0 minutes and 1 seconds.
Filetype options:  --export_color_images
Number of workers: 4
File 'scene0613_00' not found or not readable, it must be just a scene name.
Processing scenes from: /tmp/tmp.YeZdZFKqlr
------------------------
Running in parallel with 4 workers.
xargs: warning: options --max-args and --replace/-I/-i are mutually exclusive, ignoring previous --max-args value
Processing scene: scene0613_00
Deleting the folders that have been archived...
Completed processing: scene0613_00
------------------------
All scenes processed successfully!

To extract archives later, use:
dar -R . -O -wa -x color -v -g color
dar -R . -O -wa -x depth -v -g depth
dar -R . -O -wa -x pose -v -g pose
dar -R . -O -wa -x intrinsic -v -g intrinsic
Total running time: 0 minutes and 0 seconds.
Filetype options:  --export_color_images
Number of workers: 4
File 'scene0614_00' not found or not readable, it must be just a scene name.
Processing scenes from: /tmp/tmp.TtmsUiBMNC
------------------------
Running in parallel with 4 workers.
xargs: warning: options --max-args and --replace/-I/-i are mutually exclusive, ignoring previous --max-args value
Processing scene: scene0614_00
Deleting the folders that have been archived...
Completed processing: scene0614_00
------------------------
All scenes processed successfully!

To extract archives later, use:
dar -R . -O -wa -x color -v -g color
dar -R . -O -wa -x depth -v -g depth
dar -R . -O -wa -x pose -v -g pose
dar -R . -O -wa -x intrinsic -v -g intrinsic
Total running time: 0 minutes and 0 seconds.
Filetype options:  --export_color_images
Number of workers: 4
File 'scene0615_00' not found or not readable, it must be just a scene name.
Processing scenes from: /tmp/tmp.AzX0IwYcdz
------------------------
Running in parallel with 4 workers.
xargs: warning: options --max-args and --replace/-I/-i are mutually exclusive, ignoring previous --max-args value
Processing scene: scene0615_00
Deleting the folders that have been archived...
Completed processing: scene0615_00
------------------------
All scenes processed successfully!

To extract archives later, use:
dar -R . -O -wa -x color -v -g color
dar -R . -O -wa -x depth -v -g depth
dar -R . -O -wa -x pose -v -g pose
dar -R . -O -wa -x intrinsic -v -g intrinsic
Total running time: 0 minutes and 0 seconds.
Filetype options:  --export_color_images
Number of workers: 4
File 'scene0617_00' not found or not readable, it must be just a scene name.
Processing scenes from: /tmp/tmp.29Vbh9Z5Vn
------------------------
Running in parallel with 4 workers.
xargs: warning: options --max-args and --replace/-I/-i are mutually exclusive, ignoring previous --max-args value
Processing scene: scene0617_00
Deleting the folders that have been archived...
Completed processing: scene0617_00
------------------------
All scenes processed successfully!

To extract archives later, use:
dar -R . -O -wa -x color -v -g color
dar -R . -O -wa -x depth -v -g depth
dar -R . -O -wa -x pose -v -g pose
dar -R . -O -wa -x intrinsic -v -g intrinsic
Total running time: 0 minutes and 0 seconds.
Filetype options:  --export_color_images
Number of workers: 4
File 'scene0619_00' not found or not readable, it must be just a scene name.
Processing scenes from: /tmp/tmp.WTrdKbgGTc
------------------------
Running in parallel with 4 workers.
xargs: warning: options --max-args and --replace/-I/-i are mutually exclusive, ignoring previous --max-args value
Processing scene: scene0619_00
Deleting the folders that have been archived...
Completed processing: scene0619_00
------------------------
All scenes processed successfully!

To extract archives later, use:
dar -R . -O -wa -x color -v -g color
dar -R . -O -wa -x depth -v -g depth
dar -R . -O -wa -x pose -v -g pose
dar -R . -O -wa -x intrinsic -v -g intrinsic
Total running time: 0 minutes and 0 seconds.
Filetype options:  --export_color_images
Number of workers: 4
File 'scene0620_00' not found or not readable, it must be just a scene name.
Processing scenes from: /tmp/tmp.mJyWJlResy
------------------------
Running in parallel with 4 workers.
xargs: warning: options --max-args and --replace/-I/-i are mutually exclusive, ignoring previous --max-args value
Processing scene: scene0620_00
Deleting the folders that have been archived...
Completed processing: scene0620_00
------------------------
All scenes processed successfully!

To extract archives later, use:
dar -R . -O -wa -x color -v -g color
dar -R . -O -wa -x depth -v -g depth
dar -R . -O -wa -x pose -v -g pose
dar -R . -O -wa -x intrinsic -v -g intrinsic
Total running time: 0 minutes and 0 seconds.
Filetype options:  --export_color_images
Number of workers: 4
File 'scene0622_00' not found or not readable, it must be just a scene name.
Processing scenes from: /tmp/tmp.MTcWsEqgWo
------------------------
Running in parallel with 4 workers.
xargs: warning: options --max-args and --replace/-I/-i are mutually exclusive, ignoring previous --max-args value
Processing scene: scene0622_00
Deleting the folders that have been archived...
Completed processing: scene0622_00
------------------------
All scenes processed successfully!

To extract archives later, use:
dar -R . -O -wa -x color -v -g color
dar -R . -O -wa -x depth -v -g depth
dar -R . -O -wa -x pose -v -g pose
dar -R . -O -wa -x intrinsic -v -g intrinsic
Total running time: 0 minutes and 0 seconds.
Filetype options:  --export_color_images
Number of workers: 4
File 'scene0623_00' not found or not readable, it must be just a scene name.
Processing scenes from: /tmp/tmp.kqdzqcBJTB
------------------------
Running in parallel with 4 workers.
xargs: warning: options --max-args and --replace/-I/-i are mutually exclusive, ignoring previous --max-args value
Processing scene: scene0623_00
Deleting the folders that have been archived...
Completed processing: scene0623_00
------------------------
All scenes processed successfully!

To extract archives later, use:
dar -R . -O -wa -x color -v -g color
dar -R . -O -wa -x depth -v -g depth
dar -R . -O -wa -x pose -v -g pose
dar -R . -O -wa -x intrinsic -v -g intrinsic
Total running time: 0 minutes and 0 seconds.
Filetype options:  --export_color_images
Number of workers: 4
File 'scene0624_00' not found or not readable, it must be just a scene name.
Processing scenes from: /tmp/tmp.UBtEWbM08i
------------------------
Running in parallel with 4 workers.
xargs: warning: options --max-args and --replace/-I/-i are mutually exclusive, ignoring previous --max-args value
Processing scene: scene0624_00
Deleting the folders that have been archived...
Completed processing: scene0624_00
------------------------
All scenes processed successfully!

To extract archives later, use:
dar -R . -O -wa -x color -v -g color
dar -R . -O -wa -x depth -v -g depth
dar -R . -O -wa -x pose -v -g pose
dar -R . -O -wa -x intrinsic -v -g intrinsic
Total running time: 0 minutes and 0 seconds.
Filetype options:  --export_color_images
Number of workers: 4
File 'scene0625_00' not found or not readable, it must be just a scene name.
Processing scenes from: /tmp/tmp.7zOy0bzB5s
------------------------
Running in parallel with 4 workers.
xargs: warning: options --max-args and --replace/-I/-i are mutually exclusive, ignoring previous --max-args value
Processing scene: scene0625_00
Deleting the folders that have been archived...
Completed processing: scene0625_00
------------------------
All scenes processed successfully!

To extract archives later, use:
dar -R . -O -wa -x color -v -g color
dar -R . -O -wa -x depth -v -g depth
dar -R . -O -wa -x pose -v -g pose
dar -R . -O -wa -x intrinsic -v -g intrinsic
Total running time: 0 minutes and 0 seconds.
Filetype options:  --export_color_images
Number of workers: 4
File 'scene0626_00' not found or not readable, it must be just a scene name.
Processing scenes from: /tmp/tmp.EXT3jvQC1v
------------------------
Running in parallel with 4 workers.
xargs: warning: options --max-args and --replace/-I/-i are mutually exclusive, ignoring previous --max-args value
Processing scene: scene0626_00
Deleting the folders that have been archived...
Completed processing: scene0626_00
------------------------
All scenes processed successfully!

To extract archives later, use:
dar -R . -O -wa -x color -v -g color
dar -R . -O -wa -x depth -v -g depth
dar -R . -O -wa -x pose -v -g pose
dar -R . -O -wa -x intrinsic -v -g intrinsic
Total running time: 0 minutes and 0 seconds.
Filetype options:  --export_color_images
Number of workers: 4
File 'scene0627_00' not found or not readable, it must be just a scene name.
Processing scenes from: /tmp/tmp.UsHcczbSsa
------------------------
Running in parallel with 4 workers.
xargs: warning: options --max-args and --replace/-I/-i are mutually exclusive, ignoring previous --max-args value
Processing scene: scene0627_00
Deleting the folders that have been archived...
Completed processing: scene0627_00
------------------------
All scenes processed successfully!

To extract archives later, use:
dar -R . -O -wa -x color -v -g color
dar -R . -O -wa -x depth -v -g depth
dar -R . -O -wa -x pose -v -g pose
dar -R . -O -wa -x intrinsic -v -g intrinsic
Total running time: 0 minutes and 0 seconds.
Filetype options:  --export_color_images
Number of workers: 4
File 'scene0628_00' not found or not readable, it must be just a scene name.
Processing scenes from: /tmp/tmp.0sVfyHMkcL
------------------------
Running in parallel with 4 workers.
xargs: warning: options --max-args and --replace/-I/-i are mutually exclusive, ignoring previous --max-args value
Processing scene: scene0628_00
Deleting the folders that have been archived...
Completed processing: scene0628_00
------------------------
All scenes processed successfully!

To extract archives later, use:
dar -R . -O -wa -x color -v -g color
dar -R . -O -wa -x depth -v -g depth
dar -R . -O -wa -x pose -v -g pose
dar -R . -O -wa -x intrinsic -v -g intrinsic
Total running time: 0 minutes and 0 seconds.
Filetype options:  --export_color_images
Number of workers: 4
File 'scene0630_00' not found or not readable, it must be just a scene name.
Processing scenes from: /tmp/tmp.brns45k3t1
------------------------
Running in parallel with 4 workers.
xargs: warning: options --max-args and --replace/-I/-i are mutually exclusive, ignoring previous --max-args value
Processing scene: scene0630_00
Deleting the folders that have been archived...
Completed processing: scene0630_00
------------------------
All scenes processed successfully!

To extract archives later, use:
dar -R . -O -wa -x color -v -g color
dar -R . -O -wa -x depth -v -g depth
dar -R . -O -wa -x pose -v -g pose
dar -R . -O -wa -x intrinsic -v -g intrinsic
Total running time: 0 minutes and 0 seconds.
Filetype options:  --export_color_images
Number of workers: 4
File 'scene0631_00' not found or not readable, it must be just a scene name.
Processing scenes from: /tmp/tmp.BsPgBQFDbB
------------------------
Running in parallel with 4 workers.
xargs: warning: options --max-args and --replace/-I/-i are mutually exclusive, ignoring previous --max-args value
Processing scene: scene0631_00
Deleting the folders that have been archived...
Completed processing: scene0631_00
------------------------
All scenes processed successfully!

To extract archives later, use:
dar -R . -O -wa -x color -v -g color
dar -R . -O -wa -x depth -v -g depth
dar -R . -O -wa -x pose -v -g pose
dar -R . -O -wa -x intrinsic -v -g intrinsic
Total running time: 0 minutes and 0 seconds.
Filetype options:  --export_color_images
Number of workers: 4
File 'scene0634_00' not found or not readable, it must be just a scene name.
Processing scenes from: /tmp/tmp.Jz6L36hWFq
------------------------
Running in parallel with 4 workers.
xargs: warning: options --max-args and --replace/-I/-i are mutually exclusive, ignoring previous --max-args value
Processing scene: scene0634_00
Deleting the folders that have been archived...
Completed processing: scene0634_00
------------------------
All scenes processed successfully!

To extract archives later, use:
dar -R . -O -wa -x color -v -g color
dar -R . -O -wa -x depth -v -g depth
dar -R . -O -wa -x pose -v -g pose
dar -R . -O -wa -x intrinsic -v -g intrinsic
Total running time: 0 minutes and 0 seconds.
Filetype options:  --export_color_images
Number of workers: 4
File 'scene0635_00' not found or not readable, it must be just a scene name.
Processing scenes from: /tmp/tmp.XmiI9vrRFU
------------------------
Running in parallel with 4 workers.
xargs: warning: options --max-args and --replace/-I/-i are mutually exclusive, ignoring previous --max-args value
Processing scene: scene0635_00
Deleting the folders that have been archived...
Completed processing: scene0635_00
------------------------
All scenes processed successfully!

To extract archives later, use:
dar -R . -O -wa -x color -v -g color
dar -R . -O -wa -x depth -v -g depth
dar -R . -O -wa -x pose -v -g pose
dar -R . -O -wa -x intrinsic -v -g intrinsic
Total running time: 0 minutes and 0 seconds.
Filetype options:  --export_color_images
Number of workers: 4
File 'scene0637_00' not found or not readable, it must be just a scene name.
Processing scenes from: /tmp/tmp.0DirF5TCXW
------------------------
Running in parallel with 4 workers.
xargs: warning: options --max-args and --replace/-I/-i are mutually exclusive, ignoring previous --max-args value
Processing scene: scene0637_00
Deleting the folders that have been archived...
Completed processing: scene0637_00
------------------------
All scenes processed successfully!

To extract archives later, use:
dar -R . -O -wa -x color -v -g color
dar -R . -O -wa -x depth -v -g depth
dar -R . -O -wa -x pose -v -g pose
dar -R . -O -wa -x intrinsic -v -g intrinsic
Total running time: 0 minutes and 0 seconds.
Filetype options:  --export_color_images
Number of workers: 4
File 'scene0639_00' not found or not readable, it must be just a scene name.
Processing scenes from: /tmp/tmp.HZsWFh4YPW
------------------------
Running in parallel with 4 workers.
xargs: warning: options --max-args and --replace/-I/-i are mutually exclusive, ignoring previous --max-args value
Processing scene: scene0639_00
Deleting the folders that have been archived...
Completed processing: scene0639_00
------------------------
All scenes processed successfully!

To extract archives later, use:
dar -R . -O -wa -x color -v -g color
dar -R . -O -wa -x depth -v -g depth
dar -R . -O -wa -x pose -v -g pose
dar -R . -O -wa -x intrinsic -v -g intrinsic
Total running time: 0 minutes and 0 seconds.
Filetype options:  --export_color_images
Number of workers: 4
File 'scene0640_00' not found or not readable, it must be just a scene name.
Processing scenes from: /tmp/tmp.3bOtaGLGA5
------------------------
Running in parallel with 4 workers.
xargs: warning: options --max-args and --replace/-I/-i are mutually exclusive, ignoring previous --max-args value
Processing scene: scene0640_00
Deleting the folders that have been archived...
Completed processing: scene0640_00
------------------------
All scenes processed successfully!

To extract archives later, use:
dar -R . -O -wa -x color -v -g color
dar -R . -O -wa -x depth -v -g depth
dar -R . -O -wa -x pose -v -g pose
dar -R . -O -wa -x intrinsic -v -g intrinsic
Total running time: 0 minutes and 0 seconds.
Filetype options:  --export_color_images
Number of workers: 4
File 'scene0641_00' not found or not readable, it must be just a scene name.
Processing scenes from: /tmp/tmp.g3Tkdua9Tu
------------------------
Running in parallel with 4 workers.
xargs: warning: options --max-args and --replace/-I/-i are mutually exclusive, ignoring previous --max-args value
Processing scene: scene0641_00
Deleting the folders that have been archived...
Completed processing: scene0641_00
------------------------
All scenes processed successfully!

To extract archives later, use:
dar -R . -O -wa -x color -v -g color
dar -R . -O -wa -x depth -v -g depth
dar -R . -O -wa -x pose -v -g pose
dar -R . -O -wa -x intrinsic -v -g intrinsic
Total running time: 0 minutes and 0 seconds.
Filetype options:  --export_color_images
Number of workers: 4
File 'scene0642_00' not found or not readable, it must be just a scene name.
Processing scenes from: /tmp/tmp.vzTSbrc1wS
------------------------
Running in parallel with 4 workers.
xargs: warning: options --max-args and --replace/-I/-i are mutually exclusive, ignoring previous --max-args value
Processing scene: scene0642_00
Deleting the folders that have been archived...
Completed processing: scene0642_00
------------------------
All scenes processed successfully!

To extract archives later, use:
dar -R . -O -wa -x color -v -g color
dar -R . -O -wa -x depth -v -g depth
dar -R . -O -wa -x pose -v -g pose
dar -R . -O -wa -x intrinsic -v -g intrinsic
Total running time: 0 minutes and 0 seconds.
Filetype options:  --export_color_images
Number of workers: 4
File 'scene0646_00' not found or not readable, it must be just a scene name.
Processing scenes from: /tmp/tmp.zMr7LSjXCu
------------------------
Running in parallel with 4 workers.
xargs: warning: options --max-args and --replace/-I/-i are mutually exclusive, ignoring previous --max-args value
Processing scene: scene0646_00
Deleting the folders that have been archived...
Completed processing: scene0646_00
------------------------
All scenes processed successfully!

To extract archives later, use:
dar -R . -O -wa -x color -v -g color
dar -R . -O -wa -x depth -v -g depth
dar -R . -O -wa -x pose -v -g pose
dar -R . -O -wa -x intrinsic -v -g intrinsic
Total running time: 0 minutes and 0 seconds.
Filetype options:  --export_color_images
Number of workers: 4
File 'scene0649_00' not found or not readable, it must be just a scene name.
Processing scenes from: /tmp/tmp.zJ21KitWzz
------------------------
Running in parallel with 4 workers.
xargs: warning: options --max-args and --replace/-I/-i are mutually exclusive, ignoring previous --max-args value
Processing scene: scene0649_00
Deleting the folders that have been archived...
Completed processing: scene0649_00
------------------------
All scenes processed successfully!

To extract archives later, use:
dar -R . -O -wa -x color -v -g color
dar -R . -O -wa -x depth -v -g depth
dar -R . -O -wa -x pose -v -g pose
dar -R . -O -wa -x intrinsic -v -g intrinsic
Total running time: 0 minutes and 0 seconds.
Filetype options:  --export_color_images
Number of workers: 4
File 'scene0650_00' not found or not readable, it must be just a scene name.
Processing scenes from: /tmp/tmp.M5UqHed0g3
------------------------
Running in parallel with 4 workers.
xargs: warning: options --max-args and --replace/-I/-i are mutually exclusive, ignoring previous --max-args value
Processing scene: scene0650_00
Deleting the folders that have been archived...
Completed processing: scene0650_00
------------------------
All scenes processed successfully!

To extract archives later, use:
dar -R . -O -wa -x color -v -g color
dar -R . -O -wa -x depth -v -g depth
dar -R . -O -wa -x pose -v -g pose
dar -R . -O -wa -x intrinsic -v -g intrinsic
Total running time: 0 minutes and 0 seconds.
Filetype options:  --export_color_images
Number of workers: 4
File 'scene0654_00' not found or not readable, it must be just a scene name.
Processing scenes from: /tmp/tmp.vf3MXDZEyX
------------------------
Running in parallel with 4 workers.
xargs: warning: options --max-args and --replace/-I/-i are mutually exclusive, ignoring previous --max-args value
Processing scene: scene0654_00
Deleting the folders that have been archived...
Completed processing: scene0654_00
------------------------
All scenes processed successfully!

To extract archives later, use:
dar -R . -O -wa -x color -v -g color
dar -R . -O -wa -x depth -v -g depth
dar -R . -O -wa -x pose -v -g pose
dar -R . -O -wa -x intrinsic -v -g intrinsic
Total running time: 0 minutes and 0 seconds.
Filetype options:  --export_color_images
Number of workers: 4
File 'scene0656_00' not found or not readable, it must be just a scene name.
Processing scenes from: /tmp/tmp.HWLmvG0Ots
------------------------
Running in parallel with 4 workers.
xargs: warning: options --max-args and --replace/-I/-i are mutually exclusive, ignoring previous --max-args value
Processing scene: scene0656_00
Deleting the folders that have been archived...
Completed processing: scene0656_00
------------------------
All scenes processed successfully!

To extract archives later, use:
dar -R . -O -wa -x color -v -g color
dar -R . -O -wa -x depth -v -g depth
dar -R . -O -wa -x pose -v -g pose
dar -R . -O -wa -x intrinsic -v -g intrinsic
Total running time: 0 minutes and 0 seconds.
Filetype options:  --export_color_images
Number of workers: 4
File 'scene0657_00' not found or not readable, it must be just a scene name.
Processing scenes from: /tmp/tmp.OvELhmr5jR
------------------------
Running in parallel with 4 workers.
xargs: warning: options --max-args and --replace/-I/-i are mutually exclusive, ignoring previous --max-args value
Processing scene: scene0657_00
Deleting the folders that have been archived...
Completed processing: scene0657_00
------------------------
All scenes processed successfully!

To extract archives later, use:
dar -R . -O -wa -x color -v -g color
dar -R . -O -wa -x depth -v -g depth
dar -R . -O -wa -x pose -v -g pose
dar -R . -O -wa -x intrinsic -v -g intrinsic
Total running time: 0 minutes and 2 seconds.
Filetype options:  --export_color_images
Number of workers: 4
File 'scene0661_00' not found or not readable, it must be just a scene name.
Processing scenes from: /tmp/tmp.MY1RisUrEp
------------------------
Running in parallel with 4 workers.
xargs: warning: options --max-args and --replace/-I/-i are mutually exclusive, ignoring previous --max-args value
Processing scene: scene0661_00
Deleting the folders that have been archived...
Completed processing: scene0661_00
------------------------
All scenes processed successfully!

To extract archives later, use:
dar -R . -O -wa -x color -v -g color
dar -R . -O -wa -x depth -v -g depth
dar -R . -O -wa -x pose -v -g pose
dar -R . -O -wa -x intrinsic -v -g intrinsic
Total running time: 0 minutes and 0 seconds.
Filetype options:  --export_color_images
Number of workers: 4
File 'scene0662_00' not found or not readable, it must be just a scene name.
Processing scenes from: /tmp/tmp.TuMT47t9lc
------------------------
Running in parallel with 4 workers.
xargs: warning: options --max-args and --replace/-I/-i are mutually exclusive, ignoring previous --max-args value
Processing scene: scene0662_00
Deleting the folders that have been archived...
Completed processing: scene0662_00
------------------------
All scenes processed successfully!

To extract archives later, use:
dar -R . -O -wa -x color -v -g color
dar -R . -O -wa -x depth -v -g depth
dar -R . -O -wa -x pose -v -g pose
dar -R . -O -wa -x intrinsic -v -g intrinsic
Total running time: 0 minutes and 0 seconds.
Filetype options:  --export_color_images
Number of workers: 4
File 'scene0666_00' not found or not readable, it must be just a scene name.
Processing scenes from: /tmp/tmp.tr0Tl0Dy5R
------------------------
Running in parallel with 4 workers.
xargs: warning: options --max-args and --replace/-I/-i are mutually exclusive, ignoring previous --max-args value
Processing scene: scene0666_00
Deleting the folders that have been archived...
Completed processing: scene0666_00
------------------------
All scenes processed successfully!

To extract archives later, use:
dar -R . -O -wa -x color -v -g color
dar -R . -O -wa -x depth -v -g depth
dar -R . -O -wa -x pose -v -g pose
dar -R . -O -wa -x intrinsic -v -g intrinsic
Total running time: 0 minutes and 0 seconds.
Filetype options:  --export_color_images
Number of workers: 4
File 'scene0667_00' not found or not readable, it must be just a scene name.
Processing scenes from: /tmp/tmp.rSgnTYXcAr
------------------------
Running in parallel with 4 workers.
xargs: warning: options --max-args and --replace/-I/-i are mutually exclusive, ignoring previous --max-args value
Processing scene: scene0667_00
Deleting the folders that have been archived...
Completed processing: scene0667_00
------------------------
All scenes processed successfully!

To extract archives later, use:
dar -R . -O -wa -x color -v -g color
dar -R . -O -wa -x depth -v -g depth
dar -R . -O -wa -x pose -v -g pose
dar -R . -O -wa -x intrinsic -v -g intrinsic
Total running time: 0 minutes and 0 seconds.
Filetype options:  --export_color_images
Number of workers: 4
File 'scene0668_00' not found or not readable, it must be just a scene name.
Processing scenes from: /tmp/tmp.3pAX1szpiQ
------------------------
Running in parallel with 4 workers.
xargs: warning: options --max-args and --replace/-I/-i are mutually exclusive, ignoring previous --max-args value
Processing scene: scene0668_00
Deleting the folders that have been archived...
Completed processing: scene0668_00
------------------------
All scenes processed successfully!

To extract archives later, use:
dar -R . -O -wa -x color -v -g color
dar -R . -O -wa -x depth -v -g depth
dar -R . -O -wa -x pose -v -g pose
dar -R . -O -wa -x intrinsic -v -g intrinsic
Total running time: 0 minutes and 0 seconds.
Filetype options:  --export_color_images
Number of workers: 4
File 'scene0672_00' not found or not readable, it must be just a scene name.
Processing scenes from: /tmp/tmp.O4Cu6pjkdR
------------------------
Running in parallel with 4 workers.
xargs: warning: options --max-args and --replace/-I/-i are mutually exclusive, ignoring previous --max-args value
Processing scene: scene0672_00
Deleting the folders that have been archived...
Completed processing: scene0672_00
------------------------
All scenes processed successfully!

To extract archives later, use:
dar -R . -O -wa -x color -v -g color
dar -R . -O -wa -x depth -v -g depth
dar -R . -O -wa -x pose -v -g pose
dar -R . -O -wa -x intrinsic -v -g intrinsic
Total running time: 0 minutes and 0 seconds.
Filetype options:  --export_color_images
Number of workers: 4
File 'scene0673_00' not found or not readable, it must be just a scene name.
Processing scenes from: /tmp/tmp.Oz6dgsKe2l
------------------------
Running in parallel with 4 workers.
xargs: warning: options --max-args and --replace/-I/-i are mutually exclusive, ignoring previous --max-args value
Processing scene: scene0673_00
Deleting the folders that have been archived...
Completed processing: scene0673_00
------------------------
All scenes processed successfully!

To extract archives later, use:
dar -R . -O -wa -x color -v -g color
dar -R . -O -wa -x depth -v -g depth
dar -R . -O -wa -x pose -v -g pose
dar -R . -O -wa -x intrinsic -v -g intrinsic
Total running time: 0 minutes and 0 seconds.
Filetype options:  --export_color_images
Number of workers: 4
File 'scene0674_00' not found or not readable, it must be just a scene name.
Processing scenes from: /tmp/tmp.rfNCBleZXt
------------------------
Running in parallel with 4 workers.
xargs: warning: options --max-args and --replace/-I/-i are mutually exclusive, ignoring previous --max-args value
Processing scene: scene0674_00
Deleting the folders that have been archived...
Completed processing: scene0674_00
------------------------
All scenes processed successfully!

To extract archives later, use:
dar -R . -O -wa -x color -v -g color
dar -R . -O -wa -x depth -v -g depth
dar -R . -O -wa -x pose -v -g pose
dar -R . -O -wa -x intrinsic -v -g intrinsic
Total running time: 0 minutes and 0 seconds.
Filetype options:  --export_color_images
Number of workers: 4
File 'scene0675_00' not found or not readable, it must be just a scene name.
Processing scenes from: /tmp/tmp.S8GlhseohI
------------------------
Running in parallel with 4 workers.
xargs: warning: options --max-args and --replace/-I/-i are mutually exclusive, ignoring previous --max-args value
Processing scene: scene0675_00
Deleting the folders that have been archived...
Completed processing: scene0675_00
------------------------
All scenes processed successfully!

To extract archives later, use:
dar -R . -O -wa -x color -v -g color
dar -R . -O -wa -x depth -v -g depth
dar -R . -O -wa -x pose -v -g pose
dar -R . -O -wa -x intrinsic -v -g intrinsic
Total running time: 0 minutes and 0 seconds.
Filetype options:  --export_color_images
Number of workers: 4
File 'scene0676_00' not found or not readable, it must be just a scene name.
Processing scenes from: /tmp/tmp.EyB3JMZhAX
------------------------
Running in parallel with 4 workers.
xargs: warning: options --max-args and --replace/-I/-i are mutually exclusive, ignoring previous --max-args value
Processing scene: scene0676_00
Deleting the folders that have been archived...
Completed processing: scene0676_00
------------------------
All scenes processed successfully!

To extract archives later, use:
dar -R . -O -wa -x color -v -g color
dar -R . -O -wa -x depth -v -g depth
dar -R . -O -wa -x pose -v -g pose
dar -R . -O -wa -x intrinsic -v -g intrinsic
Total running time: 0 minutes and 0 seconds.
Filetype options:  --export_color_images
Number of workers: 4
File 'scene0677_00' not found or not readable, it must be just a scene name.
Processing scenes from: /tmp/tmp.VkTlYztWBb
------------------------
Running in parallel with 4 workers.
xargs: warning: options --max-args and --replace/-I/-i are mutually exclusive, ignoring previous --max-args value
Processing scene: scene0677_00
Deleting the folders that have been archived...
Completed processing: scene0677_00
------------------------
All scenes processed successfully!

To extract archives later, use:
dar -R . -O -wa -x color -v -g color
dar -R . -O -wa -x depth -v -g depth
dar -R . -O -wa -x pose -v -g pose
dar -R . -O -wa -x intrinsic -v -g intrinsic
Total running time: 0 minutes and 0 seconds.
Filetype options:  --export_color_images
Number of workers: 4
File 'scene0679_00' not found or not readable, it must be just a scene name.
Processing scenes from: /tmp/tmp.nJhgBXOeKs
------------------------
Running in parallel with 4 workers.
xargs: warning: options --max-args and --replace/-I/-i are mutually exclusive, ignoring previous --max-args value
Processing scene: scene0679_00
Deleting the folders that have been archived...
Completed processing: scene0679_00
------------------------
All scenes processed successfully!

To extract archives later, use:
dar -R . -O -wa -x color -v -g color
dar -R . -O -wa -x depth -v -g depth
dar -R . -O -wa -x pose -v -g pose
dar -R . -O -wa -x intrinsic -v -g intrinsic
Total running time: 0 minutes and 0 seconds.
Filetype options:  --export_color_images
Number of workers: 4
File 'scene0680_00' not found or not readable, it must be just a scene name.
Processing scenes from: /tmp/tmp.2tDAyPNKDe
------------------------
Running in parallel with 4 workers.
xargs: warning: options --max-args and --replace/-I/-i are mutually exclusive, ignoring previous --max-args value
Processing scene: scene0680_00
Deleting the folders that have been archived...
Completed processing: scene0680_00
------------------------
All scenes processed successfully!

To extract archives later, use:
dar -R . -O -wa -x color -v -g color
dar -R . -O -wa -x depth -v -g depth
dar -R . -O -wa -x pose -v -g pose
dar -R . -O -wa -x intrinsic -v -g intrinsic
Total running time: 0 minutes and 0 seconds.
Filetype options:  --export_color_images
Number of workers: 4
File 'scene0681_00' not found or not readable, it must be just a scene name.
Processing scenes from: /tmp/tmp.PZcMwPtkqt
------------------------
Running in parallel with 4 workers.
xargs: warning: options --max-args and --replace/-I/-i are mutually exclusive, ignoring previous --max-args value
Processing scene: scene0681_00
Deleting the folders that have been archived...
Completed processing: scene0681_00
------------------------
All scenes processed successfully!

To extract archives later, use:
dar -R . -O -wa -x color -v -g color
dar -R . -O -wa -x depth -v -g depth
dar -R . -O -wa -x pose -v -g pose
dar -R . -O -wa -x intrinsic -v -g intrinsic
Total running time: 0 minutes and 0 seconds.
Filetype options:  --export_color_images
Number of workers: 4
File 'scene0682_00' not found or not readable, it must be just a scene name.
Processing scenes from: /tmp/tmp.zGVYEiBhg3
------------------------
Running in parallel with 4 workers.
xargs: warning: options --max-args and --replace/-I/-i are mutually exclusive, ignoring previous --max-args value
Processing scene: scene0682_00
Deleting the folders that have been archived...
Completed processing: scene0682_00
------------------------
All scenes processed successfully!

To extract archives later, use:
dar -R . -O -wa -x color -v -g color
dar -R . -O -wa -x depth -v -g depth
dar -R . -O -wa -x pose -v -g pose
dar -R . -O -wa -x intrinsic -v -g intrinsic
Total running time: 0 minutes and 2 seconds.
Filetype options:  --export_color_images
Number of workers: 4
File 'scene0683_00' not found or not readable, it must be just a scene name.
Processing scenes from: /tmp/tmp.9ishE2Dsjl
------------------------
Running in parallel with 4 workers.
xargs: warning: options --max-args and --replace/-I/-i are mutually exclusive, ignoring previous --max-args value
Processing scene: scene0683_00
Deleting the folders that have been archived...
Completed processing: scene0683_00
------------------------
All scenes processed successfully!

To extract archives later, use:
dar -R . -O -wa -x color -v -g color
dar -R . -O -wa -x depth -v -g depth
dar -R . -O -wa -x pose -v -g pose
dar -R . -O -wa -x intrinsic -v -g intrinsic
Total running time: 0 minutes and 0 seconds.
Filetype options:  --export_color_images
Number of workers: 4
File 'scene0687_00' not found or not readable, it must be just a scene name.
Processing scenes from: /tmp/tmp.2VgwOtul3Z
------------------------
Running in parallel with 4 workers.
xargs: warning: options --max-args and --replace/-I/-i are mutually exclusive, ignoring previous --max-args value
Processing scene: scene0687_00
Deleting the folders that have been archived...
Completed processing: scene0687_00
------------------------
All scenes processed successfully!

To extract archives later, use:
dar -R . -O -wa -x color -v -g color
dar -R . -O -wa -x depth -v -g depth
dar -R . -O -wa -x pose -v -g pose
dar -R . -O -wa -x intrinsic -v -g intrinsic
Total running time: 0 minutes and 0 seconds.
Filetype options:  --export_color_images
Number of workers: 4
File 'scene0688_00' not found or not readable, it must be just a scene name.
Processing scenes from: /tmp/tmp.gv9CSIY6cn
------------------------
Running in parallel with 4 workers.
xargs: warning: options --max-args and --replace/-I/-i are mutually exclusive, ignoring previous --max-args value
Processing scene: scene0688_00
Deleting the folders that have been archived...
Completed processing: scene0688_00
------------------------
All scenes processed successfully!

To extract archives later, use:
dar -R . -O -wa -x color -v -g color
dar -R . -O -wa -x depth -v -g depth
dar -R . -O -wa -x pose -v -g pose
dar -R . -O -wa -x intrinsic -v -g intrinsic
Total running time: 0 minutes and 0 seconds.
Filetype options:  --export_color_images
Number of workers: 4
File 'scene0691_00' not found or not readable, it must be just a scene name.
Processing scenes from: /tmp/tmp.3RMkk1LlOq
------------------------
Running in parallel with 4 workers.
xargs: warning: options --max-args and --replace/-I/-i are mutually exclusive, ignoring previous --max-args value
Processing scene: scene0691_00
Deleting the folders that have been archived...
Completed processing: scene0691_00
------------------------
All scenes processed successfully!

To extract archives later, use:
dar -R . -O -wa -x color -v -g color
dar -R . -O -wa -x depth -v -g depth
dar -R . -O -wa -x pose -v -g pose
dar -R . -O -wa -x intrinsic -v -g intrinsic
Total running time: 0 minutes and 0 seconds.
Filetype options:  --export_color_images
Number of workers: 4
File 'scene0692_00' not found or not readable, it must be just a scene name.
Processing scenes from: /tmp/tmp.3YORuzvlei
------------------------
Running in parallel with 4 workers.
xargs: warning: options --max-args and --replace/-I/-i are mutually exclusive, ignoring previous --max-args value
Processing scene: scene0692_00
Deleting the folders that have been archived...
Completed processing: scene0692_00
------------------------
All scenes processed successfully!

To extract archives later, use:
dar -R . -O -wa -x color -v -g color
dar -R . -O -wa -x depth -v -g depth
dar -R . -O -wa -x pose -v -g pose
dar -R . -O -wa -x intrinsic -v -g intrinsic
Total running time: 0 minutes and 0 seconds.
Filetype options:  --export_color_images
Number of workers: 4
File 'scene0694_00' not found or not readable, it must be just a scene name.
Processing scenes from: /tmp/tmp.mhOGhAiOXg
------------------------
Running in parallel with 4 workers.
xargs: warning: options --max-args and --replace/-I/-i are mutually exclusive, ignoring previous --max-args value
Processing scene: scene0694_00
Deleting the folders that have been archived...
Completed processing: scene0694_00
------------------------
All scenes processed successfully!

To extract archives later, use:
dar -R . -O -wa -x color -v -g color
dar -R . -O -wa -x depth -v -g depth
dar -R . -O -wa -x pose -v -g pose
dar -R . -O -wa -x intrinsic -v -g intrinsic
Total running time: 0 minutes and 0 seconds.
Filetype options:  --export_color_images
Number of workers: 4
File 'scene0698_00' not found or not readable, it must be just a scene name.
Processing scenes from: /tmp/tmp.SEcDhEXdtk
------------------------
Running in parallel with 4 workers.
xargs: warning: options --max-args and --replace/-I/-i are mutually exclusive, ignoring previous --max-args value
Processing scene: scene0698_00
Deleting the folders that have been archived...
Completed processing: scene0698_00
------------------------
All scenes processed successfully!

To extract archives later, use:
dar -R . -O -wa -x color -v -g color
dar -R . -O -wa -x depth -v -g depth
dar -R . -O -wa -x pose -v -g pose
dar -R . -O -wa -x intrinsic -v -g intrinsic
Total running time: 0 minutes and 0 seconds.
Filetype options:  --export_color_images
Number of workers: 4
File 'scene0703_00' not found or not readable, it must be just a scene name.
Processing scenes from: /tmp/tmp.TBRQj767yE
------------------------
Running in parallel with 4 workers.
xargs: warning: options --max-args and --replace/-I/-i are mutually exclusive, ignoring previous --max-args value
Processing scene: scene0703_00
Deleting the folders that have been archived...
Completed processing: scene0703_00
------------------------
All scenes processed successfully!

To extract archives later, use:
dar -R . -O -wa -x color -v -g color
dar -R . -O -wa -x depth -v -g depth
dar -R . -O -wa -x pose -v -g pose
dar -R . -O -wa -x intrinsic -v -g intrinsic
Total running time: 0 minutes and 0 seconds.
Filetype options:  --export_color_images
Number of workers: 4
File 'scene0705_00' not found or not readable, it must be just a scene name.
Processing scenes from: /tmp/tmp.Fs7f4uwUlx
------------------------
Running in parallel with 4 workers.
xargs: warning: options --max-args and --replace/-I/-i are mutually exclusive, ignoring previous --max-args value
Processing scene: scene0705_00
Deleting the folders that have been archived...
Completed processing: scene0705_00
------------------------
All scenes processed successfully!

To extract archives later, use:
dar -R . -O -wa -x color -v -g color
dar -R . -O -wa -x depth -v -g depth
dar -R . -O -wa -x pose -v -g pose
dar -R . -O -wa -x intrinsic -v -g intrinsic
Total running time: 0 minutes and 0 seconds.
Filetype options:  --export_color_images
Number of workers: 4
File 'scene0706_00' not found or not readable, it must be just a scene name.
Processing scenes from: /tmp/tmp.NmwGmhn8kq
------------------------
Running in parallel with 4 workers.
xargs: warning: options --max-args and --replace/-I/-i are mutually exclusive, ignoring previous --max-args value
Processing scene: scene0706_00
Deleting the folders that have been archived...
Completed processing: scene0706_00
------------------------
All scenes processed successfully!

To extract archives later, use:
dar -R . -O -wa -x color -v -g color
dar -R . -O -wa -x depth -v -g depth
dar -R . -O -wa -x pose -v -g pose
dar -R . -O -wa -x intrinsic -v -g intrinsic
Total running time: 0 minutes and 4 seconds.
Filetype options:  --export_color_images
Number of workers: 4
File 'scene0011_00' not found or not readable, it must be just a scene name.
Processing scenes from: /tmp/tmp.ftOcZ62Q3N
------------------------
Running in parallel with 4 workers.
xargs: warning: options --max-args and --replace/-I/-i are mutually exclusive, ignoring previous --max-args value
Processing scene: scene0011_00
Deleting the folders that have been archived...
Completed processing: scene0011_00
------------------------
All scenes processed successfully!

To extract archives later, use:
dar -R . -O -wa -x color -v -g color
dar -R . -O -wa -x depth -v -g depth
dar -R . -O -wa -x pose -v -g pose
dar -R . -O -wa -x intrinsic -v -g intrinsic
Total running time: 0 minutes and 0 seconds.
Filetype options:  --export_color_images
Number of workers: 4
File 'scene0019_00' not found or not readable, it must be just a scene name.
Processing scenes from: /tmp/tmp.EFUw6yPmGx
------------------------
Running in parallel with 4 workers.
xargs: warning: options --max-args and --replace/-I/-i are mutually exclusive, ignoring previous --max-args value
Processing scene: scene0019_00
Deleting the folders that have been archived...
Completed processing: scene0019_00
------------------------
All scenes processed successfully!

To extract archives later, use:
dar -R . -O -wa -x color -v -g color
dar -R . -O -wa -x depth -v -g depth
dar -R . -O -wa -x pose -v -g pose
dar -R . -O -wa -x intrinsic -v -g intrinsic
Total running time: 0 minutes and 0 seconds.
Filetype options:  --export_color_images
Number of workers: 4
File 'scene0030_00' not found or not readable, it must be just a scene name.
Processing scenes from: /tmp/tmp.bOZAOWDyaz
------------------------
Running in parallel with 4 workers.
xargs: warning: options --max-args and --replace/-I/-i are mutually exclusive, ignoring previous --max-args value
Processing scene: scene0030_00
Deleting the folders that have been archived...
Completed processing: scene0030_00
------------------------
All scenes processed successfully!

To extract archives later, use:
dar -R . -O -wa -x color -v -g color
dar -R . -O -wa -x depth -v -g depth
dar -R . -O -wa -x pose -v -g pose
dar -R . -O -wa -x intrinsic -v -g intrinsic
Total running time: 0 minutes and 0 seconds.
Filetype options:  --export_color_images
Number of workers: 4
File 'scene0063_00' not found or not readable, it must be just a scene name.
Processing scenes from: /tmp/tmp.VqOGGx8cfK
------------------------
Running in parallel with 4 workers.
xargs: warning: options --max-args and --replace/-I/-i are mutually exclusive, ignoring previous --max-args value
Processing scene: scene0063_00
Deleting the folders that have been archived...
Completed processing: scene0063_00
------------------------
All scenes processed successfully!

To extract archives later, use:
dar -R . -O -wa -x color -v -g color
dar -R . -O -wa -x depth -v -g depth
dar -R . -O -wa -x pose -v -g pose
dar -R . -O -wa -x intrinsic -v -g intrinsic
Total running time: 0 minutes and 0 seconds.
Filetype options:  --export_color_images
Number of workers: 4
File 'scene0064_00' not found or not readable, it must be just a scene name.
Processing scenes from: /tmp/tmp.tKjQbambGB
------------------------
Running in parallel with 4 workers.
xargs: warning: options --max-args and --replace/-I/-i are mutually exclusive, ignoring previous --max-args value
Processing scene: scene0064_00
Deleting the folders that have been archived...
Completed processing: scene0064_00
------------------------
All scenes processed successfully!

To extract archives later, use:
dar -R . -O -wa -x color -v -g color
dar -R . -O -wa -x depth -v -g depth
dar -R . -O -wa -x pose -v -g pose
dar -R . -O -wa -x intrinsic -v -g intrinsic
Total running time: 0 minutes and 0 seconds.
Filetype options:  --export_color_images
Number of workers: 4
File 'scene0077_00' not found or not readable, it must be just a scene name.
Processing scenes from: /tmp/tmp.RT02JoAvv4
------------------------
Running in parallel with 4 workers.
xargs: warning: options --max-args and --replace/-I/-i are mutually exclusive, ignoring previous --max-args value
Processing scene: scene0077_00
Deleting the folders that have been archived...
Completed processing: scene0077_00
------------------------
All scenes processed successfully!

To extract archives later, use:
dar -R . -O -wa -x color -v -g color
dar -R . -O -wa -x depth -v -g depth
dar -R . -O -wa -x pose -v -g pose
dar -R . -O -wa -x intrinsic -v -g intrinsic
Total running time: 0 minutes and 0 seconds.
Filetype options:  --export_color_images
Number of workers: 4
File 'scene0081_00' not found or not readable, it must be just a scene name.
Processing scenes from: /tmp/tmp.f4tfe6tQwn
------------------------
Running in parallel with 4 workers.
xargs: warning: options --max-args and --replace/-I/-i are mutually exclusive, ignoring previous --max-args value
Processing scene: scene0081_00
Deleting the folders that have been archived...
Completed processing: scene0081_00
------------------------
All scenes processed successfully!

To extract archives later, use:
dar -R . -O -wa -x color -v -g color
dar -R . -O -wa -x depth -v -g depth
dar -R . -O -wa -x pose -v -g pose
dar -R . -O -wa -x intrinsic -v -g intrinsic
Total running time: 0 minutes and 0 seconds.
Filetype options:  --export_color_images
Number of workers: 4
File 'scene0088_00' not found or not readable, it must be just a scene name.
Processing scenes from: /tmp/tmp.czuv9YM9ra
------------------------
Running in parallel with 4 workers.
xargs: warning: options --max-args and --replace/-I/-i are mutually exclusive, ignoring previous --max-args value
Processing scene: scene0088_00
Deleting the folders that have been archived...
Completed processing: scene0088_00
------------------------
All scenes processed successfully!

To extract archives later, use:
dar -R . -O -wa -x color -v -g color
dar -R . -O -wa -x depth -v -g depth
dar -R . -O -wa -x pose -v -g pose
dar -R . -O -wa -x intrinsic -v -g intrinsic
Total running time: 0 minutes and 0 seconds.
Filetype options:  --export_color_images
Number of workers: 4
File 'scene0095_00' not found or not readable, it must be just a scene name.
Processing scenes from: /tmp/tmp.qHnJYCHH62
------------------------
Running in parallel with 4 workers.
xargs: warning: options --max-args and --replace/-I/-i are mutually exclusive, ignoring previous --max-args value
Processing scene: scene0095_00
Deleting the folders that have been archived...
Completed processing: scene0095_00
------------------------
All scenes processed successfully!

To extract archives later, use:
dar -R . -O -wa -x color -v -g color
dar -R . -O -wa -x depth -v -g depth
dar -R . -O -wa -x pose -v -g pose
dar -R . -O -wa -x intrinsic -v -g intrinsic
Total running time: 0 minutes and 0 seconds.
Filetype options:  --export_color_images
Number of workers: 4
File 'scene0131_00' not found or not readable, it must be just a scene name.
Processing scenes from: /tmp/tmp.QTwdZ45hrd
------------------------
Running in parallel with 4 workers.
xargs: warning: options --max-args and --replace/-I/-i are mutually exclusive, ignoring previous --max-args value
Processing scene: scene0131_00
Deleting the folders that have been archived...
Completed processing: scene0131_00
------------------------
All scenes processed successfully!

To extract archives later, use:
dar -R . -O -wa -x color -v -g color
dar -R . -O -wa -x depth -v -g depth
dar -R . -O -wa -x pose -v -g pose
dar -R . -O -wa -x intrinsic -v -g intrinsic
Total running time: 0 minutes and 0 seconds.
Filetype options:  --export_color_images
Number of workers: 4
File 'scene0144_00' not found or not readable, it must be just a scene name.
Processing scenes from: /tmp/tmp.3sLD2EaKwH
------------------------
Running in parallel with 4 workers.
xargs: warning: options --max-args and --replace/-I/-i are mutually exclusive, ignoring previous --max-args value
Processing scene: scene0144_00
Deleting the folders that have been archived...
Completed processing: scene0144_00
------------------------
All scenes processed successfully!

To extract archives later, use:
dar -R . -O -wa -x color -v -g color
dar -R . -O -wa -x depth -v -g depth
dar -R . -O -wa -x pose -v -g pose
dar -R . -O -wa -x intrinsic -v -g intrinsic
Total running time: 0 minutes and 0 seconds.
Filetype options:  --export_color_images
Number of workers: 4
File 'scene0149_00' not found or not readable, it must be just a scene name.
Processing scenes from: /tmp/tmp.ud0IojKVJ9
------------------------
Running in parallel with 4 workers.
xargs: warning: options --max-args and --replace/-I/-i are mutually exclusive, ignoring previous --max-args value
Processing scene: scene0149_00
Deleting the folders that have been archived...
Completed processing: scene0149_00
------------------------
All scenes processed successfully!

To extract archives later, use:
dar -R . -O -wa -x color -v -g color
dar -R . -O -wa -x depth -v -g depth
dar -R . -O -wa -x pose -v -g pose
dar -R . -O -wa -x intrinsic -v -g intrinsic
Total running time: 0 minutes and 0 seconds.
Filetype options:  --export_color_images
Number of workers: 4
File 'scene0164_00' not found or not readable, it must be just a scene name.
Processing scenes from: /tmp/tmp.423NBaasI7
------------------------
Running in parallel with 4 workers.
xargs: warning: options --max-args and --replace/-I/-i are mutually exclusive, ignoring previous --max-args value
Processing scene: scene0164_00
Deleting the folders that have been archived...
Completed processing: scene0164_00
------------------------
All scenes processed successfully!

To extract archives later, use:
dar -R . -O -wa -x color -v -g color
dar -R . -O -wa -x depth -v -g depth
dar -R . -O -wa -x pose -v -g pose
dar -R . -O -wa -x intrinsic -v -g intrinsic
Total running time: 0 minutes and 0 seconds.
Filetype options:  --export_color_images
Number of workers: 4
File 'scene0187_00' not found or not readable, it must be just a scene name.
Processing scenes from: /tmp/tmp.4Tf6ZfZ0et
------------------------
Running in parallel with 4 workers.
xargs: warning: options --max-args and --replace/-I/-i are mutually exclusive, ignoring previous --max-args value
Processing scene: scene0187_00
Deleting the folders that have been archived...
Completed processing: scene0187_00
------------------------
All scenes processed successfully!

To extract archives later, use:
dar -R . -O -wa -x color -v -g color
dar -R . -O -wa -x depth -v -g depth
dar -R . -O -wa -x pose -v -g pose
dar -R . -O -wa -x intrinsic -v -g intrinsic
Total running time: 0 minutes and 5 seconds.
Filetype options:  --export_color_images
Number of workers: 4
File 'scene0196_00' not found or not readable, it must be just a scene name.
Processing scenes from: /tmp/tmp.jzqqLIMGbU
------------------------
Running in parallel with 4 workers.
xargs: warning: options --max-args and --replace/-I/-i are mutually exclusive, ignoring previous --max-args value
Processing scene: scene0196_00
Deleting the folders that have been archived...
Completed processing: scene0196_00
------------------------
All scenes processed successfully!

To extract archives later, use:
dar -R . -O -wa -x color -v -g color
dar -R . -O -wa -x depth -v -g depth
dar -R . -O -wa -x pose -v -g pose
dar -R . -O -wa -x intrinsic -v -g intrinsic
Total running time: 0 minutes and 0 seconds.
Filetype options:  --export_color_images
Number of workers: 4
File 'scene0207_00' not found or not readable, it must be just a scene name.
Processing scenes from: /tmp/tmp.KHJ0Xn9akJ
------------------------
Running in parallel with 4 workers.
xargs: warning: options --max-args and --replace/-I/-i are mutually exclusive, ignoring previous --max-args value
Processing scene: scene0207_00
Deleting the folders that have been archived...
Completed processing: scene0207_00
------------------------
All scenes processed successfully!

To extract archives later, use:
dar -R . -O -wa -x color -v -g color
dar -R . -O -wa -x depth -v -g depth
dar -R . -O -wa -x pose -v -g pose
dar -R . -O -wa -x intrinsic -v -g intrinsic
Total running time: 0 minutes and 0 seconds.
Filetype options:  --export_color_images
Number of workers: 4
File 'scene0217_00' not found or not readable, it must be just a scene name.
Processing scenes from: /tmp/tmp.mCsk7n5h7U
------------------------
Running in parallel with 4 workers.
xargs: warning: options --max-args and --replace/-I/-i are mutually exclusive, ignoring previous --max-args value
Processing scene: scene0217_00
Deleting the folders that have been archived...
Completed processing: scene0217_00
------------------------
All scenes processed successfully!

To extract archives later, use:
dar -R . -O -wa -x color -v -g color
dar -R . -O -wa -x depth -v -g depth
dar -R . -O -wa -x pose -v -g pose
dar -R . -O -wa -x intrinsic -v -g intrinsic
Total running time: 0 minutes and 0 seconds.
Filetype options:  --export_color_images
Number of workers: 4
File 'scene0249_00' not found or not readable, it must be just a scene name.
Processing scenes from: /tmp/tmp.Ka6e0qd5T2
------------------------
Running in parallel with 4 workers.
xargs: warning: options --max-args and --replace/-I/-i are mutually exclusive, ignoring previous --max-args value
Processing scene: scene0249_00
Deleting the folders that have been archived...
Completed processing: scene0249_00
------------------------
All scenes processed successfully!

To extract archives later, use:
dar -R . -O -wa -x color -v -g color
dar -R . -O -wa -x depth -v -g depth
dar -R . -O -wa -x pose -v -g pose
dar -R . -O -wa -x intrinsic -v -g intrinsic
Total running time: 0 minutes and 0 seconds.
Filetype options:  --export_color_images
Number of workers: 4
File 'scene0251_00' not found or not readable, it must be just a scene name.
Processing scenes from: /tmp/tmp.jL2ETOyk28
------------------------
Running in parallel with 4 workers.
xargs: warning: options --max-args and --replace/-I/-i are mutually exclusive, ignoring previous --max-args value
Processing scene: scene0251_00
Deleting the folders that have been archived...
Completed processing: scene0251_00
------------------------
All scenes processed successfully!

To extract archives later, use:
dar -R . -O -wa -x color -v -g color
dar -R . -O -wa -x depth -v -g depth
dar -R . -O -wa -x pose -v -g pose
dar -R . -O -wa -x intrinsic -v -g intrinsic
Total running time: 0 minutes and 0 seconds.
Filetype options:  --export_color_images
Number of workers: 4
File 'scene0277_00' not found or not readable, it must be just a scene name.
Processing scenes from: /tmp/tmp.rvOOOVvzrZ
------------------------
Running in parallel with 4 workers.
xargs: warning: options --max-args and --replace/-I/-i are mutually exclusive, ignoring previous --max-args value
Processing scene: scene0277_00
Deleting the folders that have been archived...
Completed processing: scene0277_00
------------------------
All scenes processed successfully!

To extract archives later, use:
dar -R . -O -wa -x color -v -g color
dar -R . -O -wa -x depth -v -g depth
dar -R . -O -wa -x pose -v -g pose
dar -R . -O -wa -x intrinsic -v -g intrinsic
Total running time: 0 minutes and 0 seconds.
Filetype options:  --export_color_images
Number of workers: 4
File 'scene0307_00' not found or not readable, it must be just a scene name.
Processing scenes from: /tmp/tmp.vZi6Nb1lGe
------------------------
Running in parallel with 4 workers.
xargs: warning: options --max-args and --replace/-I/-i are mutually exclusive, ignoring previous --max-args value
Processing scene: scene0307_00
Deleting the folders that have been archived...
Completed processing: scene0307_00
------------------------
All scenes processed successfully!

To extract archives later, use:
dar -R . -O -wa -x color -v -g color
dar -R . -O -wa -x depth -v -g depth
dar -R . -O -wa -x pose -v -g pose
dar -R . -O -wa -x intrinsic -v -g intrinsic
Total running time: 0 minutes and 3 seconds.
Filetype options:  --export_color_images
Number of workers: 4
File 'scene0314_00' not found or not readable, it must be just a scene name.
Processing scenes from: /tmp/tmp.idcOG8AI6q
------------------------
Running in parallel with 4 workers.
xargs: warning: options --max-args and --replace/-I/-i are mutually exclusive, ignoring previous --max-args value
Processing scene: scene0314_00
Deleting the folders that have been archived...
Completed processing: scene0314_00
------------------------
All scenes processed successfully!

To extract archives later, use:
dar -R . -O -wa -x color -v -g color
dar -R . -O -wa -x depth -v -g depth
dar -R . -O -wa -x pose -v -g pose
dar -R . -O -wa -x intrinsic -v -g intrinsic
Total running time: 0 minutes and 0 seconds.
Filetype options:  --export_color_images
Number of workers: 4
File 'scene0316_00' not found or not readable, it must be just a scene name.
Processing scenes from: /tmp/tmp.4o89R1sFPm
------------------------
Running in parallel with 4 workers.
xargs: warning: options --max-args and --replace/-I/-i are mutually exclusive, ignoring previous --max-args value
Processing scene: scene0316_00
Deleting the folders that have been archived...
Completed processing: scene0316_00
------------------------
All scenes processed successfully!

To extract archives later, use:
dar -R . -O -wa -x color -v -g color
dar -R . -O -wa -x depth -v -g depth
dar -R . -O -wa -x pose -v -g pose
dar -R . -O -wa -x intrinsic -v -g intrinsic
Total running time: 0 minutes and 0 seconds.
Filetype options:  --export_color_images
Number of workers: 4
File 'scene0328_00' not found or not readable, it must be just a scene name.
Processing scenes from: /tmp/tmp.Ru7W72gkmB
------------------------
Running in parallel with 4 workers.
xargs: warning: options --max-args and --replace/-I/-i are mutually exclusive, ignoring previous --max-args value
Processing scene: scene0328_00
Deleting the folders that have been archived...
Completed processing: scene0328_00
------------------------
All scenes processed successfully!

To extract archives later, use:
dar -R . -O -wa -x color -v -g color
dar -R . -O -wa -x depth -v -g depth
dar -R . -O -wa -x pose -v -g pose
dar -R . -O -wa -x intrinsic -v -g intrinsic
Total running time: 0 minutes and 0 seconds.
Filetype options:  --export_color_images
Number of workers: 4
File 'scene0329_00' not found or not readable, it must be just a scene name.
Processing scenes from: /tmp/tmp.abAJUDiYvv
------------------------
Running in parallel with 4 workers.
xargs: warning: options --max-args and --replace/-I/-i are mutually exclusive, ignoring previous --max-args value
Processing scene: scene0329_00
Deleting the folders that have been archived...
Completed processing: scene0329_00
------------------------
All scenes processed successfully!

To extract archives later, use:
dar -R . -O -wa -x color -v -g color
dar -R . -O -wa -x depth -v -g depth
dar -R . -O -wa -x pose -v -g pose
dar -R . -O -wa -x intrinsic -v -g intrinsic
Total running time: 0 minutes and 0 seconds.
Filetype options:  --export_color_images
Number of workers: 4
File 'scene0342_00' not found or not readable, it must be just a scene name.
Processing scenes from: /tmp/tmp.NQML4UdPf7
------------------------
Running in parallel with 4 workers.
xargs: warning: options --max-args and --replace/-I/-i are mutually exclusive, ignoring previous --max-args value
Processing scene: scene0342_00
Deleting the folders that have been archived...
Completed processing: scene0342_00
------------------------
All scenes processed successfully!

To extract archives later, use:
dar -R . -O -wa -x color -v -g color
dar -R . -O -wa -x depth -v -g depth
dar -R . -O -wa -x pose -v -g pose
dar -R . -O -wa -x intrinsic -v -g intrinsic
Total running time: 0 minutes and 0 seconds.
Filetype options:  --export_color_images
Number of workers: 4
File 'scene0343_00' not found or not readable, it must be just a scene name.
Processing scenes from: /tmp/tmp.4VYWJIsYNV
------------------------
Running in parallel with 4 workers.
xargs: warning: options --max-args and --replace/-I/-i are mutually exclusive, ignoring previous --max-args value
Processing scene: scene0343_00
Deleting the folders that have been archived...
Completed processing: scene0343_00
------------------------
All scenes processed successfully!

To extract archives later, use:
dar -R . -O -wa -x color -v -g color
dar -R . -O -wa -x depth -v -g depth
dar -R . -O -wa -x pose -v -g pose
dar -R . -O -wa -x intrinsic -v -g intrinsic
Total running time: 0 minutes and 0 seconds.
Filetype options:  --export_color_images
Number of workers: 4
File 'scene0356_00' not found or not readable, it must be just a scene name.
Processing scenes from: /tmp/tmp.UZcFTEqKw8
------------------------
Running in parallel with 4 workers.
xargs: warning: options --max-args and --replace/-I/-i are mutually exclusive, ignoring previous --max-args value
Processing scene: scene0356_00
Deleting the folders that have been archived...
Completed processing: scene0356_00
------------------------
All scenes processed successfully!

To extract archives later, use:
dar -R . -O -wa -x color -v -g color
dar -R . -O -wa -x depth -v -g depth
dar -R . -O -wa -x pose -v -g pose
dar -R . -O -wa -x intrinsic -v -g intrinsic
Total running time: 0 minutes and 0 seconds.
Filetype options:  --export_color_images
Number of workers: 4
File 'scene0357_00' not found or not readable, it must be just a scene name.
Processing scenes from: /tmp/tmp.uGmKjXocxP
------------------------
Running in parallel with 4 workers.
xargs: warning: options --max-args and --replace/-I/-i are mutually exclusive, ignoring previous --max-args value
Processing scene: scene0357_00
Deleting the folders that have been archived...
Completed processing: scene0357_00
------------------------
All scenes processed successfully!

To extract archives later, use:
dar -R . -O -wa -x color -v -g color
dar -R . -O -wa -x depth -v -g depth
dar -R . -O -wa -x pose -v -g pose
dar -R . -O -wa -x intrinsic -v -g intrinsic
Total running time: 0 minutes and 0 seconds.
Filetype options:  --export_color_images
Number of workers: 4
File 'scene0430_00' not found or not readable, it must be just a scene name.
Processing scenes from: /tmp/tmp.OvI5up33cZ
------------------------
Running in parallel with 4 workers.
xargs: warning: options --max-args and --replace/-I/-i are mutually exclusive, ignoring previous --max-args value
Processing scene: scene0430_00
Deleting the folders that have been archived...
Completed processing: scene0430_00
------------------------
All scenes processed successfully!

To extract archives later, use:
dar -R . -O -wa -x color -v -g color
dar -R . -O -wa -x depth -v -g depth
dar -R . -O -wa -x pose -v -g pose
dar -R . -O -wa -x intrinsic -v -g intrinsic
Total running time: 0 minutes and 0 seconds.
Filetype options:  --export_color_images
Number of workers: 4
File 'scene0441_00' not found or not readable, it must be just a scene name.
Processing scenes from: /tmp/tmp.TDnm7F96tF
------------------------
Running in parallel with 4 workers.
xargs: warning: options --max-args and --replace/-I/-i are mutually exclusive, ignoring previous --max-args value
Processing scene: scene0441_00
Deleting the folders that have been archived...
Completed processing: scene0441_00
------------------------
All scenes processed successfully!

To extract archives later, use:
dar -R . -O -wa -x color -v -g color
dar -R . -O -wa -x depth -v -g depth
dar -R . -O -wa -x pose -v -g pose
dar -R . -O -wa -x intrinsic -v -g intrinsic
Total running time: 0 minutes and 0 seconds.
Filetype options:  --export_color_images
Number of workers: 4
File 'scene0462_00' not found or not readable, it must be just a scene name.
Processing scenes from: /tmp/tmp.r3j8mhx0HN
------------------------
Running in parallel with 4 workers.
xargs: warning: options --max-args and --replace/-I/-i are mutually exclusive, ignoring previous --max-args value
Processing scene: scene0462_00
Deleting the folders that have been archived...
Completed processing: scene0462_00
------------------------
All scenes processed successfully!

To extract archives later, use:
dar -R . -O -wa -x color -v -g color
dar -R . -O -wa -x depth -v -g depth
dar -R . -O -wa -x pose -v -g pose
dar -R . -O -wa -x intrinsic -v -g intrinsic
Total running time: 0 minutes and 0 seconds.
Filetype options:  --export_color_images
Number of workers: 4
File 'scene0474_00' not found or not readable, it must be just a scene name.
Processing scenes from: /tmp/tmp.OGZtSZ8r2l
------------------------
Running in parallel with 4 workers.
xargs: warning: options --max-args and --replace/-I/-i are mutually exclusive, ignoring previous --max-args value
Processing scene: scene0474_00
Deleting the folders that have been archived...
Completed processing: scene0474_00
------------------------
All scenes processed successfully!

To extract archives later, use:
dar -R . -O -wa -x color -v -g color
dar -R . -O -wa -x depth -v -g depth
dar -R . -O -wa -x pose -v -g pose
dar -R . -O -wa -x intrinsic -v -g intrinsic
Total running time: 0 minutes and 0 seconds.
Filetype options:  --export_color_images
Number of workers: 4
File 'scene0488_00' not found or not readable, it must be just a scene name.
Processing scenes from: /tmp/tmp.9CBvauapaR
------------------------
Running in parallel with 4 workers.
xargs: warning: options --max-args and --replace/-I/-i are mutually exclusive, ignoring previous --max-args value
Processing scene: scene0488_00
Deleting the folders that have been archived...
Completed processing: scene0488_00
------------------------
All scenes processed successfully!

To extract archives later, use:
dar -R . -O -wa -x color -v -g color
dar -R . -O -wa -x depth -v -g depth
dar -R . -O -wa -x pose -v -g pose
dar -R . -O -wa -x intrinsic -v -g intrinsic
Total running time: 0 minutes and 0 seconds.
Filetype options:  --export_color_images
Number of workers: 4
File 'scene0500_00' not found or not readable, it must be just a scene name.
Processing scenes from: /tmp/tmp.2kcjLlgIVj
------------------------
Running in parallel with 4 workers.
xargs: warning: options --max-args and --replace/-I/-i are mutually exclusive, ignoring previous --max-args value
Processing scene: scene0500_00
Deleting the folders that have been archived...
Completed processing: scene0500_00
------------------------
All scenes processed successfully!

To extract archives later, use:
dar -R . -O -wa -x color -v -g color
dar -R . -O -wa -x depth -v -g depth
dar -R . -O -wa -x pose -v -g pose
dar -R . -O -wa -x intrinsic -v -g intrinsic
Total running time: 0 minutes and 5 seconds.
Filetype options:  --export_color_images
Number of workers: 4
File 'scene0518_00' not found or not readable, it must be just a scene name.
Processing scenes from: /tmp/tmp.8RgdQaFwLS
------------------------
Running in parallel with 4 workers.
xargs: warning: options --max-args and --replace/-I/-i are mutually exclusive, ignoring previous --max-args value
Processing scene: scene0518_00
Deleting the folders that have been archived...
Completed processing: scene0518_00
------------------------
All scenes processed successfully!

To extract archives later, use:
dar -R . -O -wa -x color -v -g color
dar -R . -O -wa -x depth -v -g depth
dar -R . -O -wa -x pose -v -g pose
dar -R . -O -wa -x intrinsic -v -g intrinsic
Total running time: 0 minutes and 0 seconds.
Filetype options:  --export_color_images
Number of workers: 4
File 'scene0527_00' not found or not readable, it must be just a scene name.
Processing scenes from: /tmp/tmp.O7uxHwTyTG
------------------------
Running in parallel with 4 workers.
xargs: warning: options --max-args and --replace/-I/-i are mutually exclusive, ignoring previous --max-args value
Processing scene: scene0527_00
Deleting the folders that have been archived...
Completed processing: scene0527_00
------------------------
All scenes processed successfully!

To extract archives later, use:
dar -R . -O -wa -x color -v -g color
dar -R . -O -wa -x depth -v -g depth
dar -R . -O -wa -x pose -v -g pose
dar -R . -O -wa -x intrinsic -v -g intrinsic
Total running time: 0 minutes and 0 seconds.
Filetype options:  --export_color_images
Number of workers: 4
File 'scene0549_00' not found or not readable, it must be just a scene name.
Processing scenes from: /tmp/tmp.8PJzsyFvKz
------------------------
Running in parallel with 4 workers.
xargs: warning: options --max-args and --replace/-I/-i are mutually exclusive, ignoring previous --max-args value
Processing scene: scene0549_00
Deleting the folders that have been archived...
Completed processing: scene0549_00
------------------------
All scenes processed successfully!

To extract archives later, use:
dar -R . -O -wa -x color -v -g color
dar -R . -O -wa -x depth -v -g depth
dar -R . -O -wa -x pose -v -g pose
dar -R . -O -wa -x intrinsic -v -g intrinsic
Total running time: 0 minutes and 0 seconds.
Filetype options:  --export_color_images
Number of workers: 4
File 'scene0550_00' not found or not readable, it must be just a scene name.
Processing scenes from: /tmp/tmp.zDnxMM4RsX
------------------------
Running in parallel with 4 workers.
xargs: warning: options --max-args and --replace/-I/-i are mutually exclusive, ignoring previous --max-args value
Processing scene: scene0550_00
Deleting the folders that have been archived...
Completed processing: scene0550_00
------------------------
All scenes processed successfully!

To extract archives later, use:
dar -R . -O -wa -x color -v -g color
dar -R . -O -wa -x depth -v -g depth
dar -R . -O -wa -x pose -v -g pose
dar -R . -O -wa -x intrinsic -v -g intrinsic
Total running time: 0 minutes and 0 seconds.
Filetype options:  --export_color_images
Number of workers: 4
File 'scene0552_00' not found or not readable, it must be just a scene name.
Processing scenes from: /tmp/tmp.5Yyp1h6oRL
------------------------
Running in parallel with 4 workers.
xargs: warning: options --max-args and --replace/-I/-i are mutually exclusive, ignoring previous --max-args value
Processing scene: scene0552_00
Deleting the folders that have been archived...
Completed processing: scene0552_00
------------------------
All scenes processed successfully!

To extract archives later, use:
dar -R . -O -wa -x color -v -g color
dar -R . -O -wa -x depth -v -g depth
dar -R . -O -wa -x pose -v -g pose
dar -R . -O -wa -x intrinsic -v -g intrinsic
Total running time: 0 minutes and 0 seconds.
Filetype options:  --export_color_images
Number of workers: 4
File 'scene0553_00' not found or not readable, it must be just a scene name.
Processing scenes from: /tmp/tmp.Gu3r4ldbpz
------------------------
Running in parallel with 4 workers.
xargs: warning: options --max-args and --replace/-I/-i are mutually exclusive, ignoring previous --max-args value
Processing scene: scene0553_00
Deleting the folders that have been archived...
Completed processing: scene0553_00
------------------------
All scenes processed successfully!

To extract archives later, use:
dar -R . -O -wa -x color -v -g color
dar -R . -O -wa -x depth -v -g depth
dar -R . -O -wa -x pose -v -g pose
dar -R . -O -wa -x intrinsic -v -g intrinsic
Total running time: 0 minutes and 0 seconds.
Filetype options:  --export_color_images
Number of workers: 4
File 'scene0558_00' not found or not readable, it must be just a scene name.
Processing scenes from: /tmp/tmp.7ZogsnMFWC
------------------------
Running in parallel with 4 workers.
xargs: warning: options --max-args and --replace/-I/-i are mutually exclusive, ignoring previous --max-args value
Processing scene: scene0558_00
Deleting the folders that have been archived...
Completed processing: scene0558_00
------------------------
All scenes processed successfully!

To extract archives later, use:
dar -R . -O -wa -x color -v -g color
dar -R . -O -wa -x depth -v -g depth
dar -R . -O -wa -x pose -v -g pose
dar -R . -O -wa -x intrinsic -v -g intrinsic
Total running time: 0 minutes and 0 seconds.
Filetype options:  --export_color_images
Number of workers: 4
File 'scene0559_00' not found or not readable, it must be just a scene name.
Processing scenes from: /tmp/tmp.7xlXjRr4nw
------------------------
Running in parallel with 4 workers.
xargs: warning: options --max-args and --replace/-I/-i are mutually exclusive, ignoring previous --max-args value
Processing scene: scene0559_00
Deleting the folders that have been archived...
Completed processing: scene0559_00
------------------------
All scenes processed successfully!

To extract archives later, use:
dar -R . -O -wa -x color -v -g color
dar -R . -O -wa -x depth -v -g depth
dar -R . -O -wa -x pose -v -g pose
dar -R . -O -wa -x intrinsic -v -g intrinsic
Total running time: 0 minutes and 0 seconds.
Filetype options:  --export_color_images
Number of workers: 4
File 'scene0568_00' not found or not readable, it must be just a scene name.
Processing scenes from: /tmp/tmp.6mMdh9z8fw
------------------------
Running in parallel with 4 workers.
xargs: warning: options --max-args and --replace/-I/-i are mutually exclusive, ignoring previous --max-args value
Processing scene: scene0568_00
Deleting the folders that have been archived...
Completed processing: scene0568_00
------------------------
All scenes processed successfully!

To extract archives later, use:
dar -R . -O -wa -x color -v -g color
dar -R . -O -wa -x depth -v -g depth
dar -R . -O -wa -x pose -v -g pose
dar -R . -O -wa -x intrinsic -v -g intrinsic
Total running time: 0 minutes and 0 seconds.
Filetype options:  --export_color_images
Number of workers: 4
File 'scene0580_00' not found or not readable, it must be just a scene name.
Processing scenes from: /tmp/tmp.w14zTvSE3a
------------------------
Running in parallel with 4 workers.
xargs: warning: options --max-args and --replace/-I/-i are mutually exclusive, ignoring previous --max-args value
Processing scene: scene0580_00
Deleting the folders that have been archived...
Completed processing: scene0580_00
------------------------
All scenes processed successfully!

To extract archives later, use:
dar -R . -O -wa -x color -v -g color
dar -R . -O -wa -x depth -v -g depth
dar -R . -O -wa -x pose -v -g pose
dar -R . -O -wa -x intrinsic -v -g intrinsic
Total running time: 0 minutes and 0 seconds.
Filetype options:  --export_color_images
Number of workers: 4
File 'scene0595_00' not found or not readable, it must be just a scene name.
Processing scenes from: /tmp/tmp.jM8SwJ23O0
------------------------
Running in parallel with 4 workers.
xargs: warning: options --max-args and --replace/-I/-i are mutually exclusive, ignoring previous --max-args value
Processing scene: scene0595_00
Deleting the folders that have been archived...
Completed processing: scene0595_00
------------------------
All scenes processed successfully!

To extract archives later, use:
dar -R . -O -wa -x color -v -g color
dar -R . -O -wa -x depth -v -g depth
dar -R . -O -wa -x pose -v -g pose
dar -R . -O -wa -x intrinsic -v -g intrinsic
Total running time: 0 minutes and 0 seconds.
Filetype options:  --export_color_images
Number of workers: 4
File 'scene0598_00' not found or not readable, it must be just a scene name.
Processing scenes from: /tmp/tmp.gSvDJlckOi
------------------------
Running in parallel with 4 workers.
xargs: warning: options --max-args and --replace/-I/-i are mutually exclusive, ignoring previous --max-args value
Processing scene: scene0598_00
Deleting the folders that have been archived...
Completed processing: scene0598_00
------------------------
All scenes processed successfully!

To extract archives later, use:
dar -R . -O -wa -x color -v -g color
dar -R . -O -wa -x depth -v -g depth
dar -R . -O -wa -x pose -v -g pose
dar -R . -O -wa -x intrinsic -v -g intrinsic
Total running time: 0 minutes and 1 seconds.
Filetype options:  --export_color_images
Number of workers: 4
File 'scene0599_00' not found or not readable, it must be just a scene name.
Processing scenes from: /tmp/tmp.hbhI0ehgZ5
------------------------
Running in parallel with 4 workers.
xargs: warning: options --max-args and --replace/-I/-i are mutually exclusive, ignoring previous --max-args value
Processing scene: scene0599_00
Deleting the folders that have been archived...
Completed processing: scene0599_00
------------------------
All scenes processed successfully!

To extract archives later, use:
dar -R . -O -wa -x color -v -g color
dar -R . -O -wa -x depth -v -g depth
dar -R . -O -wa -x pose -v -g pose
dar -R . -O -wa -x intrinsic -v -g intrinsic
Total running time: 0 minutes and 0 seconds.
Filetype options:  --export_color_images
Number of workers: 4
File 'scene0608_00' not found or not readable, it must be just a scene name.
Processing scenes from: /tmp/tmp.YwWdqc7XZJ
------------------------
Running in parallel with 4 workers.
xargs: warning: options --max-args and --replace/-I/-i are mutually exclusive, ignoring previous --max-args value
Processing scene: scene0608_00
Deleting the folders that have been archived...
Completed processing: scene0608_00
------------------------
All scenes processed successfully!

To extract archives later, use:
dar -R . -O -wa -x color -v -g color
dar -R . -O -wa -x depth -v -g depth
dar -R . -O -wa -x pose -v -g pose
dar -R . -O -wa -x intrinsic -v -g intrinsic
Total running time: 0 minutes and 0 seconds.
Filetype options:  --export_color_images
Number of workers: 4
File 'scene0609_00' not found or not readable, it must be just a scene name.
Processing scenes from: /tmp/tmp.C601gHtfzq
------------------------
Running in parallel with 4 workers.
xargs: warning: options --max-args and --replace/-I/-i are mutually exclusive, ignoring previous --max-args value
Processing scene: scene0609_00
Deleting the folders that have been archived...
Completed processing: scene0609_00
------------------------
All scenes processed successfully!

To extract archives later, use:
dar -R . -O -wa -x color -v -g color
dar -R . -O -wa -x depth -v -g depth
dar -R . -O -wa -x pose -v -g pose
dar -R . -O -wa -x intrinsic -v -g intrinsic
Total running time: 0 minutes and 0 seconds.
Filetype options:  --export_color_images
Number of workers: 4
File 'scene0629_00' not found or not readable, it must be just a scene name.
Processing scenes from: /tmp/tmp.VDbRcHJCU0
------------------------
Running in parallel with 4 workers.
xargs: warning: options --max-args and --replace/-I/-i are mutually exclusive, ignoring previous --max-args value
Processing scene: scene0629_00
Deleting the folders that have been archived...
Completed processing: scene0629_00
------------------------
All scenes processed successfully!

To extract archives later, use:
dar -R . -O -wa -x color -v -g color
dar -R . -O -wa -x depth -v -g depth
dar -R . -O -wa -x pose -v -g pose
dar -R . -O -wa -x intrinsic -v -g intrinsic
Total running time: 0 minutes and 0 seconds.
Filetype options:  --export_color_images
Number of workers: 4
File 'scene0643_00' not found or not readable, it must be just a scene name.
Processing scenes from: /tmp/tmp.zzBZaZHpc9
------------------------
Running in parallel with 4 workers.
xargs: warning: options --max-args and --replace/-I/-i are mutually exclusive, ignoring previous --max-args value
Processing scene: scene0643_00
Deleting the folders that have been archived...
Completed processing: scene0643_00
------------------------
All scenes processed successfully!

To extract archives later, use:
dar -R . -O -wa -x color -v -g color
dar -R . -O -wa -x depth -v -g depth
dar -R . -O -wa -x pose -v -g pose
dar -R . -O -wa -x intrinsic -v -g intrinsic
Total running time: 0 minutes and 0 seconds.
Filetype options:  --export_color_images
Number of workers: 4
File 'scene0648_00' not found or not readable, it must be just a scene name.
Processing scenes from: /tmp/tmp.mMaGXTSvJd
------------------------
Running in parallel with 4 workers.
xargs: warning: options --max-args and --replace/-I/-i are mutually exclusive, ignoring previous --max-args value
Processing scene: scene0648_00
Deleting the folders that have been archived...
Completed processing: scene0648_00
------------------------
All scenes processed successfully!

To extract archives later, use:
dar -R . -O -wa -x color -v -g color
dar -R . -O -wa -x depth -v -g depth
dar -R . -O -wa -x pose -v -g pose
dar -R . -O -wa -x intrinsic -v -g intrinsic
Total running time: 0 minutes and 0 seconds.
Filetype options:  --export_color_images
Number of workers: 4
File 'scene0652_00' not found or not readable, it must be just a scene name.
Processing scenes from: /tmp/tmp.dTZuSt6p9r
------------------------
Running in parallel with 4 workers.
xargs: warning: options --max-args and --replace/-I/-i are mutually exclusive, ignoring previous --max-args value
Processing scene: scene0652_00
Deleting the folders that have been archived...
Completed processing: scene0652_00
------------------------
All scenes processed successfully!

To extract archives later, use:
dar -R . -O -wa -x color -v -g color
dar -R . -O -wa -x depth -v -g depth
dar -R . -O -wa -x pose -v -g pose
dar -R . -O -wa -x intrinsic -v -g intrinsic
Total running time: 0 minutes and 0 seconds.
Filetype options:  --export_color_images
Number of workers: 4
File 'scene0655_00' not found or not readable, it must be just a scene name.
Processing scenes from: /tmp/tmp.X9tIB5KUj2
------------------------
Running in parallel with 4 workers.
xargs: warning: options --max-args and --replace/-I/-i are mutually exclusive, ignoring previous --max-args value
Processing scene: scene0655_00
Deleting the folders that have been archived...
Completed processing: scene0655_00
------------------------
All scenes processed successfully!

To extract archives later, use:
dar -R . -O -wa -x color -v -g color
dar -R . -O -wa -x depth -v -g depth
dar -R . -O -wa -x pose -v -g pose
dar -R . -O -wa -x intrinsic -v -g intrinsic
Total running time: 0 minutes and 0 seconds.
Filetype options:  --export_color_images
Number of workers: 4
File 'scene0658_00' not found or not readable, it must be just a scene name.
Processing scenes from: /tmp/tmp.Z5PDPZbqe7
------------------------
Running in parallel with 4 workers.
xargs: warning: options --max-args and --replace/-I/-i are mutually exclusive, ignoring previous --max-args value
Processing scene: scene0658_00
Deleting the folders that have been archived...
Completed processing: scene0658_00
------------------------
All scenes processed successfully!

To extract archives later, use:
dar -R . -O -wa -x color -v -g color
dar -R . -O -wa -x depth -v -g depth
dar -R . -O -wa -x pose -v -g pose
dar -R . -O -wa -x intrinsic -v -g intrinsic
Total running time: 0 minutes and 0 seconds.
Filetype options:  --export_color_images
Number of workers: 4
File 'scene0663_00' not found or not readable, it must be just a scene name.
Processing scenes from: /tmp/tmp.3wPj7VyHwI
------------------------
Running in parallel with 4 workers.
xargs: warning: options --max-args and --replace/-I/-i are mutually exclusive, ignoring previous --max-args value
Processing scene: scene0663_00
Deleting the folders that have been archived...
Completed processing: scene0663_00
------------------------
All scenes processed successfully!

To extract archives later, use:
dar -R . -O -wa -x color -v -g color
dar -R . -O -wa -x depth -v -g depth
dar -R . -O -wa -x pose -v -g pose
dar -R . -O -wa -x intrinsic -v -g intrinsic
Total running time: 0 minutes and 0 seconds.
Filetype options:  --export_color_images
Number of workers: 4
File 'scene0665_00' not found or not readable, it must be just a scene name.
Processing scenes from: /tmp/tmp.HiO0qOkg7O
------------------------
Running in parallel with 4 workers.
xargs: warning: options --max-args and --replace/-I/-i are mutually exclusive, ignoring previous --max-args value
Processing scene: scene0665_00
Deleting the folders that have been archived...
Completed processing: scene0665_00
------------------------
All scenes processed successfully!

To extract archives later, use:
dar -R . -O -wa -x color -v -g color
dar -R . -O -wa -x depth -v -g depth
dar -R . -O -wa -x pose -v -g pose
dar -R . -O -wa -x intrinsic -v -g intrinsic
Total running time: 0 minutes and 0 seconds.
Filetype options:  --export_color_images
Number of workers: 4
File 'scene0670_00' not found or not readable, it must be just a scene name.
Processing scenes from: /tmp/tmp.XA1DgAsUBu
------------------------
Running in parallel with 4 workers.
xargs: warning: options --max-args and --replace/-I/-i are mutually exclusive, ignoring previous --max-args value
Processing scene: scene0670_00
Deleting the folders that have been archived...
Completed processing: scene0670_00
------------------------
All scenes processed successfully!

To extract archives later, use:
dar -R . -O -wa -x color -v -g color
dar -R . -O -wa -x depth -v -g depth
dar -R . -O -wa -x pose -v -g pose
dar -R . -O -wa -x intrinsic -v -g intrinsic
Total running time: 0 minutes and 0 seconds.
Filetype options:  --export_color_images
Number of workers: 4
File 'scene0671_00' not found or not readable, it must be just a scene name.
Processing scenes from: /tmp/tmp.eRbV5EcoGo
------------------------
Running in parallel with 4 workers.
xargs: warning: options --max-args and --replace/-I/-i are mutually exclusive, ignoring previous --max-args value
Processing scene: scene0671_00
Deleting the folders that have been archived...
Completed processing: scene0671_00
------------------------
All scenes processed successfully!

To extract archives later, use:
dar -R . -O -wa -x color -v -g color
dar -R . -O -wa -x depth -v -g depth
dar -R . -O -wa -x pose -v -g pose
dar -R . -O -wa -x intrinsic -v -g intrinsic
Total running time: 0 minutes and 0 seconds.
Filetype options:  --export_color_images
Number of workers: 4
File 'scene0693_00' not found or not readable, it must be just a scene name.
Processing scenes from: /tmp/tmp.5DctGls56t
------------------------
Running in parallel with 4 workers.
xargs: warning: options --max-args and --replace/-I/-i are mutually exclusive, ignoring previous --max-args value
Processing scene: scene0693_00
Deleting the folders that have been archived...
Completed processing: scene0693_00
------------------------
All scenes processed successfully!

To extract archives later, use:
dar -R . -O -wa -x color -v -g color
dar -R . -O -wa -x depth -v -g depth
dar -R . -O -wa -x pose -v -g pose
dar -R . -O -wa -x intrinsic -v -g intrinsic
Total running time: 0 minutes and 0 seconds.
Filetype options:  --export_color_images
Number of workers: 4
File 'scene0695_00' not found or not readable, it must be just a scene name.
Processing scenes from: /tmp/tmp.0RXwrJDoR0
------------------------
Running in parallel with 4 workers.
xargs: warning: options --max-args and --replace/-I/-i are mutually exclusive, ignoring previous --max-args value
Processing scene: scene0695_00
Deleting the folders that have been archived...
Completed processing: scene0695_00
------------------------
All scenes processed successfully!

To extract archives later, use:
dar -R . -O -wa -x color -v -g color
dar -R . -O -wa -x depth -v -g depth
dar -R . -O -wa -x pose -v -g pose
dar -R . -O -wa -x intrinsic -v -g intrinsic
Total running time: 0 minutes and 0 seconds.
Filetype options:  --export_color_images
Number of workers: 4
File 'scene0696_00' not found or not readable, it must be just a scene name.
Processing scenes from: /tmp/tmp.hCR3pSrIB2
------------------------
Running in parallel with 4 workers.
xargs: warning: options --max-args and --replace/-I/-i are mutually exclusive, ignoring previous --max-args value
Processing scene: scene0696_00
Deleting the folders that have been archived...
Completed processing: scene0696_00
------------------------
All scenes processed successfully!

To extract archives later, use:
dar -R . -O -wa -x color -v -g color
dar -R . -O -wa -x depth -v -g depth
dar -R . -O -wa -x pose -v -g pose
dar -R . -O -wa -x intrinsic -v -g intrinsic
Total running time: 0 minutes and 0 seconds.
Filetype options:  --export_color_images
Number of workers: 4
File 'scene0697_00' not found or not readable, it must be just a scene name.
Processing scenes from: /tmp/tmp.vjwWAVFABw
------------------------
Running in parallel with 4 workers.
xargs: warning: options --max-args and --replace/-I/-i are mutually exclusive, ignoring previous --max-args value
Processing scene: scene0697_00
Deleting the folders that have been archived...
Completed processing: scene0697_00
------------------------
All scenes processed successfully!

To extract archives later, use:
dar -R . -O -wa -x color -v -g color
dar -R . -O -wa -x depth -v -g depth
dar -R . -O -wa -x pose -v -g pose
dar -R . -O -wa -x intrinsic -v -g intrinsic
Total running time: 0 minutes and 0 seconds.
Filetype options:  --export_color_images
Number of workers: 4
File 'scene0699_00' not found or not readable, it must be just a scene name.
Processing scenes from: /tmp/tmp.XTQmekSwhy
------------------------
Running in parallel with 4 workers.
xargs: warning: options --max-args and --replace/-I/-i are mutually exclusive, ignoring previous --max-args value
Processing scene: scene0699_00
Deleting the folders that have been archived...
Completed processing: scene0699_00
------------------------
All scenes processed successfully!

To extract archives later, use:
dar -R . -O -wa -x color -v -g color
dar -R . -O -wa -x depth -v -g depth
dar -R . -O -wa -x pose -v -g pose
dar -R . -O -wa -x intrinsic -v -g intrinsic
Total running time: 0 minutes and 0 seconds.
args:  Namespace(cluster_name='TRILLIUM', question_file='/scratch/indrisch//vllm_experiments/data/sqa-3d/ScanQA_format/SQA_650_formatted_LLaVa3d_annotations.json', answer_file='/scratch/indrisch//vllm_experiments/data/sqa-3d/ScanQA_format/SQA_650_formatted_LLaVa3d_answers.json', image_folder='/scratch/indrisch/vllm_experiments/data/ScanNet/scans', export_json='/scratch/indrisch/vllm_experiments/data_support/ScanNet/SensReader/python/SQA3D_dataset_details_noslurm_trillium_1of1.json', traces_json='/scratch/indrisch//vllm_experiments/kimi_vl_a3b_thinking_2506/kimivl_3d_test/experiments/SQA3D/650/SQA_650_formatted_LLaVa3d_pred-answers.json', overwrite_existing_json=False, model_path='Qwen/Qwen3-4B-Thinking-2507', device='cpu', sample_rate=15, num_chunks=1, chunk_idx=0, mc_traces=4, batch_size=-1, sort_by_scene=False, tensor_parallel_size=1)
Cluster name:  TRILLIUM
['/scratch/indrisch/vllm_experiments/kimi_vl_a3b_thinking_2506/kimivl_3d_test', '/scratch/indrisch/vllm_experiments/data_support/ScanNet/SensReader/python', '/cvmfs/soft.computecanada.ca/custom/python/site-packages', '/scratch/indrisch/vllm_experiments/kimi_vl_a3b_thinking_2506/kimivl_3d_test', '/cvmfs/soft.computecanada.ca/easybuild/software/2023/x86-64-v4/Compiler/gcccore/python/3.12.4/lib/python312.zip', '/cvmfs/soft.computecanada.ca/easybuild/software/2023/x86-64-v4/Compiler/gcccore/python/3.12.4/lib/python3.12', '/cvmfs/soft.computecanada.ca/easybuild/software/2023/x86-64-v4/Compiler/gcccore/python/3.12.4/lib/python3.12/lib-dynload', '/scratch/indrisch/env/lib/python3.12/site-packages']
HF_HOME:  /scratch/indrisch/huggingface/hub
HF_HUB_CACHE:  /scratch/indrisch/huggingface/hub
HF_HUB_DISABLE_XET:  1
getting current chunk of scenes...
this run is using chunk 0 of 1
Number of scenes being used in this run:  650
scenes:  ['scene0015_00', 'scene0025_00', 'scene0046_00', 'scene0050_00', 'scene0084_00', 'scene0086_00', 'scene0100_00', 'scene0139_00', 'scene0146_00', 'scene0153_00', 'scene0169_00', 'scene0203_00', 'scene0208_00', 'scene0221_00', 'scene0222_00', 'scene0231_00', 'scene0246_00', 'scene0256_00', 'scene0257_00', 'scene0278_00', 'scene0300_00', 'scene0338_00', 'scene0351_00', 'scene0353_00', 'scene0354_00', 'scene0355_00', 'scene0377_00', 'scene0378_00', 'scene0382_00', 'scene0389_00', 'scene0406_00', 'scene0412_00', 'scene0414_00', 'scene0426_00', 'scene0427_00', 'scene0435_00', 'scene0458_00', 'scene0490_00', 'scene0494_00', 'scene0496_00', 'scene0535_00', 'scene0565_00', 'scene0574_00', 'scene0575_00', 'scene0578_00', 'scene0583_00', 'scene0591_00', 'scene0593_00', 'scene0606_00', 'scene0607_00', 'scene0616_00', 'scene0618_00', 'scene0621_00', 'scene0633_00', 'scene0644_00', 'scene0645_00', 'scene0651_00', 'scene0653_00', 'scene0664_00', 'scene0678_00', 'scene0685_00', 'scene0686_00', 'scene0689_00', 'scene0690_00', 'scene0700_00', 'scene0702_00', 'scene0704_00', 'scene0000_00', 'scene0001_00', 'scene0002_00', 'scene0003_00', 'scene0004_00', 'scene0005_00', 'scene0006_00', 'scene0008_00', 'scene0009_00', 'scene0010_00', 'scene0012_00', 'scene0014_00', 'scene0016_00', 'scene0017_00', 'scene0018_00', 'scene0020_00', 'scene0021_00', 'scene0022_00', 'scene0023_00', 'scene0024_00', 'scene0026_00', 'scene0027_00', 'scene0028_00', 'scene0029_00', 'scene0031_00', 'scene0032_00', 'scene0033_00', 'scene0034_00', 'scene0035_00', 'scene0036_00', 'scene0037_00', 'scene0038_00', 'scene0039_00', 'scene0040_00', 'scene0041_00', 'scene0042_00', 'scene0043_00', 'scene0045_00', 'scene0047_00', 'scene0048_00', 'scene0049_00', 'scene0051_00', 'scene0052_00', 'scene0053_00', 'scene0054_00', 'scene0055_00', 'scene0056_00', 'scene0057_00', 'scene0058_00', 'scene0059_00', 'scene0060_00', 'scene0061_00', 'scene0062_00', 'scene0065_00', 'scene0066_00', 'scene0067_00', 'scene0068_00', 'scene0070_00', 'scene0072_00', 'scene0073_00', 'scene0075_00', 'scene0076_00', 'scene0078_00', 'scene0079_00', 'scene0080_00', 'scene0082_00', 'scene0083_00', 'scene0085_00', 'scene0087_00', 'scene0089_00', 'scene0090_00', 'scene0091_00', 'scene0092_00', 'scene0093_00', 'scene0094_00', 'scene0096_00', 'scene0097_00', 'scene0098_00', 'scene0101_00', 'scene0102_00', 'scene0103_00', 'scene0104_00', 'scene0105_00', 'scene0106_00', 'scene0107_00', 'scene0108_00', 'scene0109_00', 'scene0110_00', 'scene0111_00', 'scene0112_00', 'scene0114_00', 'scene0115_00', 'scene0116_00', 'scene0117_00', 'scene0118_00', 'scene0119_00', 'scene0120_00', 'scene0121_00', 'scene0122_00', 'scene0123_00', 'scene0124_00', 'scene0126_00', 'scene0127_00', 'scene0128_00', 'scene0129_00', 'scene0130_00', 'scene0132_00', 'scene0133_00', 'scene0134_00', 'scene0135_00', 'scene0136_00', 'scene0137_00', 'scene0138_00', 'scene0140_00', 'scene0141_00', 'scene0142_00', 'scene0143_00', 'scene0145_00', 'scene0147_00', 'scene0150_00', 'scene0151_00', 'scene0152_00', 'scene0155_00', 'scene0156_00', 'scene0157_00', 'scene0158_00', 'scene0159_00', 'scene0160_00', 'scene0162_00', 'scene0163_00', 'scene0165_00', 'scene0166_00', 'scene0167_00', 'scene0168_00', 'scene0170_00', 'scene0171_00', 'scene0172_00', 'scene0173_00', 'scene0174_00', 'scene0175_00', 'scene0177_00', 'scene0178_00', 'scene0179_00', 'scene0180_00', 'scene0181_00', 'scene0184_00', 'scene0185_00', 'scene0186_00', 'scene0188_00', 'scene0189_00', 'scene0191_00', 'scene0194_00', 'scene0195_00', 'scene0197_00', 'scene0198_00', 'scene0199_00', 'scene0200_00', 'scene0201_00', 'scene0202_00', 'scene0204_00', 'scene0206_00', 'scene0209_00', 'scene0210_00', 'scene0211_00', 'scene0212_00', 'scene0213_00', 'scene0214_00', 'scene0215_00', 'scene0218_00', 'scene0220_00', 'scene0223_00', 'scene0224_00', 'scene0225_00', 'scene0226_00', 'scene0227_00', 'scene0229_00', 'scene0230_00', 'scene0232_00', 'scene0233_00', 'scene0234_00', 'scene0235_00', 'scene0236_00', 'scene0237_00', 'scene0238_00', 'scene0239_00', 'scene0240_00', 'scene0241_00', 'scene0242_00', 'scene0243_00', 'scene0244_00', 'scene0245_00', 'scene0247_00', 'scene0248_00', 'scene0250_00', 'scene0252_00', 'scene0253_00', 'scene0254_00', 'scene0255_00', 'scene0258_00', 'scene0259_00', 'scene0260_00', 'scene0261_00', 'scene0262_00', 'scene0263_00', 'scene0264_00', 'scene0265_00', 'scene0266_00', 'scene0267_00', 'scene0268_00', 'scene0270_00', 'scene0271_00', 'scene0272_00', 'scene0273_00', 'scene0274_00', 'scene0275_00', 'scene0276_00', 'scene0279_00', 'scene0280_00', 'scene0281_00', 'scene0282_00', 'scene0283_00', 'scene0284_00', 'scene0285_00', 'scene0286_00', 'scene0287_00', 'scene0288_00', 'scene0289_00', 'scene0291_00', 'scene0292_00', 'scene0294_00', 'scene0295_00', 'scene0296_00', 'scene0297_00', 'scene0298_00', 'scene0299_00', 'scene0301_00', 'scene0302_00', 'scene0303_00', 'scene0305_00', 'scene0306_00', 'scene0308_00', 'scene0309_00', 'scene0310_00', 'scene0311_00', 'scene0312_00', 'scene0313_00', 'scene0315_00', 'scene0317_00', 'scene0319_00', 'scene0320_00', 'scene0321_00', 'scene0322_00', 'scene0323_00', 'scene0324_00', 'scene0325_00', 'scene0326_00', 'scene0327_00', 'scene0330_00', 'scene0331_00', 'scene0332_00', 'scene0333_00', 'scene0335_00', 'scene0336_00', 'scene0339_00', 'scene0340_00', 'scene0341_00', 'scene0344_00', 'scene0345_00', 'scene0346_00', 'scene0347_00', 'scene0348_00', 'scene0350_00', 'scene0352_00', 'scene0358_00', 'scene0359_00', 'scene0361_00', 'scene0362_00', 'scene0363_00', 'scene0364_00', 'scene0365_00', 'scene0366_00', 'scene0367_00', 'scene0368_00', 'scene0369_00', 'scene0370_00', 'scene0371_00', 'scene0372_00', 'scene0373_00', 'scene0374_00', 'scene0375_00', 'scene0376_00', 'scene0379_00', 'scene0380_00', 'scene0383_00', 'scene0384_00', 'scene0385_00', 'scene0386_00', 'scene0387_00', 'scene0388_00', 'scene0390_00', 'scene0391_00', 'scene0392_00', 'scene0393_00', 'scene0394_00', 'scene0395_00', 'scene0396_00', 'scene0397_00', 'scene0398_00', 'scene0399_00', 'scene0400_00', 'scene0401_00', 'scene0402_00', 'scene0403_00', 'scene0404_00', 'scene0407_00', 'scene0409_00', 'scene0410_00', 'scene0411_00', 'scene0413_00', 'scene0415_00', 'scene0416_00', 'scene0417_00', 'scene0418_00', 'scene0419_00', 'scene0420_00', 'scene0422_00', 'scene0424_00', 'scene0425_00', 'scene0428_00', 'scene0429_00', 'scene0431_00', 'scene0433_00', 'scene0434_00', 'scene0436_00', 'scene0437_00', 'scene0438_00', 'scene0439_00', 'scene0440_00', 'scene0442_00', 'scene0443_00', 'scene0445_00', 'scene0446_00', 'scene0447_00', 'scene0448_00', 'scene0449_00', 'scene0450_00', 'scene0451_00', 'scene0452_00', 'scene0453_00', 'scene0455_00', 'scene0456_00', 'scene0457_00', 'scene0459_00', 'scene0460_00', 'scene0463_00', 'scene0464_00', 'scene0465_00', 'scene0466_00', 'scene0467_00', 'scene0468_00', 'scene0469_00', 'scene0470_00', 'scene0472_00', 'scene0473_00', 'scene0475_00', 'scene0476_00', 'scene0477_00', 'scene0478_00', 'scene0479_00', 'scene0480_00', 'scene0481_00', 'scene0482_00', 'scene0483_00', 'scene0485_00', 'scene0486_00', 'scene0487_00', 'scene0489_00', 'scene0492_00', 'scene0493_00', 'scene0495_00', 'scene0497_00', 'scene0498_00', 'scene0499_00', 'scene0501_00', 'scene0502_00', 'scene0503_00', 'scene0504_00', 'scene0505_00', 'scene0506_00', 'scene0507_00', 'scene0508_00', 'scene0509_00', 'scene0510_00', 'scene0511_00', 'scene0512_00', 'scene0513_00', 'scene0514_00', 'scene0515_00', 'scene0516_00', 'scene0517_00', 'scene0519_00', 'scene0520_00', 'scene0521_00', 'scene0522_00', 'scene0523_00', 'scene0524_00', 'scene0525_00', 'scene0528_00', 'scene0529_00', 'scene0530_00', 'scene0532_00', 'scene0533_00', 'scene0534_00', 'scene0536_00', 'scene0537_00', 'scene0538_00', 'scene0539_00', 'scene0540_00', 'scene0541_00', 'scene0542_00', 'scene0544_00', 'scene0545_00', 'scene0546_00', 'scene0547_00', 'scene0548_00', 'scene0551_00', 'scene0554_00', 'scene0555_00', 'scene0556_00', 'scene0557_00', 'scene0560_00', 'scene0562_00', 'scene0563_00', 'scene0564_00', 'scene0566_00', 'scene0567_00', 'scene0569_00', 'scene0570_00', 'scene0571_00', 'scene0572_00', 'scene0573_00', 'scene0576_00', 'scene0577_00', 'scene0579_00', 'scene0581_00', 'scene0582_00', 'scene0584_00', 'scene0585_00', 'scene0586_00', 'scene0588_00', 'scene0589_00', 'scene0590_00', 'scene0592_00', 'scene0594_00', 'scene0596_00', 'scene0597_00', 'scene0600_00', 'scene0601_00', 'scene0602_00', 'scene0603_00', 'scene0604_00', 'scene0605_00', 'scene0610_00', 'scene0611_00', 'scene0612_00', 'scene0613_00', 'scene0614_00', 'scene0615_00', 'scene0617_00', 'scene0619_00', 'scene0620_00', 'scene0622_00', 'scene0623_00', 'scene0624_00', 'scene0625_00', 'scene0626_00', 'scene0627_00', 'scene0628_00', 'scene0630_00', 'scene0631_00', 'scene0634_00', 'scene0635_00', 'scene0637_00', 'scene0639_00', 'scene0640_00', 'scene0641_00', 'scene0642_00', 'scene0646_00', 'scene0649_00', 'scene0650_00', 'scene0654_00', 'scene0656_00', 'scene0657_00', 'scene0661_00', 'scene0662_00', 'scene0666_00', 'scene0667_00', 'scene0668_00', 'scene0672_00', 'scene0673_00', 'scene0674_00', 'scene0675_00', 'scene0676_00', 'scene0677_00', 'scene0679_00', 'scene0680_00', 'scene0681_00', 'scene0682_00', 'scene0683_00', 'scene0687_00', 'scene0688_00', 'scene0691_00', 'scene0692_00', 'scene0694_00', 'scene0698_00', 'scene0703_00', 'scene0705_00', 'scene0706_00', 'scene0011_00', 'scene0019_00', 'scene0030_00', 'scene0063_00', 'scene0064_00', 'scene0077_00', 'scene0081_00', 'scene0088_00', 'scene0095_00', 'scene0131_00', 'scene0144_00', 'scene0149_00', 'scene0164_00', 'scene0187_00', 'scene0196_00', 'scene0207_00', 'scene0217_00', 'scene0249_00', 'scene0251_00', 'scene0277_00', 'scene0307_00', 'scene0314_00', 'scene0316_00', 'scene0328_00', 'scene0329_00', 'scene0342_00', 'scene0343_00', 'scene0356_00', 'scene0357_00', 'scene0430_00', 'scene0441_00', 'scene0462_00', 'scene0474_00', 'scene0488_00', 'scene0500_00', 'scene0518_00', 'scene0527_00', 'scene0549_00', 'scene0550_00', 'scene0552_00', 'scene0553_00', 'scene0558_00', 'scene0559_00', 'scene0568_00', 'scene0580_00', 'scene0595_00', 'scene0598_00', 'scene0599_00', 'scene0608_00', 'scene0609_00', 'scene0629_00', 'scene0643_00', 'scene0648_00', 'scene0652_00', 'scene0655_00', 'scene0658_00', 'scene0663_00', 'scene0665_00', 'scene0670_00', 'scene0671_00', 'scene0693_00', 'scene0695_00', 'scene0696_00', 'scene0697_00', 'scene0699_00']
========== Processing scene: scene0015_00 ==========
Scene scene0015_00 already has been processed. Skipping, and deleting the folders.
running:  /scratch/indrisch//vllm_experiments/data_support/ScanNet/SensReader/python/create_dars.sh scene0015_00 --delete_folders --num_workers 4 --export_color_images
========== Processing scene: scene0025_00 ==========
Scene scene0025_00 already has been processed. Skipping, and deleting the folders.
running:  /scratch/indrisch//vllm_experiments/data_support/ScanNet/SensReader/python/create_dars.sh scene0025_00 --delete_folders --num_workers 4 --export_color_images
========== Processing scene: scene0046_00 ==========
Scene scene0046_00 already has been processed. Skipping, and deleting the folders.
running:  /scratch/indrisch//vllm_experiments/data_support/ScanNet/SensReader/python/create_dars.sh scene0046_00 --delete_folders --num_workers 4 --export_color_images
========== Processing scene: scene0050_00 ==========
Scene scene0050_00 already has been processed. Skipping, and deleting the folders.
running:  /scratch/indrisch//vllm_experiments/data_support/ScanNet/SensReader/python/create_dars.sh scene0050_00 --delete_folders --num_workers 4 --export_color_images
========== Processing scene: scene0084_00 ==========
Scene scene0084_00 already has been processed. Skipping, and deleting the folders.
running:  /scratch/indrisch//vllm_experiments/data_support/ScanNet/SensReader/python/create_dars.sh scene0084_00 --delete_folders --num_workers 4 --export_color_images
========== Processing scene: scene0086_00 ==========
Scene scene0086_00 already has been processed. Skipping, and deleting the folders.
running:  /scratch/indrisch//vllm_experiments/data_support/ScanNet/SensReader/python/create_dars.sh scene0086_00 --delete_folders --num_workers 4 --export_color_images
========== Processing scene: scene0100_00 ==========
Scene scene0100_00 already has been processed. Skipping, and deleting the folders.
running:  /scratch/indrisch//vllm_experiments/data_support/ScanNet/SensReader/python/create_dars.sh scene0100_00 --delete_folders --num_workers 4 --export_color_images
========== Processing scene: scene0139_00 ==========
Scene scene0139_00 already has been processed. Skipping, and deleting the folders.
running:  /scratch/indrisch//vllm_experiments/data_support/ScanNet/SensReader/python/create_dars.sh scene0139_00 --delete_folders --num_workers 4 --export_color_images
========== Processing scene: scene0146_00 ==========
Scene scene0146_00 already has been processed. Skipping, and deleting the folders.
running:  /scratch/indrisch//vllm_experiments/data_support/ScanNet/SensReader/python/create_dars.sh scene0146_00 --delete_folders --num_workers 4 --export_color_images
========== Processing scene: scene0153_00 ==========
Scene scene0153_00 already has been processed. Skipping, and deleting the folders.
running:  /scratch/indrisch//vllm_experiments/data_support/ScanNet/SensReader/python/create_dars.sh scene0153_00 --delete_folders --num_workers 4 --export_color_images
========== Processing scene: scene0169_00 ==========
Scene scene0169_00 already has been processed. Skipping, and deleting the folders.
running:  /scratch/indrisch//vllm_experiments/data_support/ScanNet/SensReader/python/create_dars.sh scene0169_00 --delete_folders --num_workers 4 --export_color_images
========== Processing scene: scene0203_00 ==========
Scene scene0203_00 already has been processed. Skipping, and deleting the folders.
running:  /scratch/indrisch//vllm_experiments/data_support/ScanNet/SensReader/python/create_dars.sh scene0203_00 --delete_folders --num_workers 4 --export_color_images
========== Processing scene: scene0208_00 ==========
Scene scene0208_00 already has been processed. Skipping, and deleting the folders.
running:  /scratch/indrisch//vllm_experiments/data_support/ScanNet/SensReader/python/create_dars.sh scene0208_00 --delete_folders --num_workers 4 --export_color_images
========== Processing scene: scene0221_00 ==========
Scene scene0221_00 already has been processed. Skipping, and deleting the folders.
running:  /scratch/indrisch//vllm_experiments/data_support/ScanNet/SensReader/python/create_dars.sh scene0221_00 --delete_folders --num_workers 4 --export_color_images
========== Processing scene: scene0222_00 ==========
Scene scene0222_00 already has been processed. Skipping, and deleting the folders.
running:  /scratch/indrisch//vllm_experiments/data_support/ScanNet/SensReader/python/create_dars.sh scene0222_00 --delete_folders --num_workers 4 --export_color_images
========== Processing scene: scene0231_00 ==========
Scene scene0231_00 already has been processed. Skipping, and deleting the folders.
running:  /scratch/indrisch//vllm_experiments/data_support/ScanNet/SensReader/python/create_dars.sh scene0231_00 --delete_folders --num_workers 4 --export_color_images
========== Processing scene: scene0246_00 ==========
Scene scene0246_00 already has been processed. Skipping, and deleting the folders.
running:  /scratch/indrisch//vllm_experiments/data_support/ScanNet/SensReader/python/create_dars.sh scene0246_00 --delete_folders --num_workers 4 --export_color_images
========== Processing scene: scene0256_00 ==========
Scene scene0256_00 already has been processed. Skipping, and deleting the folders.
running:  /scratch/indrisch//vllm_experiments/data_support/ScanNet/SensReader/python/create_dars.sh scene0256_00 --delete_folders --num_workers 4 --export_color_images
========== Processing scene: scene0257_00 ==========
Scene scene0257_00 already has been processed. Skipping, and deleting the folders.
running:  /scratch/indrisch//vllm_experiments/data_support/ScanNet/SensReader/python/create_dars.sh scene0257_00 --delete_folders --num_workers 4 --export_color_images
========== Processing scene: scene0278_00 ==========
Scene scene0278_00 already has been processed. Skipping, and deleting the folders.
running:  /scratch/indrisch//vllm_experiments/data_support/ScanNet/SensReader/python/create_dars.sh scene0278_00 --delete_folders --num_workers 4 --export_color_images
========== Processing scene: scene0300_00 ==========
Scene scene0300_00 already has been processed. Skipping, and deleting the folders.
running:  /scratch/indrisch//vllm_experiments/data_support/ScanNet/SensReader/python/create_dars.sh scene0300_00 --delete_folders --num_workers 4 --export_color_images
========== Processing scene: scene0338_00 ==========
Scene scene0338_00 already has been processed. Skipping, and deleting the folders.
running:  /scratch/indrisch//vllm_experiments/data_support/ScanNet/SensReader/python/create_dars.sh scene0338_00 --delete_folders --num_workers 4 --export_color_images
========== Processing scene: scene0351_00 ==========
Scene scene0351_00 already has been processed. Skipping, and deleting the folders.
running:  /scratch/indrisch//vllm_experiments/data_support/ScanNet/SensReader/python/create_dars.sh scene0351_00 --delete_folders --num_workers 4 --export_color_images
========== Processing scene: scene0353_00 ==========
Scene scene0353_00 already has been processed. Skipping, and deleting the folders.
running:  /scratch/indrisch//vllm_experiments/data_support/ScanNet/SensReader/python/create_dars.sh scene0353_00 --delete_folders --num_workers 4 --export_color_images
========== Processing scene: scene0354_00 ==========
Scene scene0354_00 already has been processed. Skipping, and deleting the folders.
running:  /scratch/indrisch//vllm_experiments/data_support/ScanNet/SensReader/python/create_dars.sh scene0354_00 --delete_folders --num_workers 4 --export_color_images
========== Processing scene: scene0355_00 ==========
Scene scene0355_00 already has been processed. Skipping, and deleting the folders.
running:  /scratch/indrisch//vllm_experiments/data_support/ScanNet/SensReader/python/create_dars.sh scene0355_00 --delete_folders --num_workers 4 --export_color_images
========== Processing scene: scene0377_00 ==========
Scene scene0377_00 already has been processed. Skipping, and deleting the folders.
running:  /scratch/indrisch//vllm_experiments/data_support/ScanNet/SensReader/python/create_dars.sh scene0377_00 --delete_folders --num_workers 4 --export_color_images
========== Processing scene: scene0378_00 ==========
Scene scene0378_00 already has been processed. Skipping, and deleting the folders.
running:  /scratch/indrisch//vllm_experiments/data_support/ScanNet/SensReader/python/create_dars.sh scene0378_00 --delete_folders --num_workers 4 --export_color_images
========== Processing scene: scene0382_00 ==========
Scene scene0382_00 already has been processed. Skipping, and deleting the folders.
running:  /scratch/indrisch//vllm_experiments/data_support/ScanNet/SensReader/python/create_dars.sh scene0382_00 --delete_folders --num_workers 4 --export_color_images
========== Processing scene: scene0389_00 ==========
Scene scene0389_00 already has been processed. Skipping, and deleting the folders.
running:  /scratch/indrisch//vllm_experiments/data_support/ScanNet/SensReader/python/create_dars.sh scene0389_00 --delete_folders --num_workers 4 --export_color_images
========== Processing scene: scene0406_00 ==========
Scene scene0406_00 already has been processed. Skipping, and deleting the folders.
running:  /scratch/indrisch//vllm_experiments/data_support/ScanNet/SensReader/python/create_dars.sh scene0406_00 --delete_folders --num_workers 4 --export_color_images
========== Processing scene: scene0412_00 ==========
Scene scene0412_00 already has been processed. Skipping, and deleting the folders.
running:  /scratch/indrisch//vllm_experiments/data_support/ScanNet/SensReader/python/create_dars.sh scene0412_00 --delete_folders --num_workers 4 --export_color_images
========== Processing scene: scene0414_00 ==========
Scene scene0414_00 already has been processed. Skipping, and deleting the folders.
running:  /scratch/indrisch//vllm_experiments/data_support/ScanNet/SensReader/python/create_dars.sh scene0414_00 --delete_folders --num_workers 4 --export_color_images
========== Processing scene: scene0426_00 ==========
Scene scene0426_00 already has been processed. Skipping, and deleting the folders.
running:  /scratch/indrisch//vllm_experiments/data_support/ScanNet/SensReader/python/create_dars.sh scene0426_00 --delete_folders --num_workers 4 --export_color_images
========== Processing scene: scene0427_00 ==========
Scene scene0427_00 already has been processed. Skipping, and deleting the folders.
running:  /scratch/indrisch//vllm_experiments/data_support/ScanNet/SensReader/python/create_dars.sh scene0427_00 --delete_folders --num_workers 4 --export_color_images
========== Processing scene: scene0435_00 ==========
Scene scene0435_00 already has been processed. Skipping, and deleting the folders.
running:  /scratch/indrisch//vllm_experiments/data_support/ScanNet/SensReader/python/create_dars.sh scene0435_00 --delete_folders --num_workers 4 --export_color_images
========== Processing scene: scene0458_00 ==========
Scene scene0458_00 already has been processed. Skipping, and deleting the folders.
running:  /scratch/indrisch//vllm_experiments/data_support/ScanNet/SensReader/python/create_dars.sh scene0458_00 --delete_folders --num_workers 4 --export_color_images
========== Processing scene: scene0490_00 ==========
Scene scene0490_00 already has been processed. Skipping, and deleting the folders.
running:  /scratch/indrisch//vllm_experiments/data_support/ScanNet/SensReader/python/create_dars.sh scene0490_00 --delete_folders --num_workers 4 --export_color_images
========== Processing scene: scene0494_00 ==========
Scene scene0494_00 already has been processed. Skipping, and deleting the folders.
running:  /scratch/indrisch//vllm_experiments/data_support/ScanNet/SensReader/python/create_dars.sh scene0494_00 --delete_folders --num_workers 4 --export_color_images
========== Processing scene: scene0496_00 ==========
Scene scene0496_00 already has been processed. Skipping, and deleting the folders.
running:  /scratch/indrisch//vllm_experiments/data_support/ScanNet/SensReader/python/create_dars.sh scene0496_00 --delete_folders --num_workers 4 --export_color_images
========== Processing scene: scene0535_00 ==========
Scene scene0535_00 already has been processed. Skipping, and deleting the folders.
running:  /scratch/indrisch//vllm_experiments/data_support/ScanNet/SensReader/python/create_dars.sh scene0535_00 --delete_folders --num_workers 4 --export_color_images
========== Processing scene: scene0565_00 ==========
Scene scene0565_00 already has been processed. Skipping, and deleting the folders.
running:  /scratch/indrisch//vllm_experiments/data_support/ScanNet/SensReader/python/create_dars.sh scene0565_00 --delete_folders --num_workers 4 --export_color_images
========== Processing scene: scene0574_00 ==========
Scene scene0574_00 already has been processed. Skipping, and deleting the folders.
running:  /scratch/indrisch//vllm_experiments/data_support/ScanNet/SensReader/python/create_dars.sh scene0574_00 --delete_folders --num_workers 4 --export_color_images
========== Processing scene: scene0575_00 ==========
Scene scene0575_00 already has been processed. Skipping, and deleting the folders.
running:  /scratch/indrisch//vllm_experiments/data_support/ScanNet/SensReader/python/create_dars.sh scene0575_00 --delete_folders --num_workers 4 --export_color_images
========== Processing scene: scene0578_00 ==========
Scene scene0578_00 already has been processed. Skipping, and deleting the folders.
running:  /scratch/indrisch//vllm_experiments/data_support/ScanNet/SensReader/python/create_dars.sh scene0578_00 --delete_folders --num_workers 4 --export_color_images
========== Processing scene: scene0583_00 ==========
Scene scene0583_00 already has been processed. Skipping, and deleting the folders.
running:  /scratch/indrisch//vllm_experiments/data_support/ScanNet/SensReader/python/create_dars.sh scene0583_00 --delete_folders --num_workers 4 --export_color_images
========== Processing scene: scene0591_00 ==========
Scene scene0591_00 already has been processed. Skipping, and deleting the folders.
running:  /scratch/indrisch//vllm_experiments/data_support/ScanNet/SensReader/python/create_dars.sh scene0591_00 --delete_folders --num_workers 4 --export_color_images
========== Processing scene: scene0593_00 ==========
Scene scene0593_00 already has been processed. Skipping, and deleting the folders.
running:  /scratch/indrisch//vllm_experiments/data_support/ScanNet/SensReader/python/create_dars.sh scene0593_00 --delete_folders --num_workers 4 --export_color_images
========== Processing scene: scene0606_00 ==========
Scene scene0606_00 already has been processed. Skipping, and deleting the folders.
running:  /scratch/indrisch//vllm_experiments/data_support/ScanNet/SensReader/python/create_dars.sh scene0606_00 --delete_folders --num_workers 4 --export_color_images
========== Processing scene: scene0607_00 ==========
Scene scene0607_00 already has been processed. Skipping, and deleting the folders.
running:  /scratch/indrisch//vllm_experiments/data_support/ScanNet/SensReader/python/create_dars.sh scene0607_00 --delete_folders --num_workers 4 --export_color_images
========== Processing scene: scene0616_00 ==========
Scene scene0616_00 already has been processed. Skipping, and deleting the folders.
running:  /scratch/indrisch//vllm_experiments/data_support/ScanNet/SensReader/python/create_dars.sh scene0616_00 --delete_folders --num_workers 4 --export_color_images
========== Processing scene: scene0618_00 ==========
Scene scene0618_00 already has been processed. Skipping, and deleting the folders.
running:  /scratch/indrisch//vllm_experiments/data_support/ScanNet/SensReader/python/create_dars.sh scene0618_00 --delete_folders --num_workers 4 --export_color_images
========== Processing scene: scene0621_00 ==========
Scene scene0621_00 already has been processed. Skipping, and deleting the folders.
running:  /scratch/indrisch//vllm_experiments/data_support/ScanNet/SensReader/python/create_dars.sh scene0621_00 --delete_folders --num_workers 4 --export_color_images
========== Processing scene: scene0633_00 ==========
Scene scene0633_00 already has been processed. Skipping, and deleting the folders.
running:  /scratch/indrisch//vllm_experiments/data_support/ScanNet/SensReader/python/create_dars.sh scene0633_00 --delete_folders --num_workers 4 --export_color_images
========== Processing scene: scene0644_00 ==========
Scene scene0644_00 already has been processed. Skipping, and deleting the folders.
running:  /scratch/indrisch//vllm_experiments/data_support/ScanNet/SensReader/python/create_dars.sh scene0644_00 --delete_folders --num_workers 4 --export_color_images
========== Processing scene: scene0645_00 ==========
Scene scene0645_00 already has been processed. Skipping, and deleting the folders.
running:  /scratch/indrisch//vllm_experiments/data_support/ScanNet/SensReader/python/create_dars.sh scene0645_00 --delete_folders --num_workers 4 --export_color_images
========== Processing scene: scene0651_00 ==========
Scene scene0651_00 already has been processed. Skipping, and deleting the folders.
running:  /scratch/indrisch//vllm_experiments/data_support/ScanNet/SensReader/python/create_dars.sh scene0651_00 --delete_folders --num_workers 4 --export_color_images
========== Processing scene: scene0653_00 ==========
Scene scene0653_00 already has been processed. Skipping, and deleting the folders.
running:  /scratch/indrisch//vllm_experiments/data_support/ScanNet/SensReader/python/create_dars.sh scene0653_00 --delete_folders --num_workers 4 --export_color_images
========== Processing scene: scene0664_00 ==========
Scene scene0664_00 already has been processed. Skipping, and deleting the folders.
running:  /scratch/indrisch//vllm_experiments/data_support/ScanNet/SensReader/python/create_dars.sh scene0664_00 --delete_folders --num_workers 4 --export_color_images
========== Processing scene: scene0678_00 ==========
Scene scene0678_00 already has been processed. Skipping, and deleting the folders.
running:  /scratch/indrisch//vllm_experiments/data_support/ScanNet/SensReader/python/create_dars.sh scene0678_00 --delete_folders --num_workers 4 --export_color_images
========== Processing scene: scene0685_00 ==========
Scene scene0685_00 already has been processed. Skipping, and deleting the folders.
running:  /scratch/indrisch//vllm_experiments/data_support/ScanNet/SensReader/python/create_dars.sh scene0685_00 --delete_folders --num_workers 4 --export_color_images
========== Processing scene: scene0686_00 ==========
Scene scene0686_00 already has been processed. Skipping, and deleting the folders.
running:  /scratch/indrisch//vllm_experiments/data_support/ScanNet/SensReader/python/create_dars.sh scene0686_00 --delete_folders --num_workers 4 --export_color_images
========== Processing scene: scene0689_00 ==========
Scene scene0689_00 already has been processed. Skipping, and deleting the folders.
running:  /scratch/indrisch//vllm_experiments/data_support/ScanNet/SensReader/python/create_dars.sh scene0689_00 --delete_folders --num_workers 4 --export_color_images
========== Processing scene: scene0690_00 ==========
Scene scene0690_00 already has been processed. Skipping, and deleting the folders.
running:  /scratch/indrisch//vllm_experiments/data_support/ScanNet/SensReader/python/create_dars.sh scene0690_00 --delete_folders --num_workers 4 --export_color_images
========== Processing scene: scene0700_00 ==========
Scene scene0700_00 already has been processed. Skipping, and deleting the folders.
running:  /scratch/indrisch//vllm_experiments/data_support/ScanNet/SensReader/python/create_dars.sh scene0700_00 --delete_folders --num_workers 4 --export_color_images
========== Processing scene: scene0702_00 ==========
Scene scene0702_00 already has been processed. Skipping, and deleting the folders.
running:  /scratch/indrisch//vllm_experiments/data_support/ScanNet/SensReader/python/create_dars.sh scene0702_00 --delete_folders --num_workers 4 --export_color_images
========== Processing scene: scene0704_00 ==========
Scene scene0704_00 already has been processed. Skipping, and deleting the folders.
running:  /scratch/indrisch//vllm_experiments/data_support/ScanNet/SensReader/python/create_dars.sh scene0704_00 --delete_folders --num_workers 4 --export_color_images
========== Processing scene: scene0000_00 ==========
Scene scene0000_00 already has been processed. Skipping, and deleting the folders.
running:  /scratch/indrisch//vllm_experiments/data_support/ScanNet/SensReader/python/create_dars.sh scene0000_00 --delete_folders --num_workers 4 --export_color_images
========== Processing scene: scene0001_00 ==========
Scene scene0001_00 already has been processed. Skipping, and deleting the folders.
running:  /scratch/indrisch//vllm_experiments/data_support/ScanNet/SensReader/python/create_dars.sh scene0001_00 --delete_folders --num_workers 4 --export_color_images
========== Processing scene: scene0002_00 ==========
Scene scene0002_00 already has been processed. Skipping, and deleting the folders.
running:  /scratch/indrisch//vllm_experiments/data_support/ScanNet/SensReader/python/create_dars.sh scene0002_00 --delete_folders --num_workers 4 --export_color_images
========== Processing scene: scene0003_00 ==========
Scene scene0003_00 already has been processed. Skipping, and deleting the folders.
running:  /scratch/indrisch//vllm_experiments/data_support/ScanNet/SensReader/python/create_dars.sh scene0003_00 --delete_folders --num_workers 4 --export_color_images
========== Processing scene: scene0004_00 ==========
Scene scene0004_00 already has been processed. Skipping, and deleting the folders.
running:  /scratch/indrisch//vllm_experiments/data_support/ScanNet/SensReader/python/create_dars.sh scene0004_00 --delete_folders --num_workers 4 --export_color_images
========== Processing scene: scene0005_00 ==========
Scene scene0005_00 already has been processed. Skipping, and deleting the folders.
running:  /scratch/indrisch//vllm_experiments/data_support/ScanNet/SensReader/python/create_dars.sh scene0005_00 --delete_folders --num_workers 4 --export_color_images
========== Processing scene: scene0006_00 ==========
Scene scene0006_00 already has been processed. Skipping, and deleting the folders.
running:  /scratch/indrisch//vllm_experiments/data_support/ScanNet/SensReader/python/create_dars.sh scene0006_00 --delete_folders --num_workers 4 --export_color_images
========== Processing scene: scene0008_00 ==========
Scene scene0008_00 already has been processed. Skipping, and deleting the folders.
running:  /scratch/indrisch//vllm_experiments/data_support/ScanNet/SensReader/python/create_dars.sh scene0008_00 --delete_folders --num_workers 4 --export_color_images
========== Processing scene: scene0009_00 ==========
Scene scene0009_00 already has been processed. Skipping, and deleting the folders.
running:  /scratch/indrisch//vllm_experiments/data_support/ScanNet/SensReader/python/create_dars.sh scene0009_00 --delete_folders --num_workers 4 --export_color_images
========== Processing scene: scene0010_00 ==========
Scene scene0010_00 already has been processed. Skipping, and deleting the folders.
running:  /scratch/indrisch//vllm_experiments/data_support/ScanNet/SensReader/python/create_dars.sh scene0010_00 --delete_folders --num_workers 4 --export_color_images
========== Processing scene: scene0012_00 ==========
Scene scene0012_00 already has been processed. Skipping, and deleting the folders.
running:  /scratch/indrisch//vllm_experiments/data_support/ScanNet/SensReader/python/create_dars.sh scene0012_00 --delete_folders --num_workers 4 --export_color_images
========== Processing scene: scene0014_00 ==========
Scene scene0014_00 already has been processed. Skipping, and deleting the folders.
running:  /scratch/indrisch//vllm_experiments/data_support/ScanNet/SensReader/python/create_dars.sh scene0014_00 --delete_folders --num_workers 4 --export_color_images
========== Processing scene: scene0016_00 ==========
Scene scene0016_00 already has been processed. Skipping, and deleting the folders.
running:  /scratch/indrisch//vllm_experiments/data_support/ScanNet/SensReader/python/create_dars.sh scene0016_00 --delete_folders --num_workers 4 --export_color_images
========== Processing scene: scene0017_00 ==========
Scene scene0017_00 already has been processed. Skipping, and deleting the folders.
running:  /scratch/indrisch//vllm_experiments/data_support/ScanNet/SensReader/python/create_dars.sh scene0017_00 --delete_folders --num_workers 4 --export_color_images
========== Processing scene: scene0018_00 ==========
Scene scene0018_00 already has been processed. Skipping, and deleting the folders.
running:  /scratch/indrisch//vllm_experiments/data_support/ScanNet/SensReader/python/create_dars.sh scene0018_00 --delete_folders --num_workers 4 --export_color_images
========== Processing scene: scene0020_00 ==========
Scene scene0020_00 already has been processed. Skipping, and deleting the folders.
running:  /scratch/indrisch//vllm_experiments/data_support/ScanNet/SensReader/python/create_dars.sh scene0020_00 --delete_folders --num_workers 4 --export_color_images
========== Processing scene: scene0021_00 ==========
Scene scene0021_00 already has been processed. Skipping, and deleting the folders.
running:  /scratch/indrisch//vllm_experiments/data_support/ScanNet/SensReader/python/create_dars.sh scene0021_00 --delete_folders --num_workers 4 --export_color_images
========== Processing scene: scene0022_00 ==========
Scene scene0022_00 already has been processed. Skipping, and deleting the folders.
running:  /scratch/indrisch//vllm_experiments/data_support/ScanNet/SensReader/python/create_dars.sh scene0022_00 --delete_folders --num_workers 4 --export_color_images
========== Processing scene: scene0023_00 ==========
Scene scene0023_00 already has been processed. Skipping, and deleting the folders.
running:  /scratch/indrisch//vllm_experiments/data_support/ScanNet/SensReader/python/create_dars.sh scene0023_00 --delete_folders --num_workers 4 --export_color_images
========== Processing scene: scene0024_00 ==========
Scene scene0024_00 already has been processed. Skipping, and deleting the folders.
running:  /scratch/indrisch//vllm_experiments/data_support/ScanNet/SensReader/python/create_dars.sh scene0024_00 --delete_folders --num_workers 4 --export_color_images
========== Processing scene: scene0026_00 ==========
Scene scene0026_00 already has been processed. Skipping, and deleting the folders.
running:  /scratch/indrisch//vllm_experiments/data_support/ScanNet/SensReader/python/create_dars.sh scene0026_00 --delete_folders --num_workers 4 --export_color_images
========== Processing scene: scene0027_00 ==========
Scene scene0027_00 already has been processed. Skipping, and deleting the folders.
running:  /scratch/indrisch//vllm_experiments/data_support/ScanNet/SensReader/python/create_dars.sh scene0027_00 --delete_folders --num_workers 4 --export_color_images
========== Processing scene: scene0028_00 ==========
Scene scene0028_00 already has been processed. Skipping, and deleting the folders.
running:  /scratch/indrisch//vllm_experiments/data_support/ScanNet/SensReader/python/create_dars.sh scene0028_00 --delete_folders --num_workers 4 --export_color_images
========== Processing scene: scene0029_00 ==========
Scene scene0029_00 already has been processed. Skipping, and deleting the folders.
running:  /scratch/indrisch//vllm_experiments/data_support/ScanNet/SensReader/python/create_dars.sh scene0029_00 --delete_folders --num_workers 4 --export_color_images
========== Processing scene: scene0031_00 ==========
Scene scene0031_00 already has been processed. Skipping, and deleting the folders.
running:  /scratch/indrisch//vllm_experiments/data_support/ScanNet/SensReader/python/create_dars.sh scene0031_00 --delete_folders --num_workers 4 --export_color_images
========== Processing scene: scene0032_00 ==========
Scene scene0032_00 already has been processed. Skipping, and deleting the folders.
running:  /scratch/indrisch//vllm_experiments/data_support/ScanNet/SensReader/python/create_dars.sh scene0032_00 --delete_folders --num_workers 4 --export_color_images
========== Processing scene: scene0033_00 ==========
Scene scene0033_00 already has been processed. Skipping, and deleting the folders.
running:  /scratch/indrisch//vllm_experiments/data_support/ScanNet/SensReader/python/create_dars.sh scene0033_00 --delete_folders --num_workers 4 --export_color_images
========== Processing scene: scene0034_00 ==========
Scene scene0034_00 already has been processed. Skipping, and deleting the folders.
running:  /scratch/indrisch//vllm_experiments/data_support/ScanNet/SensReader/python/create_dars.sh scene0034_00 --delete_folders --num_workers 4 --export_color_images
========== Processing scene: scene0035_00 ==========
Scene scene0035_00 already has been processed. Skipping, and deleting the folders.
running:  /scratch/indrisch//vllm_experiments/data_support/ScanNet/SensReader/python/create_dars.sh scene0035_00 --delete_folders --num_workers 4 --export_color_images
========== Processing scene: scene0036_00 ==========
Scene scene0036_00 already has been processed. Skipping, and deleting the folders.
running:  /scratch/indrisch//vllm_experiments/data_support/ScanNet/SensReader/python/create_dars.sh scene0036_00 --delete_folders --num_workers 4 --export_color_images
========== Processing scene: scene0037_00 ==========
Scene scene0037_00 already has been processed. Skipping, and deleting the folders.
running:  /scratch/indrisch//vllm_experiments/data_support/ScanNet/SensReader/python/create_dars.sh scene0037_00 --delete_folders --num_workers 4 --export_color_images
========== Processing scene: scene0038_00 ==========
Scene scene0038_00 already has been processed. Skipping, and deleting the folders.
running:  /scratch/indrisch//vllm_experiments/data_support/ScanNet/SensReader/python/create_dars.sh scene0038_00 --delete_folders --num_workers 4 --export_color_images
========== Processing scene: scene0039_00 ==========
Scene scene0039_00 already has been processed. Skipping, and deleting the folders.
running:  /scratch/indrisch//vllm_experiments/data_support/ScanNet/SensReader/python/create_dars.sh scene0039_00 --delete_folders --num_workers 4 --export_color_images
========== Processing scene: scene0040_00 ==========
Scene scene0040_00 already has been processed. Skipping, and deleting the folders.
running:  /scratch/indrisch//vllm_experiments/data_support/ScanNet/SensReader/python/create_dars.sh scene0040_00 --delete_folders --num_workers 4 --export_color_images
========== Processing scene: scene0041_00 ==========
Scene scene0041_00 already has been processed. Skipping, and deleting the folders.
running:  /scratch/indrisch//vllm_experiments/data_support/ScanNet/SensReader/python/create_dars.sh scene0041_00 --delete_folders --num_workers 4 --export_color_images
========== Processing scene: scene0042_00 ==========
Scene scene0042_00 already has been processed. Skipping, and deleting the folders.
running:  /scratch/indrisch//vllm_experiments/data_support/ScanNet/SensReader/python/create_dars.sh scene0042_00 --delete_folders --num_workers 4 --export_color_images
========== Processing scene: scene0043_00 ==========
Scene scene0043_00 already has been processed. Skipping, and deleting the folders.
running:  /scratch/indrisch//vllm_experiments/data_support/ScanNet/SensReader/python/create_dars.sh scene0043_00 --delete_folders --num_workers 4 --export_color_images
========== Processing scene: scene0045_00 ==========
Scene scene0045_00 already has been processed. Skipping, and deleting the folders.
running:  /scratch/indrisch//vllm_experiments/data_support/ScanNet/SensReader/python/create_dars.sh scene0045_00 --delete_folders --num_workers 4 --export_color_images
========== Processing scene: scene0047_00 ==========
Scene scene0047_00 already has been processed. Skipping, and deleting the folders.
running:  /scratch/indrisch//vllm_experiments/data_support/ScanNet/SensReader/python/create_dars.sh scene0047_00 --delete_folders --num_workers 4 --export_color_images
========== Processing scene: scene0048_00 ==========
Scene scene0048_00 already has been processed. Skipping, and deleting the folders.
running:  /scratch/indrisch//vllm_experiments/data_support/ScanNet/SensReader/python/create_dars.sh scene0048_00 --delete_folders --num_workers 4 --export_color_images
========== Processing scene: scene0049_00 ==========
Scene scene0049_00 already has been processed. Skipping, and deleting the folders.
running:  /scratch/indrisch//vllm_experiments/data_support/ScanNet/SensReader/python/create_dars.sh scene0049_00 --delete_folders --num_workers 4 --export_color_images
========== Processing scene: scene0051_00 ==========
Scene scene0051_00 already has been processed. Skipping, and deleting the folders.
running:  /scratch/indrisch//vllm_experiments/data_support/ScanNet/SensReader/python/create_dars.sh scene0051_00 --delete_folders --num_workers 4 --export_color_images
========== Processing scene: scene0052_00 ==========
Scene scene0052_00 already has been processed. Skipping, and deleting the folders.
running:  /scratch/indrisch//vllm_experiments/data_support/ScanNet/SensReader/python/create_dars.sh scene0052_00 --delete_folders --num_workers 4 --export_color_images
========== Processing scene: scene0053_00 ==========
Scene scene0053_00 already has been processed. Skipping, and deleting the folders.
running:  /scratch/indrisch//vllm_experiments/data_support/ScanNet/SensReader/python/create_dars.sh scene0053_00 --delete_folders --num_workers 4 --export_color_images
========== Processing scene: scene0054_00 ==========
Scene scene0054_00 already has been processed. Skipping, and deleting the folders.
running:  /scratch/indrisch//vllm_experiments/data_support/ScanNet/SensReader/python/create_dars.sh scene0054_00 --delete_folders --num_workers 4 --export_color_images
========== Processing scene: scene0055_00 ==========
Scene scene0055_00 already has been processed. Skipping, and deleting the folders.
running:  /scratch/indrisch//vllm_experiments/data_support/ScanNet/SensReader/python/create_dars.sh scene0055_00 --delete_folders --num_workers 4 --export_color_images
========== Processing scene: scene0056_00 ==========
Scene scene0056_00 already has been processed. Skipping, and deleting the folders.
running:  /scratch/indrisch//vllm_experiments/data_support/ScanNet/SensReader/python/create_dars.sh scene0056_00 --delete_folders --num_workers 4 --export_color_images
========== Processing scene: scene0057_00 ==========
Scene scene0057_00 already has been processed. Skipping, and deleting the folders.
running:  /scratch/indrisch//vllm_experiments/data_support/ScanNet/SensReader/python/create_dars.sh scene0057_00 --delete_folders --num_workers 4 --export_color_images
========== Processing scene: scene0058_00 ==========
Scene scene0058_00 already has been processed. Skipping, and deleting the folders.
running:  /scratch/indrisch//vllm_experiments/data_support/ScanNet/SensReader/python/create_dars.sh scene0058_00 --delete_folders --num_workers 4 --export_color_images
========== Processing scene: scene0059_00 ==========
Scene scene0059_00 already has been processed. Skipping, and deleting the folders.
running:  /scratch/indrisch//vllm_experiments/data_support/ScanNet/SensReader/python/create_dars.sh scene0059_00 --delete_folders --num_workers 4 --export_color_images
========== Processing scene: scene0060_00 ==========
Scene scene0060_00 already has been processed. Skipping, and deleting the folders.
running:  /scratch/indrisch//vllm_experiments/data_support/ScanNet/SensReader/python/create_dars.sh scene0060_00 --delete_folders --num_workers 4 --export_color_images
========== Processing scene: scene0061_00 ==========
Scene scene0061_00 already has been processed. Skipping, and deleting the folders.
running:  /scratch/indrisch//vllm_experiments/data_support/ScanNet/SensReader/python/create_dars.sh scene0061_00 --delete_folders --num_workers 4 --export_color_images
========== Processing scene: scene0062_00 ==========
Scene scene0062_00 already has been processed. Skipping, and deleting the folders.
running:  /scratch/indrisch//vllm_experiments/data_support/ScanNet/SensReader/python/create_dars.sh scene0062_00 --delete_folders --num_workers 4 --export_color_images
========== Processing scene: scene0065_00 ==========
Scene scene0065_00 already has been processed. Skipping, and deleting the folders.
running:  /scratch/indrisch//vllm_experiments/data_support/ScanNet/SensReader/python/create_dars.sh scene0065_00 --delete_folders --num_workers 4 --export_color_images
========== Processing scene: scene0066_00 ==========
Scene scene0066_00 already has been processed. Skipping, and deleting the folders.
running:  /scratch/indrisch//vllm_experiments/data_support/ScanNet/SensReader/python/create_dars.sh scene0066_00 --delete_folders --num_workers 4 --export_color_images
========== Processing scene: scene0067_00 ==========
Scene scene0067_00 already has been processed. Skipping, and deleting the folders.
running:  /scratch/indrisch//vllm_experiments/data_support/ScanNet/SensReader/python/create_dars.sh scene0067_00 --delete_folders --num_workers 4 --export_color_images
========== Processing scene: scene0068_00 ==========
Scene scene0068_00 already has been processed. Skipping, and deleting the folders.
running:  /scratch/indrisch//vllm_experiments/data_support/ScanNet/SensReader/python/create_dars.sh scene0068_00 --delete_folders --num_workers 4 --export_color_images
========== Processing scene: scene0070_00 ==========
Scene scene0070_00 already has been processed. Skipping, and deleting the folders.
running:  /scratch/indrisch//vllm_experiments/data_support/ScanNet/SensReader/python/create_dars.sh scene0070_00 --delete_folders --num_workers 4 --export_color_images
========== Processing scene: scene0072_00 ==========
Scene scene0072_00 already has been processed. Skipping, and deleting the folders.
running:  /scratch/indrisch//vllm_experiments/data_support/ScanNet/SensReader/python/create_dars.sh scene0072_00 --delete_folders --num_workers 4 --export_color_images
========== Processing scene: scene0073_00 ==========
Scene scene0073_00 already has been processed. Skipping, and deleting the folders.
running:  /scratch/indrisch//vllm_experiments/data_support/ScanNet/SensReader/python/create_dars.sh scene0073_00 --delete_folders --num_workers 4 --export_color_images
========== Processing scene: scene0075_00 ==========
Scene scene0075_00 already has been processed. Skipping, and deleting the folders.
running:  /scratch/indrisch//vllm_experiments/data_support/ScanNet/SensReader/python/create_dars.sh scene0075_00 --delete_folders --num_workers 4 --export_color_images
========== Processing scene: scene0076_00 ==========
Scene scene0076_00 already has been processed. Skipping, and deleting the folders.
running:  /scratch/indrisch//vllm_experiments/data_support/ScanNet/SensReader/python/create_dars.sh scene0076_00 --delete_folders --num_workers 4 --export_color_images
========== Processing scene: scene0078_00 ==========
Scene scene0078_00 already has been processed. Skipping, and deleting the folders.
running:  /scratch/indrisch//vllm_experiments/data_support/ScanNet/SensReader/python/create_dars.sh scene0078_00 --delete_folders --num_workers 4 --export_color_images
========== Processing scene: scene0079_00 ==========
Scene scene0079_00 already has been processed. Skipping, and deleting the folders.
running:  /scratch/indrisch//vllm_experiments/data_support/ScanNet/SensReader/python/create_dars.sh scene0079_00 --delete_folders --num_workers 4 --export_color_images
========== Processing scene: scene0080_00 ==========
Scene scene0080_00 already has been processed. Skipping, and deleting the folders.
running:  /scratch/indrisch//vllm_experiments/data_support/ScanNet/SensReader/python/create_dars.sh scene0080_00 --delete_folders --num_workers 4 --export_color_images
========== Processing scene: scene0082_00 ==========
Scene scene0082_00 already has been processed. Skipping, and deleting the folders.
running:  /scratch/indrisch//vllm_experiments/data_support/ScanNet/SensReader/python/create_dars.sh scene0082_00 --delete_folders --num_workers 4 --export_color_images
========== Processing scene: scene0083_00 ==========
Scene scene0083_00 already has been processed. Skipping, and deleting the folders.
running:  /scratch/indrisch//vllm_experiments/data_support/ScanNet/SensReader/python/create_dars.sh scene0083_00 --delete_folders --num_workers 4 --export_color_images
========== Processing scene: scene0085_00 ==========
Scene scene0085_00 already has been processed. Skipping, and deleting the folders.
running:  /scratch/indrisch//vllm_experiments/data_support/ScanNet/SensReader/python/create_dars.sh scene0085_00 --delete_folders --num_workers 4 --export_color_images
========== Processing scene: scene0087_00 ==========
Scene scene0087_00 already has been processed. Skipping, and deleting the folders.
running:  /scratch/indrisch//vllm_experiments/data_support/ScanNet/SensReader/python/create_dars.sh scene0087_00 --delete_folders --num_workers 4 --export_color_images
========== Processing scene: scene0089_00 ==========
Scene scene0089_00 already has been processed. Skipping, and deleting the folders.
running:  /scratch/indrisch//vllm_experiments/data_support/ScanNet/SensReader/python/create_dars.sh scene0089_00 --delete_folders --num_workers 4 --export_color_images
========== Processing scene: scene0090_00 ==========
Scene scene0090_00 already has been processed. Skipping, and deleting the folders.
running:  /scratch/indrisch//vllm_experiments/data_support/ScanNet/SensReader/python/create_dars.sh scene0090_00 --delete_folders --num_workers 4 --export_color_images
========== Processing scene: scene0091_00 ==========
Scene scene0091_00 already has been processed. Skipping, and deleting the folders.
running:  /scratch/indrisch//vllm_experiments/data_support/ScanNet/SensReader/python/create_dars.sh scene0091_00 --delete_folders --num_workers 4 --export_color_images
========== Processing scene: scene0092_00 ==========
Scene scene0092_00 already has been processed. Skipping, and deleting the folders.
running:  /scratch/indrisch//vllm_experiments/data_support/ScanNet/SensReader/python/create_dars.sh scene0092_00 --delete_folders --num_workers 4 --export_color_images
========== Processing scene: scene0093_00 ==========
Scene scene0093_00 already has been processed. Skipping, and deleting the folders.
running:  /scratch/indrisch//vllm_experiments/data_support/ScanNet/SensReader/python/create_dars.sh scene0093_00 --delete_folders --num_workers 4 --export_color_images
========== Processing scene: scene0094_00 ==========
Scene scene0094_00 already has been processed. Skipping, and deleting the folders.
running:  /scratch/indrisch//vllm_experiments/data_support/ScanNet/SensReader/python/create_dars.sh scene0094_00 --delete_folders --num_workers 4 --export_color_images
========== Processing scene: scene0096_00 ==========
Scene scene0096_00 already has been processed. Skipping, and deleting the folders.
running:  /scratch/indrisch//vllm_experiments/data_support/ScanNet/SensReader/python/create_dars.sh scene0096_00 --delete_folders --num_workers 4 --export_color_images
========== Processing scene: scene0097_00 ==========
Scene scene0097_00 already has been processed. Skipping, and deleting the folders.
running:  /scratch/indrisch//vllm_experiments/data_support/ScanNet/SensReader/python/create_dars.sh scene0097_00 --delete_folders --num_workers 4 --export_color_images
========== Processing scene: scene0098_00 ==========
Scene scene0098_00 already has been processed. Skipping, and deleting the folders.
running:  /scratch/indrisch//vllm_experiments/data_support/ScanNet/SensReader/python/create_dars.sh scene0098_00 --delete_folders --num_workers 4 --export_color_images
========== Processing scene: scene0101_00 ==========
Scene scene0101_00 already has been processed. Skipping, and deleting the folders.
running:  /scratch/indrisch//vllm_experiments/data_support/ScanNet/SensReader/python/create_dars.sh scene0101_00 --delete_folders --num_workers 4 --export_color_images
========== Processing scene: scene0102_00 ==========
Scene scene0102_00 already has been processed. Skipping, and deleting the folders.
running:  /scratch/indrisch//vllm_experiments/data_support/ScanNet/SensReader/python/create_dars.sh scene0102_00 --delete_folders --num_workers 4 --export_color_images
========== Processing scene: scene0103_00 ==========
Scene scene0103_00 already has been processed. Skipping, and deleting the folders.
running:  /scratch/indrisch//vllm_experiments/data_support/ScanNet/SensReader/python/create_dars.sh scene0103_00 --delete_folders --num_workers 4 --export_color_images
========== Processing scene: scene0104_00 ==========
Scene scene0104_00 already has been processed. Skipping, and deleting the folders.
running:  /scratch/indrisch//vllm_experiments/data_support/ScanNet/SensReader/python/create_dars.sh scene0104_00 --delete_folders --num_workers 4 --export_color_images
========== Processing scene: scene0105_00 ==========
Scene scene0105_00 already has been processed. Skipping, and deleting the folders.
running:  /scratch/indrisch//vllm_experiments/data_support/ScanNet/SensReader/python/create_dars.sh scene0105_00 --delete_folders --num_workers 4 --export_color_images
========== Processing scene: scene0106_00 ==========
Scene scene0106_00 already has been processed. Skipping, and deleting the folders.
running:  /scratch/indrisch//vllm_experiments/data_support/ScanNet/SensReader/python/create_dars.sh scene0106_00 --delete_folders --num_workers 4 --export_color_images
========== Processing scene: scene0107_00 ==========
Scene scene0107_00 already has been processed. Skipping, and deleting the folders.
running:  /scratch/indrisch//vllm_experiments/data_support/ScanNet/SensReader/python/create_dars.sh scene0107_00 --delete_folders --num_workers 4 --export_color_images
========== Processing scene: scene0108_00 ==========
Scene scene0108_00 already has been processed. Skipping, and deleting the folders.
running:  /scratch/indrisch//vllm_experiments/data_support/ScanNet/SensReader/python/create_dars.sh scene0108_00 --delete_folders --num_workers 4 --export_color_images
========== Processing scene: scene0109_00 ==========
Scene scene0109_00 already has been processed. Skipping, and deleting the folders.
running:  /scratch/indrisch//vllm_experiments/data_support/ScanNet/SensReader/python/create_dars.sh scene0109_00 --delete_folders --num_workers 4 --export_color_images
========== Processing scene: scene0110_00 ==========
Scene scene0110_00 already has been processed. Skipping, and deleting the folders.
running:  /scratch/indrisch//vllm_experiments/data_support/ScanNet/SensReader/python/create_dars.sh scene0110_00 --delete_folders --num_workers 4 --export_color_images
========== Processing scene: scene0111_00 ==========
Scene scene0111_00 already has been processed. Skipping, and deleting the folders.
running:  /scratch/indrisch//vllm_experiments/data_support/ScanNet/SensReader/python/create_dars.sh scene0111_00 --delete_folders --num_workers 4 --export_color_images
========== Processing scene: scene0112_00 ==========
Scene scene0112_00 already has been processed. Skipping, and deleting the folders.
running:  /scratch/indrisch//vllm_experiments/data_support/ScanNet/SensReader/python/create_dars.sh scene0112_00 --delete_folders --num_workers 4 --export_color_images
========== Processing scene: scene0114_00 ==========
Scene scene0114_00 already has been processed. Skipping, and deleting the folders.
running:  /scratch/indrisch//vllm_experiments/data_support/ScanNet/SensReader/python/create_dars.sh scene0114_00 --delete_folders --num_workers 4 --export_color_images
========== Processing scene: scene0115_00 ==========
Scene scene0115_00 already has been processed. Skipping, and deleting the folders.
running:  /scratch/indrisch//vllm_experiments/data_support/ScanNet/SensReader/python/create_dars.sh scene0115_00 --delete_folders --num_workers 4 --export_color_images
========== Processing scene: scene0116_00 ==========
Scene scene0116_00 already has been processed. Skipping, and deleting the folders.
running:  /scratch/indrisch//vllm_experiments/data_support/ScanNet/SensReader/python/create_dars.sh scene0116_00 --delete_folders --num_workers 4 --export_color_images
========== Processing scene: scene0117_00 ==========
Scene scene0117_00 already has been processed. Skipping, and deleting the folders.
running:  /scratch/indrisch//vllm_experiments/data_support/ScanNet/SensReader/python/create_dars.sh scene0117_00 --delete_folders --num_workers 4 --export_color_images
========== Processing scene: scene0118_00 ==========
Scene scene0118_00 already has been processed. Skipping, and deleting the folders.
running:  /scratch/indrisch//vllm_experiments/data_support/ScanNet/SensReader/python/create_dars.sh scene0118_00 --delete_folders --num_workers 4 --export_color_images
========== Processing scene: scene0119_00 ==========
Scene scene0119_00 already has been processed. Skipping, and deleting the folders.
running:  /scratch/indrisch//vllm_experiments/data_support/ScanNet/SensReader/python/create_dars.sh scene0119_00 --delete_folders --num_workers 4 --export_color_images
========== Processing scene: scene0120_00 ==========
Scene scene0120_00 already has been processed. Skipping, and deleting the folders.
running:  /scratch/indrisch//vllm_experiments/data_support/ScanNet/SensReader/python/create_dars.sh scene0120_00 --delete_folders --num_workers 4 --export_color_images
========== Processing scene: scene0121_00 ==========
Scene scene0121_00 already has been processed. Skipping, and deleting the folders.
running:  /scratch/indrisch//vllm_experiments/data_support/ScanNet/SensReader/python/create_dars.sh scene0121_00 --delete_folders --num_workers 4 --export_color_images
========== Processing scene: scene0122_00 ==========
Scene scene0122_00 already has been processed. Skipping, and deleting the folders.
running:  /scratch/indrisch//vllm_experiments/data_support/ScanNet/SensReader/python/create_dars.sh scene0122_00 --delete_folders --num_workers 4 --export_color_images
========== Processing scene: scene0123_00 ==========
Scene scene0123_00 already has been processed. Skipping, and deleting the folders.
running:  /scratch/indrisch//vllm_experiments/data_support/ScanNet/SensReader/python/create_dars.sh scene0123_00 --delete_folders --num_workers 4 --export_color_images
========== Processing scene: scene0124_00 ==========
Scene scene0124_00 already has been processed. Skipping, and deleting the folders.
running:  /scratch/indrisch//vllm_experiments/data_support/ScanNet/SensReader/python/create_dars.sh scene0124_00 --delete_folders --num_workers 4 --export_color_images
========== Processing scene: scene0126_00 ==========
Scene scene0126_00 already has been processed. Skipping, and deleting the folders.
running:  /scratch/indrisch//vllm_experiments/data_support/ScanNet/SensReader/python/create_dars.sh scene0126_00 --delete_folders --num_workers 4 --export_color_images
========== Processing scene: scene0127_00 ==========
Scene scene0127_00 already has been processed. Skipping, and deleting the folders.
running:  /scratch/indrisch//vllm_experiments/data_support/ScanNet/SensReader/python/create_dars.sh scene0127_00 --delete_folders --num_workers 4 --export_color_images
========== Processing scene: scene0128_00 ==========
Scene scene0128_00 already has been processed. Skipping, and deleting the folders.
running:  /scratch/indrisch//vllm_experiments/data_support/ScanNet/SensReader/python/create_dars.sh scene0128_00 --delete_folders --num_workers 4 --export_color_images
========== Processing scene: scene0129_00 ==========
Scene scene0129_00 already has been processed. Skipping, and deleting the folders.
running:  /scratch/indrisch//vllm_experiments/data_support/ScanNet/SensReader/python/create_dars.sh scene0129_00 --delete_folders --num_workers 4 --export_color_images
========== Processing scene: scene0130_00 ==========
Scene scene0130_00 already has been processed. Skipping, and deleting the folders.
running:  /scratch/indrisch//vllm_experiments/data_support/ScanNet/SensReader/python/create_dars.sh scene0130_00 --delete_folders --num_workers 4 --export_color_images
========== Processing scene: scene0132_00 ==========
Scene scene0132_00 already has been processed. Skipping, and deleting the folders.
running:  /scratch/indrisch//vllm_experiments/data_support/ScanNet/SensReader/python/create_dars.sh scene0132_00 --delete_folders --num_workers 4 --export_color_images
========== Processing scene: scene0133_00 ==========
Scene scene0133_00 already has been processed. Skipping, and deleting the folders.
running:  /scratch/indrisch//vllm_experiments/data_support/ScanNet/SensReader/python/create_dars.sh scene0133_00 --delete_folders --num_workers 4 --export_color_images
========== Processing scene: scene0134_00 ==========
Scene scene0134_00 already has been processed. Skipping, and deleting the folders.
running:  /scratch/indrisch//vllm_experiments/data_support/ScanNet/SensReader/python/create_dars.sh scene0134_00 --delete_folders --num_workers 4 --export_color_images
========== Processing scene: scene0135_00 ==========
Scene scene0135_00 already has been processed. Skipping, and deleting the folders.
running:  /scratch/indrisch//vllm_experiments/data_support/ScanNet/SensReader/python/create_dars.sh scene0135_00 --delete_folders --num_workers 4 --export_color_images
========== Processing scene: scene0136_00 ==========
Scene scene0136_00 already has been processed. Skipping, and deleting the folders.
running:  /scratch/indrisch//vllm_experiments/data_support/ScanNet/SensReader/python/create_dars.sh scene0136_00 --delete_folders --num_workers 4 --export_color_images
========== Processing scene: scene0137_00 ==========
Scene scene0137_00 already has been processed. Skipping, and deleting the folders.
running:  /scratch/indrisch//vllm_experiments/data_support/ScanNet/SensReader/python/create_dars.sh scene0137_00 --delete_folders --num_workers 4 --export_color_images
========== Processing scene: scene0138_00 ==========
Scene scene0138_00 already has been processed. Skipping, and deleting the folders.
running:  /scratch/indrisch//vllm_experiments/data_support/ScanNet/SensReader/python/create_dars.sh scene0138_00 --delete_folders --num_workers 4 --export_color_images
========== Processing scene: scene0140_00 ==========
Scene scene0140_00 already has been processed. Skipping, and deleting the folders.
running:  /scratch/indrisch//vllm_experiments/data_support/ScanNet/SensReader/python/create_dars.sh scene0140_00 --delete_folders --num_workers 4 --export_color_images
========== Processing scene: scene0141_00 ==========
Scene scene0141_00 already has been processed. Skipping, and deleting the folders.
running:  /scratch/indrisch//vllm_experiments/data_support/ScanNet/SensReader/python/create_dars.sh scene0141_00 --delete_folders --num_workers 4 --export_color_images
========== Processing scene: scene0142_00 ==========
Scene scene0142_00 already has been processed. Skipping, and deleting the folders.
running:  /scratch/indrisch//vllm_experiments/data_support/ScanNet/SensReader/python/create_dars.sh scene0142_00 --delete_folders --num_workers 4 --export_color_images
========== Processing scene: scene0143_00 ==========
Scene scene0143_00 already has been processed. Skipping, and deleting the folders.
running:  /scratch/indrisch//vllm_experiments/data_support/ScanNet/SensReader/python/create_dars.sh scene0143_00 --delete_folders --num_workers 4 --export_color_images
========== Processing scene: scene0145_00 ==========
Scene scene0145_00 already has been processed. Skipping, and deleting the folders.
running:  /scratch/indrisch//vllm_experiments/data_support/ScanNet/SensReader/python/create_dars.sh scene0145_00 --delete_folders --num_workers 4 --export_color_images
========== Processing scene: scene0147_00 ==========
Scene scene0147_00 has not been processed. Processing it.
Color directory already exists for scene scene0147_00.
Number of images in the scene:  1868
running:  /scratch/indrisch//vllm_experiments/data_support/ScanNet/SensReader/python/create_dars.sh scene0147_00 --delete_folders --num_workers 4 --export_color_images
Time taken for scene scene0147_00: 2.60 seconds
cumulative_time:  2.5951943397521973
scene_count:  1
average_time_per_scene:  2.5951943397521973
========== Processing scene: scene0150_00 ==========
Scene scene0150_00 has not been processed. Processing it.
Color directory already exists for scene scene0150_00.
Number of images in the scene:  430
running:  /scratch/indrisch//vllm_experiments/data_support/ScanNet/SensReader/python/create_dars.sh scene0150_00 --delete_folders --num_workers 4 --export_color_images
Time taken for scene scene0150_00: 0.92 seconds
cumulative_time:  3.5164806842803955
scene_count:  2
average_time_per_scene:  1.7582403421401978
========== Processing scene: scene0151_00 ==========
Scene scene0151_00 has not been processed. Processing it.
Color directory already exists for scene scene0151_00.
Number of images in the scene:  4551
running:  /scratch/indrisch//vllm_experiments/data_support/ScanNet/SensReader/python/create_dars.sh scene0151_00 --delete_folders --num_workers 4 --export_color_images
Time taken for scene scene0151_00: 6.65 seconds
cumulative_time:  10.16189455986023
scene_count:  3
average_time_per_scene:  3.3872981866200766
========== Processing scene: scene0152_00 ==========
Scene scene0152_00 has not been processed. Processing it.
Color directory already exists for scene scene0152_00.
Number of images in the scene:  2105
running:  /scratch/indrisch//vllm_experiments/data_support/ScanNet/SensReader/python/create_dars.sh scene0152_00 --delete_folders --num_workers 4 --export_color_images
Time taken for scene scene0152_00: 5.24 seconds
cumulative_time:  15.397823095321655
scene_count:  4
average_time_per_scene:  3.849455773830414
========== Processing scene: scene0155_00 ==========
Scene scene0155_00 has not been processed. Processing it.
Color directory already exists for scene scene0155_00.
Number of images in the scene:  2695
running:  /scratch/indrisch//vllm_experiments/data_support/ScanNet/SensReader/python/create_dars.sh scene0155_00 --delete_folders --num_workers 4 --export_color_images
Time taken for scene scene0155_00: 4.59 seconds
cumulative_time:  19.99234962463379
scene_count:  5
average_time_per_scene:  3.998469924926758
========== Processing scene: scene0156_00 ==========
Scene scene0156_00 has not been processed. Processing it.
Color directory already exists for scene scene0156_00.
Number of images in the scene:  1223
running:  /scratch/indrisch//vllm_experiments/data_support/ScanNet/SensReader/python/create_dars.sh scene0156_00 --delete_folders --num_workers 4 --export_color_images
Time taken for scene scene0156_00: 1.84 seconds
cumulative_time:  21.835751056671143
scene_count:  6
average_time_per_scene:  3.639291842778524
========== Processing scene: scene0157_00 ==========
Scene scene0157_00 has not been processed. Processing it.
Color directory already exists for scene scene0157_00.
Number of images in the scene:  1232
running:  /scratch/indrisch//vllm_experiments/data_support/ScanNet/SensReader/python/create_dars.sh scene0157_00 --delete_folders --num_workers 4 --export_color_images
Time taken for scene scene0157_00: 2.17 seconds
cumulative_time:  24.008522272109985
scene_count:  7
average_time_per_scene:  3.429788896015712
========== Processing scene: scene0158_00 ==========
Scene scene0158_00 has not been processed. Processing it.
Color directory already exists for scene scene0158_00.
Number of images in the scene:  1922
running:  /scratch/indrisch//vllm_experiments/data_support/ScanNet/SensReader/python/create_dars.sh scene0158_00 --delete_folders --num_workers 4 --export_color_images
Time taken for scene scene0158_00: 3.03 seconds
cumulative_time:  27.037304401397705
scene_count:  8
average_time_per_scene:  3.379663050174713
========== Processing scene: scene0159_00 ==========
Scene scene0159_00 has not been processed. Processing it.
Color directory already exists for scene scene0159_00.
Number of images in the scene:  1059
running:  /scratch/indrisch//vllm_experiments/data_support/ScanNet/SensReader/python/create_dars.sh scene0159_00 --delete_folders --num_workers 4 --export_color_images
Time taken for scene scene0159_00: 1.57 seconds
cumulative_time:  28.605947017669678
scene_count:  9
average_time_per_scene:  3.178438557518853
========== Processing scene: scene0160_00 ==========
Scene scene0160_00 has not been processed. Processing it.
Color directory already exists for scene scene0160_00.
Number of images in the scene:  804
running:  /scratch/indrisch//vllm_experiments/data_support/ScanNet/SensReader/python/create_dars.sh scene0160_00 --delete_folders --num_workers 4 --export_color_images
Time taken for scene scene0160_00: 1.37 seconds
cumulative_time:  29.97377371788025
scene_count:  10
average_time_per_scene:  2.997377371788025
========== Processing scene: scene0162_00 ==========
Scene scene0162_00 has not been processed. Processing it.
Color directory already exists for scene scene0162_00.
Number of images in the scene:  1066
running:  /scratch/indrisch//vllm_experiments/data_support/ScanNet/SensReader/python/create_dars.sh scene0162_00 --delete_folders --num_workers 4 --export_color_images
Time taken for scene scene0162_00: 2.82 seconds
cumulative_time:  32.79137706756592
scene_count:  11
average_time_per_scene:  2.981034278869629
========== Processing scene: scene0163_00 ==========
Scene scene0163_00 has not been processed. Processing it.
Color directory already exists for scene scene0163_00.
Number of images in the scene:  2206
running:  /scratch/indrisch//vllm_experiments/data_support/ScanNet/SensReader/python/create_dars.sh scene0163_00 --delete_folders --num_workers 4 --export_color_images
Time taken for scene scene0163_00: 4.67 seconds
cumulative_time:  37.458556175231934
scene_count:  12
average_time_per_scene:  3.1215463479359946
========== Processing scene: scene0165_00 ==========
Scene scene0165_00 has not been processed. Processing it.
Color directory already exists for scene scene0165_00.
Number of images in the scene:  911
running:  /scratch/indrisch//vllm_experiments/data_support/ScanNet/SensReader/python/create_dars.sh scene0165_00 --delete_folders --num_workers 4 --export_color_images
Time taken for scene scene0165_00: 2.78 seconds
cumulative_time:  40.2378466129303
scene_count:  13
average_time_per_scene:  3.0952189702254076
========== Processing scene: scene0166_00 ==========
Scene scene0166_00 has not been processed. Processing it.
Color directory already exists for scene scene0166_00.
Number of images in the scene:  3367
running:  /scratch/indrisch//vllm_experiments/data_support/ScanNet/SensReader/python/create_dars.sh scene0166_00 --delete_folders --num_workers 4 --export_color_images
Time taken for scene scene0166_00: 5.43 seconds
cumulative_time:  45.6689350605011
scene_count:  14
average_time_per_scene:  3.2620667900357927
========== Processing scene: scene0167_00 ==========
Scene scene0167_00 has not been processed. Processing it.
Color directory already exists for scene scene0167_00.
Number of images in the scene:  2054
running:  /scratch/indrisch//vllm_experiments/data_support/ScanNet/SensReader/python/create_dars.sh scene0167_00 --delete_folders --num_workers 4 --export_color_images
Time taken for scene scene0167_00: 4.33 seconds
cumulative_time:  49.99899625778198
scene_count:  15
average_time_per_scene:  3.3332664171854653
========== Processing scene: scene0168_00 ==========
Scene scene0168_00 already has been processed. Skipping, and deleting the folders.
running:  /scratch/indrisch//vllm_experiments/data_support/ScanNet/SensReader/python/create_dars.sh scene0168_00 --delete_folders --num_workers 4 --export_color_images
========== Processing scene: scene0170_00 ==========
Scene scene0170_00 already has been processed. Skipping, and deleting the folders.
running:  /scratch/indrisch//vllm_experiments/data_support/ScanNet/SensReader/python/create_dars.sh scene0170_00 --delete_folders --num_workers 4 --export_color_images
========== Processing scene: scene0171_00 ==========
Scene scene0171_00 already has been processed. Skipping, and deleting the folders.
running:  /scratch/indrisch//vllm_experiments/data_support/ScanNet/SensReader/python/create_dars.sh scene0171_00 --delete_folders --num_workers 4 --export_color_images
========== Processing scene: scene0172_00 ==========
Scene scene0172_00 already has been processed. Skipping, and deleting the folders.
running:  /scratch/indrisch//vllm_experiments/data_support/ScanNet/SensReader/python/create_dars.sh scene0172_00 --delete_folders --num_workers 4 --export_color_images
========== Processing scene: scene0173_00 ==========
Scene scene0173_00 already has been processed. Skipping, and deleting the folders.
running:  /scratch/indrisch//vllm_experiments/data_support/ScanNet/SensReader/python/create_dars.sh scene0173_00 --delete_folders --num_workers 4 --export_color_images
========== Processing scene: scene0174_00 ==========
Scene scene0174_00 already has been processed. Skipping, and deleting the folders.
running:  /scratch/indrisch//vllm_experiments/data_support/ScanNet/SensReader/python/create_dars.sh scene0174_00 --delete_folders --num_workers 4 --export_color_images
========== Processing scene: scene0175_00 ==========
Scene scene0175_00 already has been processed. Skipping, and deleting the folders.
running:  /scratch/indrisch//vllm_experiments/data_support/ScanNet/SensReader/python/create_dars.sh scene0175_00 --delete_folders --num_workers 4 --export_color_images
========== Processing scene: scene0177_00 ==========
Scene scene0177_00 already has been processed. Skipping, and deleting the folders.
running:  /scratch/indrisch//vllm_experiments/data_support/ScanNet/SensReader/python/create_dars.sh scene0177_00 --delete_folders --num_workers 4 --export_color_images
========== Processing scene: scene0178_00 ==========
Scene scene0178_00 already has been processed. Skipping, and deleting the folders.
running:  /scratch/indrisch//vllm_experiments/data_support/ScanNet/SensReader/python/create_dars.sh scene0178_00 --delete_folders --num_workers 4 --export_color_images
========== Processing scene: scene0179_00 ==========
Scene scene0179_00 already has been processed. Skipping, and deleting the folders.
running:  /scratch/indrisch//vllm_experiments/data_support/ScanNet/SensReader/python/create_dars.sh scene0179_00 --delete_folders --num_workers 4 --export_color_images
========== Processing scene: scene0180_00 ==========
Scene scene0180_00 already has been processed. Skipping, and deleting the folders.
running:  /scratch/indrisch//vllm_experiments/data_support/ScanNet/SensReader/python/create_dars.sh scene0180_00 --delete_folders --num_workers 4 --export_color_images
========== Processing scene: scene0181_00 ==========
Scene scene0181_00 already has been processed. Skipping, and deleting the folders.
running:  /scratch/indrisch//vllm_experiments/data_support/ScanNet/SensReader/python/create_dars.sh scene0181_00 --delete_folders --num_workers 4 --export_color_images
========== Processing scene: scene0184_00 ==========
Scene scene0184_00 already has been processed. Skipping, and deleting the folders.
running:  /scratch/indrisch//vllm_experiments/data_support/ScanNet/SensReader/python/create_dars.sh scene0184_00 --delete_folders --num_workers 4 --export_color_images
========== Processing scene: scene0185_00 ==========
Scene scene0185_00 already has been processed. Skipping, and deleting the folders.
running:  /scratch/indrisch//vllm_experiments/data_support/ScanNet/SensReader/python/create_dars.sh scene0185_00 --delete_folders --num_workers 4 --export_color_images
========== Processing scene: scene0186_00 ==========
Scene scene0186_00 already has been processed. Skipping, and deleting the folders.
running:  /scratch/indrisch//vllm_experiments/data_support/ScanNet/SensReader/python/create_dars.sh scene0186_00 --delete_folders --num_workers 4 --export_color_images
========== Processing scene: scene0188_00 ==========
Scene scene0188_00 already has been processed. Skipping, and deleting the folders.
running:  /scratch/indrisch//vllm_experiments/data_support/ScanNet/SensReader/python/create_dars.sh scene0188_00 --delete_folders --num_workers 4 --export_color_images
========== Processing scene: scene0189_00 ==========
Scene scene0189_00 already has been processed. Skipping, and deleting the folders.
running:  /scratch/indrisch//vllm_experiments/data_support/ScanNet/SensReader/python/create_dars.sh scene0189_00 --delete_folders --num_workers 4 --export_color_images
========== Processing scene: scene0191_00 ==========
Scene scene0191_00 already has been processed. Skipping, and deleting the folders.
running:  /scratch/indrisch//vllm_experiments/data_support/ScanNet/SensReader/python/create_dars.sh scene0191_00 --delete_folders --num_workers 4 --export_color_images
========== Processing scene: scene0194_00 ==========
Scene scene0194_00 already has been processed. Skipping, and deleting the folders.
running:  /scratch/indrisch//vllm_experiments/data_support/ScanNet/SensReader/python/create_dars.sh scene0194_00 --delete_folders --num_workers 4 --export_color_images
========== Processing scene: scene0195_00 ==========
Scene scene0195_00 already has been processed. Skipping, and deleting the folders.
running:  /scratch/indrisch//vllm_experiments/data_support/ScanNet/SensReader/python/create_dars.sh scene0195_00 --delete_folders --num_workers 4 --export_color_images
========== Processing scene: scene0197_00 ==========
Scene scene0197_00 already has been processed. Skipping, and deleting the folders.
running:  /scratch/indrisch//vllm_experiments/data_support/ScanNet/SensReader/python/create_dars.sh scene0197_00 --delete_folders --num_workers 4 --export_color_images
========== Processing scene: scene0198_00 ==========
Scene scene0198_00 already has been processed. Skipping, and deleting the folders.
running:  /scratch/indrisch//vllm_experiments/data_support/ScanNet/SensReader/python/create_dars.sh scene0198_00 --delete_folders --num_workers 4 --export_color_images
========== Processing scene: scene0199_00 ==========
Scene scene0199_00 already has been processed. Skipping, and deleting the folders.
running:  /scratch/indrisch//vllm_experiments/data_support/ScanNet/SensReader/python/create_dars.sh scene0199_00 --delete_folders --num_workers 4 --export_color_images
========== Processing scene: scene0200_00 ==========
Scene scene0200_00 already has been processed. Skipping, and deleting the folders.
running:  /scratch/indrisch//vllm_experiments/data_support/ScanNet/SensReader/python/create_dars.sh scene0200_00 --delete_folders --num_workers 4 --export_color_images
========== Processing scene: scene0201_00 ==========
Scene scene0201_00 already has been processed. Skipping, and deleting the folders.
running:  /scratch/indrisch//vllm_experiments/data_support/ScanNet/SensReader/python/create_dars.sh scene0201_00 --delete_folders --num_workers 4 --export_color_images
========== Processing scene: scene0202_00 ==========
Scene scene0202_00 already has been processed. Skipping, and deleting the folders.
running:  /scratch/indrisch//vllm_experiments/data_support/ScanNet/SensReader/python/create_dars.sh scene0202_00 --delete_folders --num_workers 4 --export_color_images
========== Processing scene: scene0204_00 ==========
Scene scene0204_00 already has been processed. Skipping, and deleting the folders.
running:  /scratch/indrisch//vllm_experiments/data_support/ScanNet/SensReader/python/create_dars.sh scene0204_00 --delete_folders --num_workers 4 --export_color_images
========== Processing scene: scene0206_00 ==========
Scene scene0206_00 already has been processed. Skipping, and deleting the folders.
running:  /scratch/indrisch//vllm_experiments/data_support/ScanNet/SensReader/python/create_dars.sh scene0206_00 --delete_folders --num_workers 4 --export_color_images
========== Processing scene: scene0209_00 ==========
Scene scene0209_00 already has been processed. Skipping, and deleting the folders.
running:  /scratch/indrisch//vllm_experiments/data_support/ScanNet/SensReader/python/create_dars.sh scene0209_00 --delete_folders --num_workers 4 --export_color_images
========== Processing scene: scene0210_00 ==========
Scene scene0210_00 already has been processed. Skipping, and deleting the folders.
running:  /scratch/indrisch//vllm_experiments/data_support/ScanNet/SensReader/python/create_dars.sh scene0210_00 --delete_folders --num_workers 4 --export_color_images
========== Processing scene: scene0211_00 ==========
Scene scene0211_00 already has been processed. Skipping, and deleting the folders.
running:  /scratch/indrisch//vllm_experiments/data_support/ScanNet/SensReader/python/create_dars.sh scene0211_00 --delete_folders --num_workers 4 --export_color_images
========== Processing scene: scene0212_00 ==========
Scene scene0212_00 already has been processed. Skipping, and deleting the folders.
running:  /scratch/indrisch//vllm_experiments/data_support/ScanNet/SensReader/python/create_dars.sh scene0212_00 --delete_folders --num_workers 4 --export_color_images
========== Processing scene: scene0213_00 ==========
Scene scene0213_00 already has been processed. Skipping, and deleting the folders.
running:  /scratch/indrisch//vllm_experiments/data_support/ScanNet/SensReader/python/create_dars.sh scene0213_00 --delete_folders --num_workers 4 --export_color_images
========== Processing scene: scene0214_00 ==========
Scene scene0214_00 already has been processed. Skipping, and deleting the folders.
running:  /scratch/indrisch//vllm_experiments/data_support/ScanNet/SensReader/python/create_dars.sh scene0214_00 --delete_folders --num_workers 4 --export_color_images
========== Processing scene: scene0215_00 ==========
Scene scene0215_00 already has been processed. Skipping, and deleting the folders.
running:  /scratch/indrisch//vllm_experiments/data_support/ScanNet/SensReader/python/create_dars.sh scene0215_00 --delete_folders --num_workers 4 --export_color_images
========== Processing scene: scene0218_00 ==========
Scene scene0218_00 already has been processed. Skipping, and deleting the folders.
running:  /scratch/indrisch//vllm_experiments/data_support/ScanNet/SensReader/python/create_dars.sh scene0218_00 --delete_folders --num_workers 4 --export_color_images
========== Processing scene: scene0220_00 ==========
Scene scene0220_00 already has been processed. Skipping, and deleting the folders.
running:  /scratch/indrisch//vllm_experiments/data_support/ScanNet/SensReader/python/create_dars.sh scene0220_00 --delete_folders --num_workers 4 --export_color_images
========== Processing scene: scene0223_00 ==========
Scene scene0223_00 already has been processed. Skipping, and deleting the folders.
running:  /scratch/indrisch//vllm_experiments/data_support/ScanNet/SensReader/python/create_dars.sh scene0223_00 --delete_folders --num_workers 4 --export_color_images
========== Processing scene: scene0224_00 ==========
Scene scene0224_00 already has been processed. Skipping, and deleting the folders.
running:  /scratch/indrisch//vllm_experiments/data_support/ScanNet/SensReader/python/create_dars.sh scene0224_00 --delete_folders --num_workers 4 --export_color_images
========== Processing scene: scene0225_00 ==========
Scene scene0225_00 already has been processed. Skipping, and deleting the folders.
running:  /scratch/indrisch//vllm_experiments/data_support/ScanNet/SensReader/python/create_dars.sh scene0225_00 --delete_folders --num_workers 4 --export_color_images
========== Processing scene: scene0226_00 ==========
Scene scene0226_00 already has been processed. Skipping, and deleting the folders.
running:  /scratch/indrisch//vllm_experiments/data_support/ScanNet/SensReader/python/create_dars.sh scene0226_00 --delete_folders --num_workers 4 --export_color_images
========== Processing scene: scene0227_00 ==========
Scene scene0227_00 already has been processed. Skipping, and deleting the folders.
running:  /scratch/indrisch//vllm_experiments/data_support/ScanNet/SensReader/python/create_dars.sh scene0227_00 --delete_folders --num_workers 4 --export_color_images
========== Processing scene: scene0229_00 ==========
Scene scene0229_00 already has been processed. Skipping, and deleting the folders.
running:  /scratch/indrisch//vllm_experiments/data_support/ScanNet/SensReader/python/create_dars.sh scene0229_00 --delete_folders --num_workers 4 --export_color_images
========== Processing scene: scene0230_00 ==========
Scene scene0230_00 already has been processed. Skipping, and deleting the folders.
running:  /scratch/indrisch//vllm_experiments/data_support/ScanNet/SensReader/python/create_dars.sh scene0230_00 --delete_folders --num_workers 4 --export_color_images
========== Processing scene: scene0232_00 ==========
Scene scene0232_00 already has been processed. Skipping, and deleting the folders.
running:  /scratch/indrisch//vllm_experiments/data_support/ScanNet/SensReader/python/create_dars.sh scene0232_00 --delete_folders --num_workers 4 --export_color_images
========== Processing scene: scene0233_00 ==========
Scene scene0233_00 already has been processed. Skipping, and deleting the folders.
running:  /scratch/indrisch//vllm_experiments/data_support/ScanNet/SensReader/python/create_dars.sh scene0233_00 --delete_folders --num_workers 4 --export_color_images
========== Processing scene: scene0234_00 ==========
Scene scene0234_00 already has been processed. Skipping, and deleting the folders.
running:  /scratch/indrisch//vllm_experiments/data_support/ScanNet/SensReader/python/create_dars.sh scene0234_00 --delete_folders --num_workers 4 --export_color_images
========== Processing scene: scene0235_00 ==========
Scene scene0235_00 already has been processed. Skipping, and deleting the folders.
running:  /scratch/indrisch//vllm_experiments/data_support/ScanNet/SensReader/python/create_dars.sh scene0235_00 --delete_folders --num_workers 4 --export_color_images
========== Processing scene: scene0236_00 ==========
Scene scene0236_00 already has been processed. Skipping, and deleting the folders.
running:  /scratch/indrisch//vllm_experiments/data_support/ScanNet/SensReader/python/create_dars.sh scene0236_00 --delete_folders --num_workers 4 --export_color_images
========== Processing scene: scene0237_00 ==========
Scene scene0237_00 already has been processed. Skipping, and deleting the folders.
running:  /scratch/indrisch//vllm_experiments/data_support/ScanNet/SensReader/python/create_dars.sh scene0237_00 --delete_folders --num_workers 4 --export_color_images
========== Processing scene: scene0238_00 ==========
Scene scene0238_00 already has been processed. Skipping, and deleting the folders.
running:  /scratch/indrisch//vllm_experiments/data_support/ScanNet/SensReader/python/create_dars.sh scene0238_00 --delete_folders --num_workers 4 --export_color_images
========== Processing scene: scene0239_00 ==========
Scene scene0239_00 already has been processed. Skipping, and deleting the folders.
running:  /scratch/indrisch//vllm_experiments/data_support/ScanNet/SensReader/python/create_dars.sh scene0239_00 --delete_folders --num_workers 4 --export_color_images
========== Processing scene: scene0240_00 ==========
Scene scene0240_00 already has been processed. Skipping, and deleting the folders.
running:  /scratch/indrisch//vllm_experiments/data_support/ScanNet/SensReader/python/create_dars.sh scene0240_00 --delete_folders --num_workers 4 --export_color_images
========== Processing scene: scene0241_00 ==========
Scene scene0241_00 already has been processed. Skipping, and deleting the folders.
running:  /scratch/indrisch//vllm_experiments/data_support/ScanNet/SensReader/python/create_dars.sh scene0241_00 --delete_folders --num_workers 4 --export_color_images
========== Processing scene: scene0242_00 ==========
Scene scene0242_00 already has been processed. Skipping, and deleting the folders.
running:  /scratch/indrisch//vllm_experiments/data_support/ScanNet/SensReader/python/create_dars.sh scene0242_00 --delete_folders --num_workers 4 --export_color_images
========== Processing scene: scene0243_00 ==========
Scene scene0243_00 already has been processed. Skipping, and deleting the folders.
running:  /scratch/indrisch//vllm_experiments/data_support/ScanNet/SensReader/python/create_dars.sh scene0243_00 --delete_folders --num_workers 4 --export_color_images
========== Processing scene: scene0244_00 ==========
Scene scene0244_00 already has been processed. Skipping, and deleting the folders.
running:  /scratch/indrisch//vllm_experiments/data_support/ScanNet/SensReader/python/create_dars.sh scene0244_00 --delete_folders --num_workers 4 --export_color_images
========== Processing scene: scene0245_00 ==========
Scene scene0245_00 already has been processed. Skipping, and deleting the folders.
running:  /scratch/indrisch//vllm_experiments/data_support/ScanNet/SensReader/python/create_dars.sh scene0245_00 --delete_folders --num_workers 4 --export_color_images
========== Processing scene: scene0247_00 ==========
Scene scene0247_00 already has been processed. Skipping, and deleting the folders.
running:  /scratch/indrisch//vllm_experiments/data_support/ScanNet/SensReader/python/create_dars.sh scene0247_00 --delete_folders --num_workers 4 --export_color_images
========== Processing scene: scene0248_00 ==========
Scene scene0248_00 already has been processed. Skipping, and deleting the folders.
running:  /scratch/indrisch//vllm_experiments/data_support/ScanNet/SensReader/python/create_dars.sh scene0248_00 --delete_folders --num_workers 4 --export_color_images
========== Processing scene: scene0250_00 ==========
Scene scene0250_00 already has been processed. Skipping, and deleting the folders.
running:  /scratch/indrisch//vllm_experiments/data_support/ScanNet/SensReader/python/create_dars.sh scene0250_00 --delete_folders --num_workers 4 --export_color_images
========== Processing scene: scene0252_00 ==========
Scene scene0252_00 already has been processed. Skipping, and deleting the folders.
running:  /scratch/indrisch//vllm_experiments/data_support/ScanNet/SensReader/python/create_dars.sh scene0252_00 --delete_folders --num_workers 4 --export_color_images
========== Processing scene: scene0253_00 ==========
Scene scene0253_00 already has been processed. Skipping, and deleting the folders.
running:  /scratch/indrisch//vllm_experiments/data_support/ScanNet/SensReader/python/create_dars.sh scene0253_00 --delete_folders --num_workers 4 --export_color_images
========== Processing scene: scene0254_00 ==========
Scene scene0254_00 already has been processed. Skipping, and deleting the folders.
running:  /scratch/indrisch//vllm_experiments/data_support/ScanNet/SensReader/python/create_dars.sh scene0254_00 --delete_folders --num_workers 4 --export_color_images
========== Processing scene: scene0255_00 ==========
Scene scene0255_00 already has been processed. Skipping, and deleting the folders.
running:  /scratch/indrisch//vllm_experiments/data_support/ScanNet/SensReader/python/create_dars.sh scene0255_00 --delete_folders --num_workers 4 --export_color_images
========== Processing scene: scene0258_00 ==========
Scene scene0258_00 already has been processed. Skipping, and deleting the folders.
running:  /scratch/indrisch//vllm_experiments/data_support/ScanNet/SensReader/python/create_dars.sh scene0258_00 --delete_folders --num_workers 4 --export_color_images
========== Processing scene: scene0259_00 ==========
Scene scene0259_00 already has been processed. Skipping, and deleting the folders.
running:  /scratch/indrisch//vllm_experiments/data_support/ScanNet/SensReader/python/create_dars.sh scene0259_00 --delete_folders --num_workers 4 --export_color_images
========== Processing scene: scene0260_00 ==========
Scene scene0260_00 already has been processed. Skipping, and deleting the folders.
running:  /scratch/indrisch//vllm_experiments/data_support/ScanNet/SensReader/python/create_dars.sh scene0260_00 --delete_folders --num_workers 4 --export_color_images
========== Processing scene: scene0261_00 ==========
Scene scene0261_00 already has been processed. Skipping, and deleting the folders.
running:  /scratch/indrisch//vllm_experiments/data_support/ScanNet/SensReader/python/create_dars.sh scene0261_00 --delete_folders --num_workers 4 --export_color_images
========== Processing scene: scene0262_00 ==========
Scene scene0262_00 already has been processed. Skipping, and deleting the folders.
running:  /scratch/indrisch//vllm_experiments/data_support/ScanNet/SensReader/python/create_dars.sh scene0262_00 --delete_folders --num_workers 4 --export_color_images
========== Processing scene: scene0263_00 ==========
Scene scene0263_00 already has been processed. Skipping, and deleting the folders.
running:  /scratch/indrisch//vllm_experiments/data_support/ScanNet/SensReader/python/create_dars.sh scene0263_00 --delete_folders --num_workers 4 --export_color_images
========== Processing scene: scene0264_00 ==========
Scene scene0264_00 already has been processed. Skipping, and deleting the folders.
running:  /scratch/indrisch//vllm_experiments/data_support/ScanNet/SensReader/python/create_dars.sh scene0264_00 --delete_folders --num_workers 4 --export_color_images
========== Processing scene: scene0265_00 ==========
Scene scene0265_00 already has been processed. Skipping, and deleting the folders.
running:  /scratch/indrisch//vllm_experiments/data_support/ScanNet/SensReader/python/create_dars.sh scene0265_00 --delete_folders --num_workers 4 --export_color_images
========== Processing scene: scene0266_00 ==========
Scene scene0266_00 already has been processed. Skipping, and deleting the folders.
running:  /scratch/indrisch//vllm_experiments/data_support/ScanNet/SensReader/python/create_dars.sh scene0266_00 --delete_folders --num_workers 4 --export_color_images
========== Processing scene: scene0267_00 ==========
Scene scene0267_00 already has been processed. Skipping, and deleting the folders.
running:  /scratch/indrisch//vllm_experiments/data_support/ScanNet/SensReader/python/create_dars.sh scene0267_00 --delete_folders --num_workers 4 --export_color_images
========== Processing scene: scene0268_00 ==========
Scene scene0268_00 already has been processed. Skipping, and deleting the folders.
running:  /scratch/indrisch//vllm_experiments/data_support/ScanNet/SensReader/python/create_dars.sh scene0268_00 --delete_folders --num_workers 4 --export_color_images
========== Processing scene: scene0270_00 ==========
Scene scene0270_00 already has been processed. Skipping, and deleting the folders.
running:  /scratch/indrisch//vllm_experiments/data_support/ScanNet/SensReader/python/create_dars.sh scene0270_00 --delete_folders --num_workers 4 --export_color_images
========== Processing scene: scene0271_00 ==========
Scene scene0271_00 already has been processed. Skipping, and deleting the folders.
running:  /scratch/indrisch//vllm_experiments/data_support/ScanNet/SensReader/python/create_dars.sh scene0271_00 --delete_folders --num_workers 4 --export_color_images
========== Processing scene: scene0272_00 ==========
Scene scene0272_00 already has been processed. Skipping, and deleting the folders.
running:  /scratch/indrisch//vllm_experiments/data_support/ScanNet/SensReader/python/create_dars.sh scene0272_00 --delete_folders --num_workers 4 --export_color_images
========== Processing scene: scene0273_00 ==========
Scene scene0273_00 already has been processed. Skipping, and deleting the folders.
running:  /scratch/indrisch//vllm_experiments/data_support/ScanNet/SensReader/python/create_dars.sh scene0273_00 --delete_folders --num_workers 4 --export_color_images
========== Processing scene: scene0274_00 ==========
Scene scene0274_00 already has been processed. Skipping, and deleting the folders.
running:  /scratch/indrisch//vllm_experiments/data_support/ScanNet/SensReader/python/create_dars.sh scene0274_00 --delete_folders --num_workers 4 --export_color_images
========== Processing scene: scene0275_00 ==========
Scene scene0275_00 already has been processed. Skipping, and deleting the folders.
running:  /scratch/indrisch//vllm_experiments/data_support/ScanNet/SensReader/python/create_dars.sh scene0275_00 --delete_folders --num_workers 4 --export_color_images
========== Processing scene: scene0276_00 ==========
Scene scene0276_00 already has been processed. Skipping, and deleting the folders.
running:  /scratch/indrisch//vllm_experiments/data_support/ScanNet/SensReader/python/create_dars.sh scene0276_00 --delete_folders --num_workers 4 --export_color_images
========== Processing scene: scene0279_00 ==========
Scene scene0279_00 already has been processed. Skipping, and deleting the folders.
running:  /scratch/indrisch//vllm_experiments/data_support/ScanNet/SensReader/python/create_dars.sh scene0279_00 --delete_folders --num_workers 4 --export_color_images
========== Processing scene: scene0280_00 ==========
Scene scene0280_00 already has been processed. Skipping, and deleting the folders.
running:  /scratch/indrisch//vllm_experiments/data_support/ScanNet/SensReader/python/create_dars.sh scene0280_00 --delete_folders --num_workers 4 --export_color_images
========== Processing scene: scene0281_00 ==========
Scene scene0281_00 already has been processed. Skipping, and deleting the folders.
running:  /scratch/indrisch//vllm_experiments/data_support/ScanNet/SensReader/python/create_dars.sh scene0281_00 --delete_folders --num_workers 4 --export_color_images
========== Processing scene: scene0282_00 ==========
Scene scene0282_00 already has been processed. Skipping, and deleting the folders.
running:  /scratch/indrisch//vllm_experiments/data_support/ScanNet/SensReader/python/create_dars.sh scene0282_00 --delete_folders --num_workers 4 --export_color_images
========== Processing scene: scene0283_00 ==========
Scene scene0283_00 already has been processed. Skipping, and deleting the folders.
running:  /scratch/indrisch//vllm_experiments/data_support/ScanNet/SensReader/python/create_dars.sh scene0283_00 --delete_folders --num_workers 4 --export_color_images
========== Processing scene: scene0284_00 ==========
Scene scene0284_00 already has been processed. Skipping, and deleting the folders.
running:  /scratch/indrisch//vllm_experiments/data_support/ScanNet/SensReader/python/create_dars.sh scene0284_00 --delete_folders --num_workers 4 --export_color_images
========== Processing scene: scene0285_00 ==========
Scene scene0285_00 already has been processed. Skipping, and deleting the folders.
running:  /scratch/indrisch//vllm_experiments/data_support/ScanNet/SensReader/python/create_dars.sh scene0285_00 --delete_folders --num_workers 4 --export_color_images
========== Processing scene: scene0286_00 ==========
Scene scene0286_00 already has been processed. Skipping, and deleting the folders.
running:  /scratch/indrisch//vllm_experiments/data_support/ScanNet/SensReader/python/create_dars.sh scene0286_00 --delete_folders --num_workers 4 --export_color_images
========== Processing scene: scene0287_00 ==========
Scene scene0287_00 already has been processed. Skipping, and deleting the folders.
running:  /scratch/indrisch//vllm_experiments/data_support/ScanNet/SensReader/python/create_dars.sh scene0287_00 --delete_folders --num_workers 4 --export_color_images
========== Processing scene: scene0288_00 ==========
Scene scene0288_00 already has been processed. Skipping, and deleting the folders.
running:  /scratch/indrisch//vllm_experiments/data_support/ScanNet/SensReader/python/create_dars.sh scene0288_00 --delete_folders --num_workers 4 --export_color_images
========== Processing scene: scene0289_00 ==========
Scene scene0289_00 already has been processed. Skipping, and deleting the folders.
running:  /scratch/indrisch//vllm_experiments/data_support/ScanNet/SensReader/python/create_dars.sh scene0289_00 --delete_folders --num_workers 4 --export_color_images
========== Processing scene: scene0291_00 ==========
Scene scene0291_00 already has been processed. Skipping, and deleting the folders.
running:  /scratch/indrisch//vllm_experiments/data_support/ScanNet/SensReader/python/create_dars.sh scene0291_00 --delete_folders --num_workers 4 --export_color_images
========== Processing scene: scene0292_00 ==========
Scene scene0292_00 already has been processed. Skipping, and deleting the folders.
running:  /scratch/indrisch//vllm_experiments/data_support/ScanNet/SensReader/python/create_dars.sh scene0292_00 --delete_folders --num_workers 4 --export_color_images
========== Processing scene: scene0294_00 ==========
Scene scene0294_00 already has been processed. Skipping, and deleting the folders.
running:  /scratch/indrisch//vllm_experiments/data_support/ScanNet/SensReader/python/create_dars.sh scene0294_00 --delete_folders --num_workers 4 --export_color_images
========== Processing scene: scene0295_00 ==========
Scene scene0295_00 already has been processed. Skipping, and deleting the folders.
running:  /scratch/indrisch//vllm_experiments/data_support/ScanNet/SensReader/python/create_dars.sh scene0295_00 --delete_folders --num_workers 4 --export_color_images
========== Processing scene: scene0296_00 ==========
Scene scene0296_00 already has been processed. Skipping, and deleting the folders.
running:  /scratch/indrisch//vllm_experiments/data_support/ScanNet/SensReader/python/create_dars.sh scene0296_00 --delete_folders --num_workers 4 --export_color_images
========== Processing scene: scene0297_00 ==========
Scene scene0297_00 already has been processed. Skipping, and deleting the folders.
running:  /scratch/indrisch//vllm_experiments/data_support/ScanNet/SensReader/python/create_dars.sh scene0297_00 --delete_folders --num_workers 4 --export_color_images
========== Processing scene: scene0298_00 ==========
Scene scene0298_00 already has been processed. Skipping, and deleting the folders.
running:  /scratch/indrisch//vllm_experiments/data_support/ScanNet/SensReader/python/create_dars.sh scene0298_00 --delete_folders --num_workers 4 --export_color_images
========== Processing scene: scene0299_00 ==========
Scene scene0299_00 already has been processed. Skipping, and deleting the folders.
running:  /scratch/indrisch//vllm_experiments/data_support/ScanNet/SensReader/python/create_dars.sh scene0299_00 --delete_folders --num_workers 4 --export_color_images
========== Processing scene: scene0301_00 ==========
Scene scene0301_00 already has been processed. Skipping, and deleting the folders.
running:  /scratch/indrisch//vllm_experiments/data_support/ScanNet/SensReader/python/create_dars.sh scene0301_00 --delete_folders --num_workers 4 --export_color_images
========== Processing scene: scene0302_00 ==========
Scene scene0302_00 already has been processed. Skipping, and deleting the folders.
running:  /scratch/indrisch//vllm_experiments/data_support/ScanNet/SensReader/python/create_dars.sh scene0302_00 --delete_folders --num_workers 4 --export_color_images
========== Processing scene: scene0303_00 ==========
Scene scene0303_00 already has been processed. Skipping, and deleting the folders.
running:  /scratch/indrisch//vllm_experiments/data_support/ScanNet/SensReader/python/create_dars.sh scene0303_00 --delete_folders --num_workers 4 --export_color_images
========== Processing scene: scene0305_00 ==========
Scene scene0305_00 already has been processed. Skipping, and deleting the folders.
running:  /scratch/indrisch//vllm_experiments/data_support/ScanNet/SensReader/python/create_dars.sh scene0305_00 --delete_folders --num_workers 4 --export_color_images
========== Processing scene: scene0306_00 ==========
Scene scene0306_00 already has been processed. Skipping, and deleting the folders.
running:  /scratch/indrisch//vllm_experiments/data_support/ScanNet/SensReader/python/create_dars.sh scene0306_00 --delete_folders --num_workers 4 --export_color_images
========== Processing scene: scene0308_00 ==========
Scene scene0308_00 already has been processed. Skipping, and deleting the folders.
running:  /scratch/indrisch//vllm_experiments/data_support/ScanNet/SensReader/python/create_dars.sh scene0308_00 --delete_folders --num_workers 4 --export_color_images
========== Processing scene: scene0309_00 ==========
Scene scene0309_00 already has been processed. Skipping, and deleting the folders.
running:  /scratch/indrisch//vllm_experiments/data_support/ScanNet/SensReader/python/create_dars.sh scene0309_00 --delete_folders --num_workers 4 --export_color_images
========== Processing scene: scene0310_00 ==========
Scene scene0310_00 already has been processed. Skipping, and deleting the folders.
running:  /scratch/indrisch//vllm_experiments/data_support/ScanNet/SensReader/python/create_dars.sh scene0310_00 --delete_folders --num_workers 4 --export_color_images
========== Processing scene: scene0311_00 ==========
Scene scene0311_00 already has been processed. Skipping, and deleting the folders.
running:  /scratch/indrisch//vllm_experiments/data_support/ScanNet/SensReader/python/create_dars.sh scene0311_00 --delete_folders --num_workers 4 --export_color_images
========== Processing scene: scene0312_00 ==========
Scene scene0312_00 already has been processed. Skipping, and deleting the folders.
running:  /scratch/indrisch//vllm_experiments/data_support/ScanNet/SensReader/python/create_dars.sh scene0312_00 --delete_folders --num_workers 4 --export_color_images
========== Processing scene: scene0313_00 ==========
Scene scene0313_00 already has been processed. Skipping, and deleting the folders.
running:  /scratch/indrisch//vllm_experiments/data_support/ScanNet/SensReader/python/create_dars.sh scene0313_00 --delete_folders --num_workers 4 --export_color_images
========== Processing scene: scene0315_00 ==========
Scene scene0315_00 already has been processed. Skipping, and deleting the folders.
running:  /scratch/indrisch//vllm_experiments/data_support/ScanNet/SensReader/python/create_dars.sh scene0315_00 --delete_folders --num_workers 4 --export_color_images
========== Processing scene: scene0317_00 ==========
Scene scene0317_00 already has been processed. Skipping, and deleting the folders.
running:  /scratch/indrisch//vllm_experiments/data_support/ScanNet/SensReader/python/create_dars.sh scene0317_00 --delete_folders --num_workers 4 --export_color_images
========== Processing scene: scene0319_00 ==========
Scene scene0319_00 already has been processed. Skipping, and deleting the folders.
running:  /scratch/indrisch//vllm_experiments/data_support/ScanNet/SensReader/python/create_dars.sh scene0319_00 --delete_folders --num_workers 4 --export_color_images
========== Processing scene: scene0320_00 ==========
Scene scene0320_00 already has been processed. Skipping, and deleting the folders.
running:  /scratch/indrisch//vllm_experiments/data_support/ScanNet/SensReader/python/create_dars.sh scene0320_00 --delete_folders --num_workers 4 --export_color_images
========== Processing scene: scene0321_00 ==========
Scene scene0321_00 already has been processed. Skipping, and deleting the folders.
running:  /scratch/indrisch//vllm_experiments/data_support/ScanNet/SensReader/python/create_dars.sh scene0321_00 --delete_folders --num_workers 4 --export_color_images
========== Processing scene: scene0322_00 ==========
Scene scene0322_00 already has been processed. Skipping, and deleting the folders.
running:  /scratch/indrisch//vllm_experiments/data_support/ScanNet/SensReader/python/create_dars.sh scene0322_00 --delete_folders --num_workers 4 --export_color_images
========== Processing scene: scene0323_00 ==========
Scene scene0323_00 already has been processed. Skipping, and deleting the folders.
running:  /scratch/indrisch//vllm_experiments/data_support/ScanNet/SensReader/python/create_dars.sh scene0323_00 --delete_folders --num_workers 4 --export_color_images
========== Processing scene: scene0324_00 ==========
Scene scene0324_00 already has been processed. Skipping, and deleting the folders.
running:  /scratch/indrisch//vllm_experiments/data_support/ScanNet/SensReader/python/create_dars.sh scene0324_00 --delete_folders --num_workers 4 --export_color_images
========== Processing scene: scene0325_00 ==========
Scene scene0325_00 already has been processed. Skipping, and deleting the folders.
running:  /scratch/indrisch//vllm_experiments/data_support/ScanNet/SensReader/python/create_dars.sh scene0325_00 --delete_folders --num_workers 4 --export_color_images
========== Processing scene: scene0326_00 ==========
Scene scene0326_00 already has been processed. Skipping, and deleting the folders.
running:  /scratch/indrisch//vllm_experiments/data_support/ScanNet/SensReader/python/create_dars.sh scene0326_00 --delete_folders --num_workers 4 --export_color_images
========== Processing scene: scene0327_00 ==========
Scene scene0327_00 already has been processed. Skipping, and deleting the folders.
running:  /scratch/indrisch//vllm_experiments/data_support/ScanNet/SensReader/python/create_dars.sh scene0327_00 --delete_folders --num_workers 4 --export_color_images
========== Processing scene: scene0330_00 ==========
Scene scene0330_00 already has been processed. Skipping, and deleting the folders.
running:  /scratch/indrisch//vllm_experiments/data_support/ScanNet/SensReader/python/create_dars.sh scene0330_00 --delete_folders --num_workers 4 --export_color_images
========== Processing scene: scene0331_00 ==========
Scene scene0331_00 already has been processed. Skipping, and deleting the folders.
running:  /scratch/indrisch//vllm_experiments/data_support/ScanNet/SensReader/python/create_dars.sh scene0331_00 --delete_folders --num_workers 4 --export_color_images
========== Processing scene: scene0332_00 ==========
Scene scene0332_00 already has been processed. Skipping, and deleting the folders.
running:  /scratch/indrisch//vllm_experiments/data_support/ScanNet/SensReader/python/create_dars.sh scene0332_00 --delete_folders --num_workers 4 --export_color_images
========== Processing scene: scene0333_00 ==========
Scene scene0333_00 already has been processed. Skipping, and deleting the folders.
running:  /scratch/indrisch//vllm_experiments/data_support/ScanNet/SensReader/python/create_dars.sh scene0333_00 --delete_folders --num_workers 4 --export_color_images
========== Processing scene: scene0335_00 ==========
Scene scene0335_00 already has been processed. Skipping, and deleting the folders.
running:  /scratch/indrisch//vllm_experiments/data_support/ScanNet/SensReader/python/create_dars.sh scene0335_00 --delete_folders --num_workers 4 --export_color_images
========== Processing scene: scene0336_00 ==========
Scene scene0336_00 already has been processed. Skipping, and deleting the folders.
running:  /scratch/indrisch//vllm_experiments/data_support/ScanNet/SensReader/python/create_dars.sh scene0336_00 --delete_folders --num_workers 4 --export_color_images
========== Processing scene: scene0339_00 ==========
Scene scene0339_00 already has been processed. Skipping, and deleting the folders.
running:  /scratch/indrisch//vllm_experiments/data_support/ScanNet/SensReader/python/create_dars.sh scene0339_00 --delete_folders --num_workers 4 --export_color_images
========== Processing scene: scene0340_00 ==========
Scene scene0340_00 already has been processed. Skipping, and deleting the folders.
running:  /scratch/indrisch//vllm_experiments/data_support/ScanNet/SensReader/python/create_dars.sh scene0340_00 --delete_folders --num_workers 4 --export_color_images
========== Processing scene: scene0341_00 ==========
Scene scene0341_00 already has been processed. Skipping, and deleting the folders.
running:  /scratch/indrisch//vllm_experiments/data_support/ScanNet/SensReader/python/create_dars.sh scene0341_00 --delete_folders --num_workers 4 --export_color_images
========== Processing scene: scene0344_00 ==========
Scene scene0344_00 already has been processed. Skipping, and deleting the folders.
running:  /scratch/indrisch//vllm_experiments/data_support/ScanNet/SensReader/python/create_dars.sh scene0344_00 --delete_folders --num_workers 4 --export_color_images
========== Processing scene: scene0345_00 ==========
Scene scene0345_00 already has been processed. Skipping, and deleting the folders.
running:  /scratch/indrisch//vllm_experiments/data_support/ScanNet/SensReader/python/create_dars.sh scene0345_00 --delete_folders --num_workers 4 --export_color_images
========== Processing scene: scene0346_00 ==========
Scene scene0346_00 already has been processed. Skipping, and deleting the folders.
running:  /scratch/indrisch//vllm_experiments/data_support/ScanNet/SensReader/python/create_dars.sh scene0346_00 --delete_folders --num_workers 4 --export_color_images
========== Processing scene: scene0347_00 ==========
Scene scene0347_00 already has been processed. Skipping, and deleting the folders.
running:  /scratch/indrisch//vllm_experiments/data_support/ScanNet/SensReader/python/create_dars.sh scene0347_00 --delete_folders --num_workers 4 --export_color_images
========== Processing scene: scene0348_00 ==========
Scene scene0348_00 already has been processed. Skipping, and deleting the folders.
running:  /scratch/indrisch//vllm_experiments/data_support/ScanNet/SensReader/python/create_dars.sh scene0348_00 --delete_folders --num_workers 4 --export_color_images
========== Processing scene: scene0350_00 ==========
Scene scene0350_00 already has been processed. Skipping, and deleting the folders.
running:  /scratch/indrisch//vllm_experiments/data_support/ScanNet/SensReader/python/create_dars.sh scene0350_00 --delete_folders --num_workers 4 --export_color_images
========== Processing scene: scene0352_00 ==========
Scene scene0352_00 already has been processed. Skipping, and deleting the folders.
running:  /scratch/indrisch//vllm_experiments/data_support/ScanNet/SensReader/python/create_dars.sh scene0352_00 --delete_folders --num_workers 4 --export_color_images
========== Processing scene: scene0358_00 ==========
Scene scene0358_00 already has been processed. Skipping, and deleting the folders.
running:  /scratch/indrisch//vllm_experiments/data_support/ScanNet/SensReader/python/create_dars.sh scene0358_00 --delete_folders --num_workers 4 --export_color_images
========== Processing scene: scene0359_00 ==========
Scene scene0359_00 already has been processed. Skipping, and deleting the folders.
running:  /scratch/indrisch//vllm_experiments/data_support/ScanNet/SensReader/python/create_dars.sh scene0359_00 --delete_folders --num_workers 4 --export_color_images
========== Processing scene: scene0361_00 ==========
Scene scene0361_00 already has been processed. Skipping, and deleting the folders.
running:  /scratch/indrisch//vllm_experiments/data_support/ScanNet/SensReader/python/create_dars.sh scene0361_00 --delete_folders --num_workers 4 --export_color_images
========== Processing scene: scene0362_00 ==========
Scene scene0362_00 already has been processed. Skipping, and deleting the folders.
running:  /scratch/indrisch//vllm_experiments/data_support/ScanNet/SensReader/python/create_dars.sh scene0362_00 --delete_folders --num_workers 4 --export_color_images
========== Processing scene: scene0363_00 ==========
Scene scene0363_00 already has been processed. Skipping, and deleting the folders.
running:  /scratch/indrisch//vllm_experiments/data_support/ScanNet/SensReader/python/create_dars.sh scene0363_00 --delete_folders --num_workers 4 --export_color_images
========== Processing scene: scene0364_00 ==========
Scene scene0364_00 already has been processed. Skipping, and deleting the folders.
running:  /scratch/indrisch//vllm_experiments/data_support/ScanNet/SensReader/python/create_dars.sh scene0364_00 --delete_folders --num_workers 4 --export_color_images
========== Processing scene: scene0365_00 ==========
Scene scene0365_00 already has been processed. Skipping, and deleting the folders.
running:  /scratch/indrisch//vllm_experiments/data_support/ScanNet/SensReader/python/create_dars.sh scene0365_00 --delete_folders --num_workers 4 --export_color_images
========== Processing scene: scene0366_00 ==========
Scene scene0366_00 already has been processed. Skipping, and deleting the folders.
running:  /scratch/indrisch//vllm_experiments/data_support/ScanNet/SensReader/python/create_dars.sh scene0366_00 --delete_folders --num_workers 4 --export_color_images
========== Processing scene: scene0367_00 ==========
Scene scene0367_00 already has been processed. Skipping, and deleting the folders.
running:  /scratch/indrisch//vllm_experiments/data_support/ScanNet/SensReader/python/create_dars.sh scene0367_00 --delete_folders --num_workers 4 --export_color_images
========== Processing scene: scene0368_00 ==========
Scene scene0368_00 already has been processed. Skipping, and deleting the folders.
running:  /scratch/indrisch//vllm_experiments/data_support/ScanNet/SensReader/python/create_dars.sh scene0368_00 --delete_folders --num_workers 4 --export_color_images
========== Processing scene: scene0369_00 ==========
Scene scene0369_00 already has been processed. Skipping, and deleting the folders.
running:  /scratch/indrisch//vllm_experiments/data_support/ScanNet/SensReader/python/create_dars.sh scene0369_00 --delete_folders --num_workers 4 --export_color_images
========== Processing scene: scene0370_00 ==========
Scene scene0370_00 already has been processed. Skipping, and deleting the folders.
running:  /scratch/indrisch//vllm_experiments/data_support/ScanNet/SensReader/python/create_dars.sh scene0370_00 --delete_folders --num_workers 4 --export_color_images
========== Processing scene: scene0371_00 ==========
Scene scene0371_00 already has been processed. Skipping, and deleting the folders.
running:  /scratch/indrisch//vllm_experiments/data_support/ScanNet/SensReader/python/create_dars.sh scene0371_00 --delete_folders --num_workers 4 --export_color_images
========== Processing scene: scene0372_00 ==========
Scene scene0372_00 already has been processed. Skipping, and deleting the folders.
running:  /scratch/indrisch//vllm_experiments/data_support/ScanNet/SensReader/python/create_dars.sh scene0372_00 --delete_folders --num_workers 4 --export_color_images
========== Processing scene: scene0373_00 ==========
Scene scene0373_00 already has been processed. Skipping, and deleting the folders.
running:  /scratch/indrisch//vllm_experiments/data_support/ScanNet/SensReader/python/create_dars.sh scene0373_00 --delete_folders --num_workers 4 --export_color_images
========== Processing scene: scene0374_00 ==========
Scene scene0374_00 already has been processed. Skipping, and deleting the folders.
running:  /scratch/indrisch//vllm_experiments/data_support/ScanNet/SensReader/python/create_dars.sh scene0374_00 --delete_folders --num_workers 4 --export_color_images
========== Processing scene: scene0375_00 ==========
Scene scene0375_00 already has been processed. Skipping, and deleting the folders.
running:  /scratch/indrisch//vllm_experiments/data_support/ScanNet/SensReader/python/create_dars.sh scene0375_00 --delete_folders --num_workers 4 --export_color_images
========== Processing scene: scene0376_00 ==========
Scene scene0376_00 already has been processed. Skipping, and deleting the folders.
running:  /scratch/indrisch//vllm_experiments/data_support/ScanNet/SensReader/python/create_dars.sh scene0376_00 --delete_folders --num_workers 4 --export_color_images
========== Processing scene: scene0379_00 ==========
Scene scene0379_00 already has been processed. Skipping, and deleting the folders.
running:  /scratch/indrisch//vllm_experiments/data_support/ScanNet/SensReader/python/create_dars.sh scene0379_00 --delete_folders --num_workers 4 --export_color_images
========== Processing scene: scene0380_00 ==========
Scene scene0380_00 already has been processed. Skipping, and deleting the folders.
running:  /scratch/indrisch//vllm_experiments/data_support/ScanNet/SensReader/python/create_dars.sh scene0380_00 --delete_folders --num_workers 4 --export_color_images
========== Processing scene: scene0383_00 ==========
Scene scene0383_00 already has been processed. Skipping, and deleting the folders.
running:  /scratch/indrisch//vllm_experiments/data_support/ScanNet/SensReader/python/create_dars.sh scene0383_00 --delete_folders --num_workers 4 --export_color_images
========== Processing scene: scene0384_00 ==========
Scene scene0384_00 already has been processed. Skipping, and deleting the folders.
running:  /scratch/indrisch//vllm_experiments/data_support/ScanNet/SensReader/python/create_dars.sh scene0384_00 --delete_folders --num_workers 4 --export_color_images
========== Processing scene: scene0385_00 ==========
Scene scene0385_00 already has been processed. Skipping, and deleting the folders.
running:  /scratch/indrisch//vllm_experiments/data_support/ScanNet/SensReader/python/create_dars.sh scene0385_00 --delete_folders --num_workers 4 --export_color_images
========== Processing scene: scene0386_00 ==========
Scene scene0386_00 already has been processed. Skipping, and deleting the folders.
running:  /scratch/indrisch//vllm_experiments/data_support/ScanNet/SensReader/python/create_dars.sh scene0386_00 --delete_folders --num_workers 4 --export_color_images
========== Processing scene: scene0387_00 ==========
Scene scene0387_00 already has been processed. Skipping, and deleting the folders.
running:  /scratch/indrisch//vllm_experiments/data_support/ScanNet/SensReader/python/create_dars.sh scene0387_00 --delete_folders --num_workers 4 --export_color_images
========== Processing scene: scene0388_00 ==========
Scene scene0388_00 already has been processed. Skipping, and deleting the folders.
running:  /scratch/indrisch//vllm_experiments/data_support/ScanNet/SensReader/python/create_dars.sh scene0388_00 --delete_folders --num_workers 4 --export_color_images
========== Processing scene: scene0390_00 ==========
Scene scene0390_00 already has been processed. Skipping, and deleting the folders.
running:  /scratch/indrisch//vllm_experiments/data_support/ScanNet/SensReader/python/create_dars.sh scene0390_00 --delete_folders --num_workers 4 --export_color_images
========== Processing scene: scene0391_00 ==========
Scene scene0391_00 already has been processed. Skipping, and deleting the folders.
running:  /scratch/indrisch//vllm_experiments/data_support/ScanNet/SensReader/python/create_dars.sh scene0391_00 --delete_folders --num_workers 4 --export_color_images
========== Processing scene: scene0392_00 ==========
Scene scene0392_00 already has been processed. Skipping, and deleting the folders.
running:  /scratch/indrisch//vllm_experiments/data_support/ScanNet/SensReader/python/create_dars.sh scene0392_00 --delete_folders --num_workers 4 --export_color_images
========== Processing scene: scene0393_00 ==========
Scene scene0393_00 already has been processed. Skipping, and deleting the folders.
running:  /scratch/indrisch//vllm_experiments/data_support/ScanNet/SensReader/python/create_dars.sh scene0393_00 --delete_folders --num_workers 4 --export_color_images
========== Processing scene: scene0394_00 ==========
Scene scene0394_00 already has been processed. Skipping, and deleting the folders.
running:  /scratch/indrisch//vllm_experiments/data_support/ScanNet/SensReader/python/create_dars.sh scene0394_00 --delete_folders --num_workers 4 --export_color_images
========== Processing scene: scene0395_00 ==========
Scene scene0395_00 already has been processed. Skipping, and deleting the folders.
running:  /scratch/indrisch//vllm_experiments/data_support/ScanNet/SensReader/python/create_dars.sh scene0395_00 --delete_folders --num_workers 4 --export_color_images
========== Processing scene: scene0396_00 ==========
Scene scene0396_00 already has been processed. Skipping, and deleting the folders.
running:  /scratch/indrisch//vllm_experiments/data_support/ScanNet/SensReader/python/create_dars.sh scene0396_00 --delete_folders --num_workers 4 --export_color_images
========== Processing scene: scene0397_00 ==========
Scene scene0397_00 already has been processed. Skipping, and deleting the folders.
running:  /scratch/indrisch//vllm_experiments/data_support/ScanNet/SensReader/python/create_dars.sh scene0397_00 --delete_folders --num_workers 4 --export_color_images
========== Processing scene: scene0398_00 ==========
Scene scene0398_00 already has been processed. Skipping, and deleting the folders.
running:  /scratch/indrisch//vllm_experiments/data_support/ScanNet/SensReader/python/create_dars.sh scene0398_00 --delete_folders --num_workers 4 --export_color_images
========== Processing scene: scene0399_00 ==========
Scene scene0399_00 already has been processed. Skipping, and deleting the folders.
running:  /scratch/indrisch//vllm_experiments/data_support/ScanNet/SensReader/python/create_dars.sh scene0399_00 --delete_folders --num_workers 4 --export_color_images
========== Processing scene: scene0400_00 ==========
Scene scene0400_00 already has been processed. Skipping, and deleting the folders.
running:  /scratch/indrisch//vllm_experiments/data_support/ScanNet/SensReader/python/create_dars.sh scene0400_00 --delete_folders --num_workers 4 --export_color_images
========== Processing scene: scene0401_00 ==========
Scene scene0401_00 already has been processed. Skipping, and deleting the folders.
running:  /scratch/indrisch//vllm_experiments/data_support/ScanNet/SensReader/python/create_dars.sh scene0401_00 --delete_folders --num_workers 4 --export_color_images
========== Processing scene: scene0402_00 ==========
Scene scene0402_00 already has been processed. Skipping, and deleting the folders.
running:  /scratch/indrisch//vllm_experiments/data_support/ScanNet/SensReader/python/create_dars.sh scene0402_00 --delete_folders --num_workers 4 --export_color_images
========== Processing scene: scene0403_00 ==========
Scene scene0403_00 already has been processed. Skipping, and deleting the folders.
running:  /scratch/indrisch//vllm_experiments/data_support/ScanNet/SensReader/python/create_dars.sh scene0403_00 --delete_folders --num_workers 4 --export_color_images
========== Processing scene: scene0404_00 ==========
Scene scene0404_00 already has been processed. Skipping, and deleting the folders.
running:  /scratch/indrisch//vllm_experiments/data_support/ScanNet/SensReader/python/create_dars.sh scene0404_00 --delete_folders --num_workers 4 --export_color_images
========== Processing scene: scene0407_00 ==========
Scene scene0407_00 already has been processed. Skipping, and deleting the folders.
running:  /scratch/indrisch//vllm_experiments/data_support/ScanNet/SensReader/python/create_dars.sh scene0407_00 --delete_folders --num_workers 4 --export_color_images
========== Processing scene: scene0409_00 ==========
Scene scene0409_00 already has been processed. Skipping, and deleting the folders.
running:  /scratch/indrisch//vllm_experiments/data_support/ScanNet/SensReader/python/create_dars.sh scene0409_00 --delete_folders --num_workers 4 --export_color_images
========== Processing scene: scene0410_00 ==========
Scene scene0410_00 already has been processed. Skipping, and deleting the folders.
running:  /scratch/indrisch//vllm_experiments/data_support/ScanNet/SensReader/python/create_dars.sh scene0410_00 --delete_folders --num_workers 4 --export_color_images
========== Processing scene: scene0411_00 ==========
Scene scene0411_00 already has been processed. Skipping, and deleting the folders.
running:  /scratch/indrisch//vllm_experiments/data_support/ScanNet/SensReader/python/create_dars.sh scene0411_00 --delete_folders --num_workers 4 --export_color_images
========== Processing scene: scene0413_00 ==========
Scene scene0413_00 already has been processed. Skipping, and deleting the folders.
running:  /scratch/indrisch//vllm_experiments/data_support/ScanNet/SensReader/python/create_dars.sh scene0413_00 --delete_folders --num_workers 4 --export_color_images
========== Processing scene: scene0415_00 ==========
Scene scene0415_00 already has been processed. Skipping, and deleting the folders.
running:  /scratch/indrisch//vllm_experiments/data_support/ScanNet/SensReader/python/create_dars.sh scene0415_00 --delete_folders --num_workers 4 --export_color_images
========== Processing scene: scene0416_00 ==========
Scene scene0416_00 already has been processed. Skipping, and deleting the folders.
running:  /scratch/indrisch//vllm_experiments/data_support/ScanNet/SensReader/python/create_dars.sh scene0416_00 --delete_folders --num_workers 4 --export_color_images
========== Processing scene: scene0417_00 ==========
Scene scene0417_00 already has been processed. Skipping, and deleting the folders.
running:  /scratch/indrisch//vllm_experiments/data_support/ScanNet/SensReader/python/create_dars.sh scene0417_00 --delete_folders --num_workers 4 --export_color_images
========== Processing scene: scene0418_00 ==========
Scene scene0418_00 already has been processed. Skipping, and deleting the folders.
running:  /scratch/indrisch//vllm_experiments/data_support/ScanNet/SensReader/python/create_dars.sh scene0418_00 --delete_folders --num_workers 4 --export_color_images
========== Processing scene: scene0419_00 ==========
Scene scene0419_00 already has been processed. Skipping, and deleting the folders.
running:  /scratch/indrisch//vllm_experiments/data_support/ScanNet/SensReader/python/create_dars.sh scene0419_00 --delete_folders --num_workers 4 --export_color_images
========== Processing scene: scene0420_00 ==========
Scene scene0420_00 already has been processed. Skipping, and deleting the folders.
running:  /scratch/indrisch//vllm_experiments/data_support/ScanNet/SensReader/python/create_dars.sh scene0420_00 --delete_folders --num_workers 4 --export_color_images
========== Processing scene: scene0422_00 ==========
Scene scene0422_00 already has been processed. Skipping, and deleting the folders.
running:  /scratch/indrisch//vllm_experiments/data_support/ScanNet/SensReader/python/create_dars.sh scene0422_00 --delete_folders --num_workers 4 --export_color_images
========== Processing scene: scene0424_00 ==========
Scene scene0424_00 already has been processed. Skipping, and deleting the folders.
running:  /scratch/indrisch//vllm_experiments/data_support/ScanNet/SensReader/python/create_dars.sh scene0424_00 --delete_folders --num_workers 4 --export_color_images
========== Processing scene: scene0425_00 ==========
Scene scene0425_00 already has been processed. Skipping, and deleting the folders.
running:  /scratch/indrisch//vllm_experiments/data_support/ScanNet/SensReader/python/create_dars.sh scene0425_00 --delete_folders --num_workers 4 --export_color_images
========== Processing scene: scene0428_00 ==========
Scene scene0428_00 already has been processed. Skipping, and deleting the folders.
running:  /scratch/indrisch//vllm_experiments/data_support/ScanNet/SensReader/python/create_dars.sh scene0428_00 --delete_folders --num_workers 4 --export_color_images
========== Processing scene: scene0429_00 ==========
Scene scene0429_00 already has been processed. Skipping, and deleting the folders.
running:  /scratch/indrisch//vllm_experiments/data_support/ScanNet/SensReader/python/create_dars.sh scene0429_00 --delete_folders --num_workers 4 --export_color_images
========== Processing scene: scene0431_00 ==========
Scene scene0431_00 already has been processed. Skipping, and deleting the folders.
running:  /scratch/indrisch//vllm_experiments/data_support/ScanNet/SensReader/python/create_dars.sh scene0431_00 --delete_folders --num_workers 4 --export_color_images
========== Processing scene: scene0433_00 ==========
Scene scene0433_00 already has been processed. Skipping, and deleting the folders.
running:  /scratch/indrisch//vllm_experiments/data_support/ScanNet/SensReader/python/create_dars.sh scene0433_00 --delete_folders --num_workers 4 --export_color_images
========== Processing scene: scene0434_00 ==========
Scene scene0434_00 already has been processed. Skipping, and deleting the folders.
running:  /scratch/indrisch//vllm_experiments/data_support/ScanNet/SensReader/python/create_dars.sh scene0434_00 --delete_folders --num_workers 4 --export_color_images
========== Processing scene: scene0436_00 ==========
Scene scene0436_00 already has been processed. Skipping, and deleting the folders.
running:  /scratch/indrisch//vllm_experiments/data_support/ScanNet/SensReader/python/create_dars.sh scene0436_00 --delete_folders --num_workers 4 --export_color_images
========== Processing scene: scene0437_00 ==========
Scene scene0437_00 already has been processed. Skipping, and deleting the folders.
running:  /scratch/indrisch//vllm_experiments/data_support/ScanNet/SensReader/python/create_dars.sh scene0437_00 --delete_folders --num_workers 4 --export_color_images
========== Processing scene: scene0438_00 ==========
Scene scene0438_00 already has been processed. Skipping, and deleting the folders.
running:  /scratch/indrisch//vllm_experiments/data_support/ScanNet/SensReader/python/create_dars.sh scene0438_00 --delete_folders --num_workers 4 --export_color_images
========== Processing scene: scene0439_00 ==========
Scene scene0439_00 already has been processed. Skipping, and deleting the folders.
running:  /scratch/indrisch//vllm_experiments/data_support/ScanNet/SensReader/python/create_dars.sh scene0439_00 --delete_folders --num_workers 4 --export_color_images
========== Processing scene: scene0440_00 ==========
Scene scene0440_00 already has been processed. Skipping, and deleting the folders.
running:  /scratch/indrisch//vllm_experiments/data_support/ScanNet/SensReader/python/create_dars.sh scene0440_00 --delete_folders --num_workers 4 --export_color_images
========== Processing scene: scene0442_00 ==========
Scene scene0442_00 already has been processed. Skipping, and deleting the folders.
running:  /scratch/indrisch//vllm_experiments/data_support/ScanNet/SensReader/python/create_dars.sh scene0442_00 --delete_folders --num_workers 4 --export_color_images
========== Processing scene: scene0443_00 ==========
Scene scene0443_00 already has been processed. Skipping, and deleting the folders.
running:  /scratch/indrisch//vllm_experiments/data_support/ScanNet/SensReader/python/create_dars.sh scene0443_00 --delete_folders --num_workers 4 --export_color_images
========== Processing scene: scene0445_00 ==========
Scene scene0445_00 already has been processed. Skipping, and deleting the folders.
running:  /scratch/indrisch//vllm_experiments/data_support/ScanNet/SensReader/python/create_dars.sh scene0445_00 --delete_folders --num_workers 4 --export_color_images
========== Processing scene: scene0446_00 ==========
Scene scene0446_00 already has been processed. Skipping, and deleting the folders.
running:  /scratch/indrisch//vllm_experiments/data_support/ScanNet/SensReader/python/create_dars.sh scene0446_00 --delete_folders --num_workers 4 --export_color_images
========== Processing scene: scene0447_00 ==========
Scene scene0447_00 already has been processed. Skipping, and deleting the folders.
running:  /scratch/indrisch//vllm_experiments/data_support/ScanNet/SensReader/python/create_dars.sh scene0447_00 --delete_folders --num_workers 4 --export_color_images
========== Processing scene: scene0448_00 ==========
Scene scene0448_00 already has been processed. Skipping, and deleting the folders.
running:  /scratch/indrisch//vllm_experiments/data_support/ScanNet/SensReader/python/create_dars.sh scene0448_00 --delete_folders --num_workers 4 --export_color_images
========== Processing scene: scene0449_00 ==========
Scene scene0449_00 already has been processed. Skipping, and deleting the folders.
running:  /scratch/indrisch//vllm_experiments/data_support/ScanNet/SensReader/python/create_dars.sh scene0449_00 --delete_folders --num_workers 4 --export_color_images
========== Processing scene: scene0450_00 ==========
Scene scene0450_00 already has been processed. Skipping, and deleting the folders.
running:  /scratch/indrisch//vllm_experiments/data_support/ScanNet/SensReader/python/create_dars.sh scene0450_00 --delete_folders --num_workers 4 --export_color_images
========== Processing scene: scene0451_00 ==========
Scene scene0451_00 already has been processed. Skipping, and deleting the folders.
running:  /scratch/indrisch//vllm_experiments/data_support/ScanNet/SensReader/python/create_dars.sh scene0451_00 --delete_folders --num_workers 4 --export_color_images
========== Processing scene: scene0452_00 ==========
Scene scene0452_00 already has been processed. Skipping, and deleting the folders.
running:  /scratch/indrisch//vllm_experiments/data_support/ScanNet/SensReader/python/create_dars.sh scene0452_00 --delete_folders --num_workers 4 --export_color_images
========== Processing scene: scene0453_00 ==========
Scene scene0453_00 already has been processed. Skipping, and deleting the folders.
running:  /scratch/indrisch//vllm_experiments/data_support/ScanNet/SensReader/python/create_dars.sh scene0453_00 --delete_folders --num_workers 4 --export_color_images
========== Processing scene: scene0455_00 ==========
Scene scene0455_00 already has been processed. Skipping, and deleting the folders.
running:  /scratch/indrisch//vllm_experiments/data_support/ScanNet/SensReader/python/create_dars.sh scene0455_00 --delete_folders --num_workers 4 --export_color_images
========== Processing scene: scene0456_00 ==========
Scene scene0456_00 already has been processed. Skipping, and deleting the folders.
running:  /scratch/indrisch//vllm_experiments/data_support/ScanNet/SensReader/python/create_dars.sh scene0456_00 --delete_folders --num_workers 4 --export_color_images
========== Processing scene: scene0457_00 ==========
Scene scene0457_00 already has been processed. Skipping, and deleting the folders.
running:  /scratch/indrisch//vllm_experiments/data_support/ScanNet/SensReader/python/create_dars.sh scene0457_00 --delete_folders --num_workers 4 --export_color_images
========== Processing scene: scene0459_00 ==========
Scene scene0459_00 already has been processed. Skipping, and deleting the folders.
running:  /scratch/indrisch//vllm_experiments/data_support/ScanNet/SensReader/python/create_dars.sh scene0459_00 --delete_folders --num_workers 4 --export_color_images
========== Processing scene: scene0460_00 ==========
Scene scene0460_00 already has been processed. Skipping, and deleting the folders.
running:  /scratch/indrisch//vllm_experiments/data_support/ScanNet/SensReader/python/create_dars.sh scene0460_00 --delete_folders --num_workers 4 --export_color_images
========== Processing scene: scene0463_00 ==========
Scene scene0463_00 already has been processed. Skipping, and deleting the folders.
running:  /scratch/indrisch//vllm_experiments/data_support/ScanNet/SensReader/python/create_dars.sh scene0463_00 --delete_folders --num_workers 4 --export_color_images
========== Processing scene: scene0464_00 ==========
Scene scene0464_00 already has been processed. Skipping, and deleting the folders.
running:  /scratch/indrisch//vllm_experiments/data_support/ScanNet/SensReader/python/create_dars.sh scene0464_00 --delete_folders --num_workers 4 --export_color_images
========== Processing scene: scene0465_00 ==========
Scene scene0465_00 already has been processed. Skipping, and deleting the folders.
running:  /scratch/indrisch//vllm_experiments/data_support/ScanNet/SensReader/python/create_dars.sh scene0465_00 --delete_folders --num_workers 4 --export_color_images
========== Processing scene: scene0466_00 ==========
Scene scene0466_00 already has been processed. Skipping, and deleting the folders.
running:  /scratch/indrisch//vllm_experiments/data_support/ScanNet/SensReader/python/create_dars.sh scene0466_00 --delete_folders --num_workers 4 --export_color_images
========== Processing scene: scene0467_00 ==========
Scene scene0467_00 already has been processed. Skipping, and deleting the folders.
running:  /scratch/indrisch//vllm_experiments/data_support/ScanNet/SensReader/python/create_dars.sh scene0467_00 --delete_folders --num_workers 4 --export_color_images
========== Processing scene: scene0468_00 ==========
Scene scene0468_00 already has been processed. Skipping, and deleting the folders.
running:  /scratch/indrisch//vllm_experiments/data_support/ScanNet/SensReader/python/create_dars.sh scene0468_00 --delete_folders --num_workers 4 --export_color_images
========== Processing scene: scene0469_00 ==========
Scene scene0469_00 already has been processed. Skipping, and deleting the folders.
running:  /scratch/indrisch//vllm_experiments/data_support/ScanNet/SensReader/python/create_dars.sh scene0469_00 --delete_folders --num_workers 4 --export_color_images
========== Processing scene: scene0470_00 ==========
Scene scene0470_00 already has been processed. Skipping, and deleting the folders.
running:  /scratch/indrisch//vllm_experiments/data_support/ScanNet/SensReader/python/create_dars.sh scene0470_00 --delete_folders --num_workers 4 --export_color_images
========== Processing scene: scene0472_00 ==========
Scene scene0472_00 already has been processed. Skipping, and deleting the folders.
running:  /scratch/indrisch//vllm_experiments/data_support/ScanNet/SensReader/python/create_dars.sh scene0472_00 --delete_folders --num_workers 4 --export_color_images
========== Processing scene: scene0473_00 ==========
Scene scene0473_00 already has been processed. Skipping, and deleting the folders.
running:  /scratch/indrisch//vllm_experiments/data_support/ScanNet/SensReader/python/create_dars.sh scene0473_00 --delete_folders --num_workers 4 --export_color_images
========== Processing scene: scene0475_00 ==========
Scene scene0475_00 already has been processed. Skipping, and deleting the folders.
running:  /scratch/indrisch//vllm_experiments/data_support/ScanNet/SensReader/python/create_dars.sh scene0475_00 --delete_folders --num_workers 4 --export_color_images
========== Processing scene: scene0476_00 ==========
Scene scene0476_00 already has been processed. Skipping, and deleting the folders.
running:  /scratch/indrisch//vllm_experiments/data_support/ScanNet/SensReader/python/create_dars.sh scene0476_00 --delete_folders --num_workers 4 --export_color_images
========== Processing scene: scene0477_00 ==========
Scene scene0477_00 already has been processed. Skipping, and deleting the folders.
running:  /scratch/indrisch//vllm_experiments/data_support/ScanNet/SensReader/python/create_dars.sh scene0477_00 --delete_folders --num_workers 4 --export_color_images
========== Processing scene: scene0478_00 ==========
Scene scene0478_00 already has been processed. Skipping, and deleting the folders.
running:  /scratch/indrisch//vllm_experiments/data_support/ScanNet/SensReader/python/create_dars.sh scene0478_00 --delete_folders --num_workers 4 --export_color_images
========== Processing scene: scene0479_00 ==========
Scene scene0479_00 already has been processed. Skipping, and deleting the folders.
running:  /scratch/indrisch//vllm_experiments/data_support/ScanNet/SensReader/python/create_dars.sh scene0479_00 --delete_folders --num_workers 4 --export_color_images
========== Processing scene: scene0480_00 ==========
Scene scene0480_00 already has been processed. Skipping, and deleting the folders.
running:  /scratch/indrisch//vllm_experiments/data_support/ScanNet/SensReader/python/create_dars.sh scene0480_00 --delete_folders --num_workers 4 --export_color_images
========== Processing scene: scene0481_00 ==========
Scene scene0481_00 already has been processed. Skipping, and deleting the folders.
running:  /scratch/indrisch//vllm_experiments/data_support/ScanNet/SensReader/python/create_dars.sh scene0481_00 --delete_folders --num_workers 4 --export_color_images
========== Processing scene: scene0482_00 ==========
Scene scene0482_00 already has been processed. Skipping, and deleting the folders.
running:  /scratch/indrisch//vllm_experiments/data_support/ScanNet/SensReader/python/create_dars.sh scene0482_00 --delete_folders --num_workers 4 --export_color_images
========== Processing scene: scene0483_00 ==========
Scene scene0483_00 already has been processed. Skipping, and deleting the folders.
running:  /scratch/indrisch//vllm_experiments/data_support/ScanNet/SensReader/python/create_dars.sh scene0483_00 --delete_folders --num_workers 4 --export_color_images
========== Processing scene: scene0485_00 ==========
Scene scene0485_00 already has been processed. Skipping, and deleting the folders.
running:  /scratch/indrisch//vllm_experiments/data_support/ScanNet/SensReader/python/create_dars.sh scene0485_00 --delete_folders --num_workers 4 --export_color_images
========== Processing scene: scene0486_00 ==========
Scene scene0486_00 already has been processed. Skipping, and deleting the folders.
running:  /scratch/indrisch//vllm_experiments/data_support/ScanNet/SensReader/python/create_dars.sh scene0486_00 --delete_folders --num_workers 4 --export_color_images
========== Processing scene: scene0487_00 ==========
Scene scene0487_00 already has been processed. Skipping, and deleting the folders.
running:  /scratch/indrisch//vllm_experiments/data_support/ScanNet/SensReader/python/create_dars.sh scene0487_00 --delete_folders --num_workers 4 --export_color_images
========== Processing scene: scene0489_00 ==========
Scene scene0489_00 already has been processed. Skipping, and deleting the folders.
running:  /scratch/indrisch//vllm_experiments/data_support/ScanNet/SensReader/python/create_dars.sh scene0489_00 --delete_folders --num_workers 4 --export_color_images
========== Processing scene: scene0492_00 ==========
Scene scene0492_00 already has been processed. Skipping, and deleting the folders.
running:  /scratch/indrisch//vllm_experiments/data_support/ScanNet/SensReader/python/create_dars.sh scene0492_00 --delete_folders --num_workers 4 --export_color_images
========== Processing scene: scene0493_00 ==========
Scene scene0493_00 already has been processed. Skipping, and deleting the folders.
running:  /scratch/indrisch//vllm_experiments/data_support/ScanNet/SensReader/python/create_dars.sh scene0493_00 --delete_folders --num_workers 4 --export_color_images
========== Processing scene: scene0495_00 ==========
Scene scene0495_00 already has been processed. Skipping, and deleting the folders.
running:  /scratch/indrisch//vllm_experiments/data_support/ScanNet/SensReader/python/create_dars.sh scene0495_00 --delete_folders --num_workers 4 --export_color_images
========== Processing scene: scene0497_00 ==========
Scene scene0497_00 already has been processed. Skipping, and deleting the folders.
running:  /scratch/indrisch//vllm_experiments/data_support/ScanNet/SensReader/python/create_dars.sh scene0497_00 --delete_folders --num_workers 4 --export_color_images
========== Processing scene: scene0498_00 ==========
Scene scene0498_00 already has been processed. Skipping, and deleting the folders.
running:  /scratch/indrisch//vllm_experiments/data_support/ScanNet/SensReader/python/create_dars.sh scene0498_00 --delete_folders --num_workers 4 --export_color_images
========== Processing scene: scene0499_00 ==========
Scene scene0499_00 already has been processed. Skipping, and deleting the folders.
running:  /scratch/indrisch//vllm_experiments/data_support/ScanNet/SensReader/python/create_dars.sh scene0499_00 --delete_folders --num_workers 4 --export_color_images
========== Processing scene: scene0501_00 ==========
Scene scene0501_00 already has been processed. Skipping, and deleting the folders.
running:  /scratch/indrisch//vllm_experiments/data_support/ScanNet/SensReader/python/create_dars.sh scene0501_00 --delete_folders --num_workers 4 --export_color_images
========== Processing scene: scene0502_00 ==========
Scene scene0502_00 already has been processed. Skipping, and deleting the folders.
running:  /scratch/indrisch//vllm_experiments/data_support/ScanNet/SensReader/python/create_dars.sh scene0502_00 --delete_folders --num_workers 4 --export_color_images
========== Processing scene: scene0503_00 ==========
Scene scene0503_00 already has been processed. Skipping, and deleting the folders.
running:  /scratch/indrisch//vllm_experiments/data_support/ScanNet/SensReader/python/create_dars.sh scene0503_00 --delete_folders --num_workers 4 --export_color_images
========== Processing scene: scene0504_00 ==========
Scene scene0504_00 already has been processed. Skipping, and deleting the folders.
running:  /scratch/indrisch//vllm_experiments/data_support/ScanNet/SensReader/python/create_dars.sh scene0504_00 --delete_folders --num_workers 4 --export_color_images
========== Processing scene: scene0505_00 ==========
Scene scene0505_00 already has been processed. Skipping, and deleting the folders.
running:  /scratch/indrisch//vllm_experiments/data_support/ScanNet/SensReader/python/create_dars.sh scene0505_00 --delete_folders --num_workers 4 --export_color_images
========== Processing scene: scene0506_00 ==========
Scene scene0506_00 already has been processed. Skipping, and deleting the folders.
running:  /scratch/indrisch//vllm_experiments/data_support/ScanNet/SensReader/python/create_dars.sh scene0506_00 --delete_folders --num_workers 4 --export_color_images
========== Processing scene: scene0507_00 ==========
Scene scene0507_00 already has been processed. Skipping, and deleting the folders.
running:  /scratch/indrisch//vllm_experiments/data_support/ScanNet/SensReader/python/create_dars.sh scene0507_00 --delete_folders --num_workers 4 --export_color_images
========== Processing scene: scene0508_00 ==========
Scene scene0508_00 already has been processed. Skipping, and deleting the folders.
running:  /scratch/indrisch//vllm_experiments/data_support/ScanNet/SensReader/python/create_dars.sh scene0508_00 --delete_folders --num_workers 4 --export_color_images
========== Processing scene: scene0509_00 ==========
Scene scene0509_00 already has been processed. Skipping, and deleting the folders.
running:  /scratch/indrisch//vllm_experiments/data_support/ScanNet/SensReader/python/create_dars.sh scene0509_00 --delete_folders --num_workers 4 --export_color_images
========== Processing scene: scene0510_00 ==========
Scene scene0510_00 already has been processed. Skipping, and deleting the folders.
running:  /scratch/indrisch//vllm_experiments/data_support/ScanNet/SensReader/python/create_dars.sh scene0510_00 --delete_folders --num_workers 4 --export_color_images
========== Processing scene: scene0511_00 ==========
Scene scene0511_00 already has been processed. Skipping, and deleting the folders.
running:  /scratch/indrisch//vllm_experiments/data_support/ScanNet/SensReader/python/create_dars.sh scene0511_00 --delete_folders --num_workers 4 --export_color_images
========== Processing scene: scene0512_00 ==========
Scene scene0512_00 already has been processed. Skipping, and deleting the folders.
running:  /scratch/indrisch//vllm_experiments/data_support/ScanNet/SensReader/python/create_dars.sh scene0512_00 --delete_folders --num_workers 4 --export_color_images
========== Processing scene: scene0513_00 ==========
Scene scene0513_00 already has been processed. Skipping, and deleting the folders.
running:  /scratch/indrisch//vllm_experiments/data_support/ScanNet/SensReader/python/create_dars.sh scene0513_00 --delete_folders --num_workers 4 --export_color_images
========== Processing scene: scene0514_00 ==========
Scene scene0514_00 already has been processed. Skipping, and deleting the folders.
running:  /scratch/indrisch//vllm_experiments/data_support/ScanNet/SensReader/python/create_dars.sh scene0514_00 --delete_folders --num_workers 4 --export_color_images
========== Processing scene: scene0515_00 ==========
Scene scene0515_00 already has been processed. Skipping, and deleting the folders.
running:  /scratch/indrisch//vllm_experiments/data_support/ScanNet/SensReader/python/create_dars.sh scene0515_00 --delete_folders --num_workers 4 --export_color_images
========== Processing scene: scene0516_00 ==========
Scene scene0516_00 already has been processed. Skipping, and deleting the folders.
running:  /scratch/indrisch//vllm_experiments/data_support/ScanNet/SensReader/python/create_dars.sh scene0516_00 --delete_folders --num_workers 4 --export_color_images
========== Processing scene: scene0517_00 ==========
Scene scene0517_00 already has been processed. Skipping, and deleting the folders.
running:  /scratch/indrisch//vllm_experiments/data_support/ScanNet/SensReader/python/create_dars.sh scene0517_00 --delete_folders --num_workers 4 --export_color_images
========== Processing scene: scene0519_00 ==========
Scene scene0519_00 already has been processed. Skipping, and deleting the folders.
running:  /scratch/indrisch//vllm_experiments/data_support/ScanNet/SensReader/python/create_dars.sh scene0519_00 --delete_folders --num_workers 4 --export_color_images
========== Processing scene: scene0520_00 ==========
Scene scene0520_00 already has been processed. Skipping, and deleting the folders.
running:  /scratch/indrisch//vllm_experiments/data_support/ScanNet/SensReader/python/create_dars.sh scene0520_00 --delete_folders --num_workers 4 --export_color_images
========== Processing scene: scene0521_00 ==========
Scene scene0521_00 already has been processed. Skipping, and deleting the folders.
running:  /scratch/indrisch//vllm_experiments/data_support/ScanNet/SensReader/python/create_dars.sh scene0521_00 --delete_folders --num_workers 4 --export_color_images
========== Processing scene: scene0522_00 ==========
Scene scene0522_00 already has been processed. Skipping, and deleting the folders.
running:  /scratch/indrisch//vllm_experiments/data_support/ScanNet/SensReader/python/create_dars.sh scene0522_00 --delete_folders --num_workers 4 --export_color_images
========== Processing scene: scene0523_00 ==========
Scene scene0523_00 already has been processed. Skipping, and deleting the folders.
running:  /scratch/indrisch//vllm_experiments/data_support/ScanNet/SensReader/python/create_dars.sh scene0523_00 --delete_folders --num_workers 4 --export_color_images
========== Processing scene: scene0524_00 ==========
Scene scene0524_00 already has been processed. Skipping, and deleting the folders.
running:  /scratch/indrisch//vllm_experiments/data_support/ScanNet/SensReader/python/create_dars.sh scene0524_00 --delete_folders --num_workers 4 --export_color_images
========== Processing scene: scene0525_00 ==========
Scene scene0525_00 already has been processed. Skipping, and deleting the folders.
running:  /scratch/indrisch//vllm_experiments/data_support/ScanNet/SensReader/python/create_dars.sh scene0525_00 --delete_folders --num_workers 4 --export_color_images
========== Processing scene: scene0528_00 ==========
Scene scene0528_00 already has been processed. Skipping, and deleting the folders.
running:  /scratch/indrisch//vllm_experiments/data_support/ScanNet/SensReader/python/create_dars.sh scene0528_00 --delete_folders --num_workers 4 --export_color_images
========== Processing scene: scene0529_00 ==========
Scene scene0529_00 already has been processed. Skipping, and deleting the folders.
running:  /scratch/indrisch//vllm_experiments/data_support/ScanNet/SensReader/python/create_dars.sh scene0529_00 --delete_folders --num_workers 4 --export_color_images
========== Processing scene: scene0530_00 ==========
Scene scene0530_00 already has been processed. Skipping, and deleting the folders.
running:  /scratch/indrisch//vllm_experiments/data_support/ScanNet/SensReader/python/create_dars.sh scene0530_00 --delete_folders --num_workers 4 --export_color_images
========== Processing scene: scene0532_00 ==========
Scene scene0532_00 already has been processed. Skipping, and deleting the folders.
running:  /scratch/indrisch//vllm_experiments/data_support/ScanNet/SensReader/python/create_dars.sh scene0532_00 --delete_folders --num_workers 4 --export_color_images
========== Processing scene: scene0533_00 ==========
Scene scene0533_00 already has been processed. Skipping, and deleting the folders.
running:  /scratch/indrisch//vllm_experiments/data_support/ScanNet/SensReader/python/create_dars.sh scene0533_00 --delete_folders --num_workers 4 --export_color_images
========== Processing scene: scene0534_00 ==========
Scene scene0534_00 already has been processed. Skipping, and deleting the folders.
running:  /scratch/indrisch//vllm_experiments/data_support/ScanNet/SensReader/python/create_dars.sh scene0534_00 --delete_folders --num_workers 4 --export_color_images
========== Processing scene: scene0536_00 ==========
Scene scene0536_00 already has been processed. Skipping, and deleting the folders.
running:  /scratch/indrisch//vllm_experiments/data_support/ScanNet/SensReader/python/create_dars.sh scene0536_00 --delete_folders --num_workers 4 --export_color_images
========== Processing scene: scene0537_00 ==========
Scene scene0537_00 already has been processed. Skipping, and deleting the folders.
running:  /scratch/indrisch//vllm_experiments/data_support/ScanNet/SensReader/python/create_dars.sh scene0537_00 --delete_folders --num_workers 4 --export_color_images
========== Processing scene: scene0538_00 ==========
Scene scene0538_00 already has been processed. Skipping, and deleting the folders.
running:  /scratch/indrisch//vllm_experiments/data_support/ScanNet/SensReader/python/create_dars.sh scene0538_00 --delete_folders --num_workers 4 --export_color_images
========== Processing scene: scene0539_00 ==========
Scene scene0539_00 already has been processed. Skipping, and deleting the folders.
running:  /scratch/indrisch//vllm_experiments/data_support/ScanNet/SensReader/python/create_dars.sh scene0539_00 --delete_folders --num_workers 4 --export_color_images
========== Processing scene: scene0540_00 ==========
Scene scene0540_00 already has been processed. Skipping, and deleting the folders.
running:  /scratch/indrisch//vllm_experiments/data_support/ScanNet/SensReader/python/create_dars.sh scene0540_00 --delete_folders --num_workers 4 --export_color_images
========== Processing scene: scene0541_00 ==========
Scene scene0541_00 already has been processed. Skipping, and deleting the folders.
running:  /scratch/indrisch//vllm_experiments/data_support/ScanNet/SensReader/python/create_dars.sh scene0541_00 --delete_folders --num_workers 4 --export_color_images
========== Processing scene: scene0542_00 ==========
Scene scene0542_00 already has been processed. Skipping, and deleting the folders.
running:  /scratch/indrisch//vllm_experiments/data_support/ScanNet/SensReader/python/create_dars.sh scene0542_00 --delete_folders --num_workers 4 --export_color_images
========== Processing scene: scene0544_00 ==========
Scene scene0544_00 already has been processed. Skipping, and deleting the folders.
running:  /scratch/indrisch//vllm_experiments/data_support/ScanNet/SensReader/python/create_dars.sh scene0544_00 --delete_folders --num_workers 4 --export_color_images
========== Processing scene: scene0545_00 ==========
Scene scene0545_00 already has been processed. Skipping, and deleting the folders.
running:  /scratch/indrisch//vllm_experiments/data_support/ScanNet/SensReader/python/create_dars.sh scene0545_00 --delete_folders --num_workers 4 --export_color_images
========== Processing scene: scene0546_00 ==========
Scene scene0546_00 already has been processed. Skipping, and deleting the folders.
running:  /scratch/indrisch//vllm_experiments/data_support/ScanNet/SensReader/python/create_dars.sh scene0546_00 --delete_folders --num_workers 4 --export_color_images
========== Processing scene: scene0547_00 ==========
Scene scene0547_00 already has been processed. Skipping, and deleting the folders.
running:  /scratch/indrisch//vllm_experiments/data_support/ScanNet/SensReader/python/create_dars.sh scene0547_00 --delete_folders --num_workers 4 --export_color_images
========== Processing scene: scene0548_00 ==========
Scene scene0548_00 already has been processed. Skipping, and deleting the folders.
running:  /scratch/indrisch//vllm_experiments/data_support/ScanNet/SensReader/python/create_dars.sh scene0548_00 --delete_folders --num_workers 4 --export_color_images
========== Processing scene: scene0551_00 ==========
Scene scene0551_00 already has been processed. Skipping, and deleting the folders.
running:  /scratch/indrisch//vllm_experiments/data_support/ScanNet/SensReader/python/create_dars.sh scene0551_00 --delete_folders --num_workers 4 --export_color_images
========== Processing scene: scene0554_00 ==========
Scene scene0554_00 already has been processed. Skipping, and deleting the folders.
running:  /scratch/indrisch//vllm_experiments/data_support/ScanNet/SensReader/python/create_dars.sh scene0554_00 --delete_folders --num_workers 4 --export_color_images
========== Processing scene: scene0555_00 ==========
Scene scene0555_00 already has been processed. Skipping, and deleting the folders.
running:  /scratch/indrisch//vllm_experiments/data_support/ScanNet/SensReader/python/create_dars.sh scene0555_00 --delete_folders --num_workers 4 --export_color_images
========== Processing scene: scene0556_00 ==========
Scene scene0556_00 already has been processed. Skipping, and deleting the folders.
running:  /scratch/indrisch//vllm_experiments/data_support/ScanNet/SensReader/python/create_dars.sh scene0556_00 --delete_folders --num_workers 4 --export_color_images
========== Processing scene: scene0557_00 ==========
Scene scene0557_00 already has been processed. Skipping, and deleting the folders.
running:  /scratch/indrisch//vllm_experiments/data_support/ScanNet/SensReader/python/create_dars.sh scene0557_00 --delete_folders --num_workers 4 --export_color_images
========== Processing scene: scene0560_00 ==========
Scene scene0560_00 already has been processed. Skipping, and deleting the folders.
running:  /scratch/indrisch//vllm_experiments/data_support/ScanNet/SensReader/python/create_dars.sh scene0560_00 --delete_folders --num_workers 4 --export_color_images
========== Processing scene: scene0562_00 ==========
Scene scene0562_00 already has been processed. Skipping, and deleting the folders.
running:  /scratch/indrisch//vllm_experiments/data_support/ScanNet/SensReader/python/create_dars.sh scene0562_00 --delete_folders --num_workers 4 --export_color_images
========== Processing scene: scene0563_00 ==========
Scene scene0563_00 already has been processed. Skipping, and deleting the folders.
running:  /scratch/indrisch//vllm_experiments/data_support/ScanNet/SensReader/python/create_dars.sh scene0563_00 --delete_folders --num_workers 4 --export_color_images
========== Processing scene: scene0564_00 ==========
Scene scene0564_00 already has been processed. Skipping, and deleting the folders.
running:  /scratch/indrisch//vllm_experiments/data_support/ScanNet/SensReader/python/create_dars.sh scene0564_00 --delete_folders --num_workers 4 --export_color_images
========== Processing scene: scene0566_00 ==========
Scene scene0566_00 already has been processed. Skipping, and deleting the folders.
running:  /scratch/indrisch//vllm_experiments/data_support/ScanNet/SensReader/python/create_dars.sh scene0566_00 --delete_folders --num_workers 4 --export_color_images
========== Processing scene: scene0567_00 ==========
Scene scene0567_00 already has been processed. Skipping, and deleting the folders.
running:  /scratch/indrisch//vllm_experiments/data_support/ScanNet/SensReader/python/create_dars.sh scene0567_00 --delete_folders --num_workers 4 --export_color_images
========== Processing scene: scene0569_00 ==========
Scene scene0569_00 already has been processed. Skipping, and deleting the folders.
running:  /scratch/indrisch//vllm_experiments/data_support/ScanNet/SensReader/python/create_dars.sh scene0569_00 --delete_folders --num_workers 4 --export_color_images
========== Processing scene: scene0570_00 ==========
Scene scene0570_00 already has been processed. Skipping, and deleting the folders.
running:  /scratch/indrisch//vllm_experiments/data_support/ScanNet/SensReader/python/create_dars.sh scene0570_00 --delete_folders --num_workers 4 --export_color_images
========== Processing scene: scene0571_00 ==========
Scene scene0571_00 already has been processed. Skipping, and deleting the folders.
running:  /scratch/indrisch//vllm_experiments/data_support/ScanNet/SensReader/python/create_dars.sh scene0571_00 --delete_folders --num_workers 4 --export_color_images
========== Processing scene: scene0572_00 ==========
Scene scene0572_00 already has been processed. Skipping, and deleting the folders.
running:  /scratch/indrisch//vllm_experiments/data_support/ScanNet/SensReader/python/create_dars.sh scene0572_00 --delete_folders --num_workers 4 --export_color_images
========== Processing scene: scene0573_00 ==========
Scene scene0573_00 already has been processed. Skipping, and deleting the folders.
running:  /scratch/indrisch//vllm_experiments/data_support/ScanNet/SensReader/python/create_dars.sh scene0573_00 --delete_folders --num_workers 4 --export_color_images
========== Processing scene: scene0576_00 ==========
Scene scene0576_00 already has been processed. Skipping, and deleting the folders.
running:  /scratch/indrisch//vllm_experiments/data_support/ScanNet/SensReader/python/create_dars.sh scene0576_00 --delete_folders --num_workers 4 --export_color_images
========== Processing scene: scene0577_00 ==========
Scene scene0577_00 already has been processed. Skipping, and deleting the folders.
running:  /scratch/indrisch//vllm_experiments/data_support/ScanNet/SensReader/python/create_dars.sh scene0577_00 --delete_folders --num_workers 4 --export_color_images
========== Processing scene: scene0579_00 ==========
Scene scene0579_00 already has been processed. Skipping, and deleting the folders.
running:  /scratch/indrisch//vllm_experiments/data_support/ScanNet/SensReader/python/create_dars.sh scene0579_00 --delete_folders --num_workers 4 --export_color_images
========== Processing scene: scene0581_00 ==========
Scene scene0581_00 already has been processed. Skipping, and deleting the folders.
running:  /scratch/indrisch//vllm_experiments/data_support/ScanNet/SensReader/python/create_dars.sh scene0581_00 --delete_folders --num_workers 4 --export_color_images
========== Processing scene: scene0582_00 ==========
Scene scene0582_00 already has been processed. Skipping, and deleting the folders.
running:  /scratch/indrisch//vllm_experiments/data_support/ScanNet/SensReader/python/create_dars.sh scene0582_00 --delete_folders --num_workers 4 --export_color_images
========== Processing scene: scene0584_00 ==========
Scene scene0584_00 already has been processed. Skipping, and deleting the folders.
running:  /scratch/indrisch//vllm_experiments/data_support/ScanNet/SensReader/python/create_dars.sh scene0584_00 --delete_folders --num_workers 4 --export_color_images
========== Processing scene: scene0585_00 ==========
Scene scene0585_00 already has been processed. Skipping, and deleting the folders.
running:  /scratch/indrisch//vllm_experiments/data_support/ScanNet/SensReader/python/create_dars.sh scene0585_00 --delete_folders --num_workers 4 --export_color_images
========== Processing scene: scene0586_00 ==========
Scene scene0586_00 already has been processed. Skipping, and deleting the folders.
running:  /scratch/indrisch//vllm_experiments/data_support/ScanNet/SensReader/python/create_dars.sh scene0586_00 --delete_folders --num_workers 4 --export_color_images
========== Processing scene: scene0588_00 ==========
Scene scene0588_00 already has been processed. Skipping, and deleting the folders.
running:  /scratch/indrisch//vllm_experiments/data_support/ScanNet/SensReader/python/create_dars.sh scene0588_00 --delete_folders --num_workers 4 --export_color_images
========== Processing scene: scene0589_00 ==========
Scene scene0589_00 already has been processed. Skipping, and deleting the folders.
running:  /scratch/indrisch//vllm_experiments/data_support/ScanNet/SensReader/python/create_dars.sh scene0589_00 --delete_folders --num_workers 4 --export_color_images
========== Processing scene: scene0590_00 ==========
Scene scene0590_00 already has been processed. Skipping, and deleting the folders.
running:  /scratch/indrisch//vllm_experiments/data_support/ScanNet/SensReader/python/create_dars.sh scene0590_00 --delete_folders --num_workers 4 --export_color_images
========== Processing scene: scene0592_00 ==========
Scene scene0592_00 already has been processed. Skipping, and deleting the folders.
running:  /scratch/indrisch//vllm_experiments/data_support/ScanNet/SensReader/python/create_dars.sh scene0592_00 --delete_folders --num_workers 4 --export_color_images
========== Processing scene: scene0594_00 ==========
Scene scene0594_00 already has been processed. Skipping, and deleting the folders.
running:  /scratch/indrisch//vllm_experiments/data_support/ScanNet/SensReader/python/create_dars.sh scene0594_00 --delete_folders --num_workers 4 --export_color_images
========== Processing scene: scene0596_00 ==========
Scene scene0596_00 already has been processed. Skipping, and deleting the folders.
running:  /scratch/indrisch//vllm_experiments/data_support/ScanNet/SensReader/python/create_dars.sh scene0596_00 --delete_folders --num_workers 4 --export_color_images
========== Processing scene: scene0597_00 ==========
Scene scene0597_00 already has been processed. Skipping, and deleting the folders.
running:  /scratch/indrisch//vllm_experiments/data_support/ScanNet/SensReader/python/create_dars.sh scene0597_00 --delete_folders --num_workers 4 --export_color_images
========== Processing scene: scene0600_00 ==========
Scene scene0600_00 already has been processed. Skipping, and deleting the folders.
running:  /scratch/indrisch//vllm_experiments/data_support/ScanNet/SensReader/python/create_dars.sh scene0600_00 --delete_folders --num_workers 4 --export_color_images
========== Processing scene: scene0601_00 ==========
Scene scene0601_00 already has been processed. Skipping, and deleting the folders.
running:  /scratch/indrisch//vllm_experiments/data_support/ScanNet/SensReader/python/create_dars.sh scene0601_00 --delete_folders --num_workers 4 --export_color_images
========== Processing scene: scene0602_00 ==========
Scene scene0602_00 already has been processed. Skipping, and deleting the folders.
running:  /scratch/indrisch//vllm_experiments/data_support/ScanNet/SensReader/python/create_dars.sh scene0602_00 --delete_folders --num_workers 4 --export_color_images
========== Processing scene: scene0603_00 ==========
Scene scene0603_00 already has been processed. Skipping, and deleting the folders.
running:  /scratch/indrisch//vllm_experiments/data_support/ScanNet/SensReader/python/create_dars.sh scene0603_00 --delete_folders --num_workers 4 --export_color_images
========== Processing scene: scene0604_00 ==========
Scene scene0604_00 already has been processed. Skipping, and deleting the folders.
running:  /scratch/indrisch//vllm_experiments/data_support/ScanNet/SensReader/python/create_dars.sh scene0604_00 --delete_folders --num_workers 4 --export_color_images
========== Processing scene: scene0605_00 ==========
Scene scene0605_00 already has been processed. Skipping, and deleting the folders.
running:  /scratch/indrisch//vllm_experiments/data_support/ScanNet/SensReader/python/create_dars.sh scene0605_00 --delete_folders --num_workers 4 --export_color_images
========== Processing scene: scene0610_00 ==========
Scene scene0610_00 already has been processed. Skipping, and deleting the folders.
running:  /scratch/indrisch//vllm_experiments/data_support/ScanNet/SensReader/python/create_dars.sh scene0610_00 --delete_folders --num_workers 4 --export_color_images
========== Processing scene: scene0611_00 ==========
Scene scene0611_00 already has been processed. Skipping, and deleting the folders.
running:  /scratch/indrisch//vllm_experiments/data_support/ScanNet/SensReader/python/create_dars.sh scene0611_00 --delete_folders --num_workers 4 --export_color_images
========== Processing scene: scene0612_00 ==========
Scene scene0612_00 already has been processed. Skipping, and deleting the folders.
running:  /scratch/indrisch//vllm_experiments/data_support/ScanNet/SensReader/python/create_dars.sh scene0612_00 --delete_folders --num_workers 4 --export_color_images
========== Processing scene: scene0613_00 ==========
Scene scene0613_00 already has been processed. Skipping, and deleting the folders.
running:  /scratch/indrisch//vllm_experiments/data_support/ScanNet/SensReader/python/create_dars.sh scene0613_00 --delete_folders --num_workers 4 --export_color_images
========== Processing scene: scene0614_00 ==========
Scene scene0614_00 already has been processed. Skipping, and deleting the folders.
running:  /scratch/indrisch//vllm_experiments/data_support/ScanNet/SensReader/python/create_dars.sh scene0614_00 --delete_folders --num_workers 4 --export_color_images
========== Processing scene: scene0615_00 ==========
Scene scene0615_00 already has been processed. Skipping, and deleting the folders.
running:  /scratch/indrisch//vllm_experiments/data_support/ScanNet/SensReader/python/create_dars.sh scene0615_00 --delete_folders --num_workers 4 --export_color_images
========== Processing scene: scene0617_00 ==========
Scene scene0617_00 already has been processed. Skipping, and deleting the folders.
running:  /scratch/indrisch//vllm_experiments/data_support/ScanNet/SensReader/python/create_dars.sh scene0617_00 --delete_folders --num_workers 4 --export_color_images
========== Processing scene: scene0619_00 ==========
Scene scene0619_00 already has been processed. Skipping, and deleting the folders.
running:  /scratch/indrisch//vllm_experiments/data_support/ScanNet/SensReader/python/create_dars.sh scene0619_00 --delete_folders --num_workers 4 --export_color_images
========== Processing scene: scene0620_00 ==========
Scene scene0620_00 already has been processed. Skipping, and deleting the folders.
running:  /scratch/indrisch//vllm_experiments/data_support/ScanNet/SensReader/python/create_dars.sh scene0620_00 --delete_folders --num_workers 4 --export_color_images
========== Processing scene: scene0622_00 ==========
Scene scene0622_00 already has been processed. Skipping, and deleting the folders.
running:  /scratch/indrisch//vllm_experiments/data_support/ScanNet/SensReader/python/create_dars.sh scene0622_00 --delete_folders --num_workers 4 --export_color_images
========== Processing scene: scene0623_00 ==========
Scene scene0623_00 already has been processed. Skipping, and deleting the folders.
running:  /scratch/indrisch//vllm_experiments/data_support/ScanNet/SensReader/python/create_dars.sh scene0623_00 --delete_folders --num_workers 4 --export_color_images
========== Processing scene: scene0624_00 ==========
Scene scene0624_00 already has been processed. Skipping, and deleting the folders.
running:  /scratch/indrisch//vllm_experiments/data_support/ScanNet/SensReader/python/create_dars.sh scene0624_00 --delete_folders --num_workers 4 --export_color_images
========== Processing scene: scene0625_00 ==========
Scene scene0625_00 already has been processed. Skipping, and deleting the folders.
running:  /scratch/indrisch//vllm_experiments/data_support/ScanNet/SensReader/python/create_dars.sh scene0625_00 --delete_folders --num_workers 4 --export_color_images
========== Processing scene: scene0626_00 ==========
Scene scene0626_00 already has been processed. Skipping, and deleting the folders.
running:  /scratch/indrisch//vllm_experiments/data_support/ScanNet/SensReader/python/create_dars.sh scene0626_00 --delete_folders --num_workers 4 --export_color_images
========== Processing scene: scene0627_00 ==========
Scene scene0627_00 already has been processed. Skipping, and deleting the folders.
running:  /scratch/indrisch//vllm_experiments/data_support/ScanNet/SensReader/python/create_dars.sh scene0627_00 --delete_folders --num_workers 4 --export_color_images
========== Processing scene: scene0628_00 ==========
Scene scene0628_00 already has been processed. Skipping, and deleting the folders.
running:  /scratch/indrisch//vllm_experiments/data_support/ScanNet/SensReader/python/create_dars.sh scene0628_00 --delete_folders --num_workers 4 --export_color_images
========== Processing scene: scene0630_00 ==========
Scene scene0630_00 already has been processed. Skipping, and deleting the folders.
running:  /scratch/indrisch//vllm_experiments/data_support/ScanNet/SensReader/python/create_dars.sh scene0630_00 --delete_folders --num_workers 4 --export_color_images
========== Processing scene: scene0631_00 ==========
Scene scene0631_00 already has been processed. Skipping, and deleting the folders.
running:  /scratch/indrisch//vllm_experiments/data_support/ScanNet/SensReader/python/create_dars.sh scene0631_00 --delete_folders --num_workers 4 --export_color_images
========== Processing scene: scene0634_00 ==========
Scene scene0634_00 already has been processed. Skipping, and deleting the folders.
running:  /scratch/indrisch//vllm_experiments/data_support/ScanNet/SensReader/python/create_dars.sh scene0634_00 --delete_folders --num_workers 4 --export_color_images
========== Processing scene: scene0635_00 ==========
Scene scene0635_00 already has been processed. Skipping, and deleting the folders.
running:  /scratch/indrisch//vllm_experiments/data_support/ScanNet/SensReader/python/create_dars.sh scene0635_00 --delete_folders --num_workers 4 --export_color_images
========== Processing scene: scene0637_00 ==========
Scene scene0637_00 already has been processed. Skipping, and deleting the folders.
running:  /scratch/indrisch//vllm_experiments/data_support/ScanNet/SensReader/python/create_dars.sh scene0637_00 --delete_folders --num_workers 4 --export_color_images
========== Processing scene: scene0639_00 ==========
Scene scene0639_00 already has been processed. Skipping, and deleting the folders.
running:  /scratch/indrisch//vllm_experiments/data_support/ScanNet/SensReader/python/create_dars.sh scene0639_00 --delete_folders --num_workers 4 --export_color_images
========== Processing scene: scene0640_00 ==========
Scene scene0640_00 already has been processed. Skipping, and deleting the folders.
running:  /scratch/indrisch//vllm_experiments/data_support/ScanNet/SensReader/python/create_dars.sh scene0640_00 --delete_folders --num_workers 4 --export_color_images
========== Processing scene: scene0641_00 ==========
Scene scene0641_00 already has been processed. Skipping, and deleting the folders.
running:  /scratch/indrisch//vllm_experiments/data_support/ScanNet/SensReader/python/create_dars.sh scene0641_00 --delete_folders --num_workers 4 --export_color_images
========== Processing scene: scene0642_00 ==========
Scene scene0642_00 already has been processed. Skipping, and deleting the folders.
running:  /scratch/indrisch//vllm_experiments/data_support/ScanNet/SensReader/python/create_dars.sh scene0642_00 --delete_folders --num_workers 4 --export_color_images
========== Processing scene: scene0646_00 ==========
Scene scene0646_00 already has been processed. Skipping, and deleting the folders.
running:  /scratch/indrisch//vllm_experiments/data_support/ScanNet/SensReader/python/create_dars.sh scene0646_00 --delete_folders --num_workers 4 --export_color_images
========== Processing scene: scene0649_00 ==========
Scene scene0649_00 already has been processed. Skipping, and deleting the folders.
running:  /scratch/indrisch//vllm_experiments/data_support/ScanNet/SensReader/python/create_dars.sh scene0649_00 --delete_folders --num_workers 4 --export_color_images
========== Processing scene: scene0650_00 ==========
Scene scene0650_00 already has been processed. Skipping, and deleting the folders.
running:  /scratch/indrisch//vllm_experiments/data_support/ScanNet/SensReader/python/create_dars.sh scene0650_00 --delete_folders --num_workers 4 --export_color_images
========== Processing scene: scene0654_00 ==========
Scene scene0654_00 already has been processed. Skipping, and deleting the folders.
running:  /scratch/indrisch//vllm_experiments/data_support/ScanNet/SensReader/python/create_dars.sh scene0654_00 --delete_folders --num_workers 4 --export_color_images
========== Processing scene: scene0656_00 ==========
Scene scene0656_00 already has been processed. Skipping, and deleting the folders.
running:  /scratch/indrisch//vllm_experiments/data_support/ScanNet/SensReader/python/create_dars.sh scene0656_00 --delete_folders --num_workers 4 --export_color_images
========== Processing scene: scene0657_00 ==========
Scene scene0657_00 already has been processed. Skipping, and deleting the folders.
running:  /scratch/indrisch//vllm_experiments/data_support/ScanNet/SensReader/python/create_dars.sh scene0657_00 --delete_folders --num_workers 4 --export_color_images
========== Processing scene: scene0661_00 ==========
Scene scene0661_00 already has been processed. Skipping, and deleting the folders.
running:  /scratch/indrisch//vllm_experiments/data_support/ScanNet/SensReader/python/create_dars.sh scene0661_00 --delete_folders --num_workers 4 --export_color_images
========== Processing scene: scene0662_00 ==========
Scene scene0662_00 already has been processed. Skipping, and deleting the folders.
running:  /scratch/indrisch//vllm_experiments/data_support/ScanNet/SensReader/python/create_dars.sh scene0662_00 --delete_folders --num_workers 4 --export_color_images
========== Processing scene: scene0666_00 ==========
Scene scene0666_00 already has been processed. Skipping, and deleting the folders.
running:  /scratch/indrisch//vllm_experiments/data_support/ScanNet/SensReader/python/create_dars.sh scene0666_00 --delete_folders --num_workers 4 --export_color_images
========== Processing scene: scene0667_00 ==========
Scene scene0667_00 already has been processed. Skipping, and deleting the folders.
running:  /scratch/indrisch//vllm_experiments/data_support/ScanNet/SensReader/python/create_dars.sh scene0667_00 --delete_folders --num_workers 4 --export_color_images
========== Processing scene: scene0668_00 ==========
Scene scene0668_00 already has been processed. Skipping, and deleting the folders.
running:  /scratch/indrisch//vllm_experiments/data_support/ScanNet/SensReader/python/create_dars.sh scene0668_00 --delete_folders --num_workers 4 --export_color_images
========== Processing scene: scene0672_00 ==========
Scene scene0672_00 already has been processed. Skipping, and deleting the folders.
running:  /scratch/indrisch//vllm_experiments/data_support/ScanNet/SensReader/python/create_dars.sh scene0672_00 --delete_folders --num_workers 4 --export_color_images
========== Processing scene: scene0673_00 ==========
Scene scene0673_00 already has been processed. Skipping, and deleting the folders.
running:  /scratch/indrisch//vllm_experiments/data_support/ScanNet/SensReader/python/create_dars.sh scene0673_00 --delete_folders --num_workers 4 --export_color_images
========== Processing scene: scene0674_00 ==========
Scene scene0674_00 already has been processed. Skipping, and deleting the folders.
running:  /scratch/indrisch//vllm_experiments/data_support/ScanNet/SensReader/python/create_dars.sh scene0674_00 --delete_folders --num_workers 4 --export_color_images
========== Processing scene: scene0675_00 ==========
Scene scene0675_00 already has been processed. Skipping, and deleting the folders.
running:  /scratch/indrisch//vllm_experiments/data_support/ScanNet/SensReader/python/create_dars.sh scene0675_00 --delete_folders --num_workers 4 --export_color_images
========== Processing scene: scene0676_00 ==========
Scene scene0676_00 already has been processed. Skipping, and deleting the folders.
running:  /scratch/indrisch//vllm_experiments/data_support/ScanNet/SensReader/python/create_dars.sh scene0676_00 --delete_folders --num_workers 4 --export_color_images
========== Processing scene: scene0677_00 ==========
Scene scene0677_00 already has been processed. Skipping, and deleting the folders.
running:  /scratch/indrisch//vllm_experiments/data_support/ScanNet/SensReader/python/create_dars.sh scene0677_00 --delete_folders --num_workers 4 --export_color_images
========== Processing scene: scene0679_00 ==========
Scene scene0679_00 already has been processed. Skipping, and deleting the folders.
running:  /scratch/indrisch//vllm_experiments/data_support/ScanNet/SensReader/python/create_dars.sh scene0679_00 --delete_folders --num_workers 4 --export_color_images
========== Processing scene: scene0680_00 ==========
Scene scene0680_00 already has been processed. Skipping, and deleting the folders.
running:  /scratch/indrisch//vllm_experiments/data_support/ScanNet/SensReader/python/create_dars.sh scene0680_00 --delete_folders --num_workers 4 --export_color_images
========== Processing scene: scene0681_00 ==========
Scene scene0681_00 already has been processed. Skipping, and deleting the folders.
running:  /scratch/indrisch//vllm_experiments/data_support/ScanNet/SensReader/python/create_dars.sh scene0681_00 --delete_folders --num_workers 4 --export_color_images
========== Processing scene: scene0682_00 ==========
Scene scene0682_00 already has been processed. Skipping, and deleting the folders.
running:  /scratch/indrisch//vllm_experiments/data_support/ScanNet/SensReader/python/create_dars.sh scene0682_00 --delete_folders --num_workers 4 --export_color_images
========== Processing scene: scene0683_00 ==========
Scene scene0683_00 already has been processed. Skipping, and deleting the folders.
running:  /scratch/indrisch//vllm_experiments/data_support/ScanNet/SensReader/python/create_dars.sh scene0683_00 --delete_folders --num_workers 4 --export_color_images
========== Processing scene: scene0687_00 ==========
Scene scene0687_00 already has been processed. Skipping, and deleting the folders.
running:  /scratch/indrisch//vllm_experiments/data_support/ScanNet/SensReader/python/create_dars.sh scene0687_00 --delete_folders --num_workers 4 --export_color_images
========== Processing scene: scene0688_00 ==========
Scene scene0688_00 already has been processed. Skipping, and deleting the folders.
running:  /scratch/indrisch//vllm_experiments/data_support/ScanNet/SensReader/python/create_dars.sh scene0688_00 --delete_folders --num_workers 4 --export_color_images
========== Processing scene: scene0691_00 ==========
Scene scene0691_00 already has been processed. Skipping, and deleting the folders.
running:  /scratch/indrisch//vllm_experiments/data_support/ScanNet/SensReader/python/create_dars.sh scene0691_00 --delete_folders --num_workers 4 --export_color_images
========== Processing scene: scene0692_00 ==========
Scene scene0692_00 already has been processed. Skipping, and deleting the folders.
running:  /scratch/indrisch//vllm_experiments/data_support/ScanNet/SensReader/python/create_dars.sh scene0692_00 --delete_folders --num_workers 4 --export_color_images
========== Processing scene: scene0694_00 ==========
Scene scene0694_00 already has been processed. Skipping, and deleting the folders.
running:  /scratch/indrisch//vllm_experiments/data_support/ScanNet/SensReader/python/create_dars.sh scene0694_00 --delete_folders --num_workers 4 --export_color_images
========== Processing scene: scene0698_00 ==========
Scene scene0698_00 already has been processed. Skipping, and deleting the folders.
running:  /scratch/indrisch//vllm_experiments/data_support/ScanNet/SensReader/python/create_dars.sh scene0698_00 --delete_folders --num_workers 4 --export_color_images
========== Processing scene: scene0703_00 ==========
Scene scene0703_00 already has been processed. Skipping, and deleting the folders.
running:  /scratch/indrisch//vllm_experiments/data_support/ScanNet/SensReader/python/create_dars.sh scene0703_00 --delete_folders --num_workers 4 --export_color_images
========== Processing scene: scene0705_00 ==========
Scene scene0705_00 already has been processed. Skipping, and deleting the folders.
running:  /scratch/indrisch//vllm_experiments/data_support/ScanNet/SensReader/python/create_dars.sh scene0705_00 --delete_folders --num_workers 4 --export_color_images
========== Processing scene: scene0706_00 ==========
Scene scene0706_00 already has been processed. Skipping, and deleting the folders.
running:  /scratch/indrisch//vllm_experiments/data_support/ScanNet/SensReader/python/create_dars.sh scene0706_00 --delete_folders --num_workers 4 --export_color_images
========== Processing scene: scene0011_00 ==========
Scene scene0011_00 already has been processed. Skipping, and deleting the folders.
running:  /scratch/indrisch//vllm_experiments/data_support/ScanNet/SensReader/python/create_dars.sh scene0011_00 --delete_folders --num_workers 4 --export_color_images
========== Processing scene: scene0019_00 ==========
Scene scene0019_00 already has been processed. Skipping, and deleting the folders.
running:  /scratch/indrisch//vllm_experiments/data_support/ScanNet/SensReader/python/create_dars.sh scene0019_00 --delete_folders --num_workers 4 --export_color_images
========== Processing scene: scene0030_00 ==========
Scene scene0030_00 already has been processed. Skipping, and deleting the folders.
running:  /scratch/indrisch//vllm_experiments/data_support/ScanNet/SensReader/python/create_dars.sh scene0030_00 --delete_folders --num_workers 4 --export_color_images
========== Processing scene: scene0063_00 ==========
Scene scene0063_00 already has been processed. Skipping, and deleting the folders.
running:  /scratch/indrisch//vllm_experiments/data_support/ScanNet/SensReader/python/create_dars.sh scene0063_00 --delete_folders --num_workers 4 --export_color_images
========== Processing scene: scene0064_00 ==========
Scene scene0064_00 already has been processed. Skipping, and deleting the folders.
running:  /scratch/indrisch//vllm_experiments/data_support/ScanNet/SensReader/python/create_dars.sh scene0064_00 --delete_folders --num_workers 4 --export_color_images
========== Processing scene: scene0077_00 ==========
Scene scene0077_00 already has been processed. Skipping, and deleting the folders.
running:  /scratch/indrisch//vllm_experiments/data_support/ScanNet/SensReader/python/create_dars.sh scene0077_00 --delete_folders --num_workers 4 --export_color_images
========== Processing scene: scene0081_00 ==========
Scene scene0081_00 already has been processed. Skipping, and deleting the folders.
running:  /scratch/indrisch//vllm_experiments/data_support/ScanNet/SensReader/python/create_dars.sh scene0081_00 --delete_folders --num_workers 4 --export_color_images
========== Processing scene: scene0088_00 ==========
Scene scene0088_00 already has been processed. Skipping, and deleting the folders.
running:  /scratch/indrisch//vllm_experiments/data_support/ScanNet/SensReader/python/create_dars.sh scene0088_00 --delete_folders --num_workers 4 --export_color_images
========== Processing scene: scene0095_00 ==========
Scene scene0095_00 already has been processed. Skipping, and deleting the folders.
running:  /scratch/indrisch//vllm_experiments/data_support/ScanNet/SensReader/python/create_dars.sh scene0095_00 --delete_folders --num_workers 4 --export_color_images
========== Processing scene: scene0131_00 ==========
Scene scene0131_00 already has been processed. Skipping, and deleting the folders.
running:  /scratch/indrisch//vllm_experiments/data_support/ScanNet/SensReader/python/create_dars.sh scene0131_00 --delete_folders --num_workers 4 --export_color_images
========== Processing scene: scene0144_00 ==========
Scene scene0144_00 already has been processed. Skipping, and deleting the folders.
running:  /scratch/indrisch//vllm_experiments/data_support/ScanNet/SensReader/python/create_dars.sh scene0144_00 --delete_folders --num_workers 4 --export_color_images
========== Processing scene: scene0149_00 ==========
Scene scene0149_00 already has been processed. Skipping, and deleting the folders.
running:  /scratch/indrisch//vllm_experiments/data_support/ScanNet/SensReader/python/create_dars.sh scene0149_00 --delete_folders --num_workers 4 --export_color_images
========== Processing scene: scene0164_00 ==========
Scene scene0164_00 already has been processed. Skipping, and deleting the folders.
running:  /scratch/indrisch//vllm_experiments/data_support/ScanNet/SensReader/python/create_dars.sh scene0164_00 --delete_folders --num_workers 4 --export_color_images
========== Processing scene: scene0187_00 ==========
Scene scene0187_00 already has been processed. Skipping, and deleting the folders.
running:  /scratch/indrisch//vllm_experiments/data_support/ScanNet/SensReader/python/create_dars.sh scene0187_00 --delete_folders --num_workers 4 --export_color_images
========== Processing scene: scene0196_00 ==========
Scene scene0196_00 already has been processed. Skipping, and deleting the folders.
running:  /scratch/indrisch//vllm_experiments/data_support/ScanNet/SensReader/python/create_dars.sh scene0196_00 --delete_folders --num_workers 4 --export_color_images
========== Processing scene: scene0207_00 ==========
Scene scene0207_00 already has been processed. Skipping, and deleting the folders.
running:  /scratch/indrisch//vllm_experiments/data_support/ScanNet/SensReader/python/create_dars.sh scene0207_00 --delete_folders --num_workers 4 --export_color_images
========== Processing scene: scene0217_00 ==========
Scene scene0217_00 already has been processed. Skipping, and deleting the folders.
running:  /scratch/indrisch//vllm_experiments/data_support/ScanNet/SensReader/python/create_dars.sh scene0217_00 --delete_folders --num_workers 4 --export_color_images
========== Processing scene: scene0249_00 ==========
Scene scene0249_00 already has been processed. Skipping, and deleting the folders.
running:  /scratch/indrisch//vllm_experiments/data_support/ScanNet/SensReader/python/create_dars.sh scene0249_00 --delete_folders --num_workers 4 --export_color_images
========== Processing scene: scene0251_00 ==========
Scene scene0251_00 already has been processed. Skipping, and deleting the folders.
running:  /scratch/indrisch//vllm_experiments/data_support/ScanNet/SensReader/python/create_dars.sh scene0251_00 --delete_folders --num_workers 4 --export_color_images
========== Processing scene: scene0277_00 ==========
Scene scene0277_00 already has been processed. Skipping, and deleting the folders.
running:  /scratch/indrisch//vllm_experiments/data_support/ScanNet/SensReader/python/create_dars.sh scene0277_00 --delete_folders --num_workers 4 --export_color_images
========== Processing scene: scene0307_00 ==========
Scene scene0307_00 already has been processed. Skipping, and deleting the folders.
running:  /scratch/indrisch//vllm_experiments/data_support/ScanNet/SensReader/python/create_dars.sh scene0307_00 --delete_folders --num_workers 4 --export_color_images
========== Processing scene: scene0314_00 ==========
Scene scene0314_00 already has been processed. Skipping, and deleting the folders.
running:  /scratch/indrisch//vllm_experiments/data_support/ScanNet/SensReader/python/create_dars.sh scene0314_00 --delete_folders --num_workers 4 --export_color_images
========== Processing scene: scene0316_00 ==========
Scene scene0316_00 already has been processed. Skipping, and deleting the folders.
running:  /scratch/indrisch//vllm_experiments/data_support/ScanNet/SensReader/python/create_dars.sh scene0316_00 --delete_folders --num_workers 4 --export_color_images
========== Processing scene: scene0328_00 ==========
Scene scene0328_00 already has been processed. Skipping, and deleting the folders.
running:  /scratch/indrisch//vllm_experiments/data_support/ScanNet/SensReader/python/create_dars.sh scene0328_00 --delete_folders --num_workers 4 --export_color_images
========== Processing scene: scene0329_00 ==========
Scene scene0329_00 already has been processed. Skipping, and deleting the folders.
running:  /scratch/indrisch//vllm_experiments/data_support/ScanNet/SensReader/python/create_dars.sh scene0329_00 --delete_folders --num_workers 4 --export_color_images
========== Processing scene: scene0342_00 ==========
Scene scene0342_00 already has been processed. Skipping, and deleting the folders.
running:  /scratch/indrisch//vllm_experiments/data_support/ScanNet/SensReader/python/create_dars.sh scene0342_00 --delete_folders --num_workers 4 --export_color_images
========== Processing scene: scene0343_00 ==========
Scene scene0343_00 already has been processed. Skipping, and deleting the folders.
running:  /scratch/indrisch//vllm_experiments/data_support/ScanNet/SensReader/python/create_dars.sh scene0343_00 --delete_folders --num_workers 4 --export_color_images
========== Processing scene: scene0356_00 ==========
Scene scene0356_00 already has been processed. Skipping, and deleting the folders.
running:  /scratch/indrisch//vllm_experiments/data_support/ScanNet/SensReader/python/create_dars.sh scene0356_00 --delete_folders --num_workers 4 --export_color_images
========== Processing scene: scene0357_00 ==========
Scene scene0357_00 already has been processed. Skipping, and deleting the folders.
running:  /scratch/indrisch//vllm_experiments/data_support/ScanNet/SensReader/python/create_dars.sh scene0357_00 --delete_folders --num_workers 4 --export_color_images
========== Processing scene: scene0430_00 ==========
Scene scene0430_00 already has been processed. Skipping, and deleting the folders.
running:  /scratch/indrisch//vllm_experiments/data_support/ScanNet/SensReader/python/create_dars.sh scene0430_00 --delete_folders --num_workers 4 --export_color_images
========== Processing scene: scene0441_00 ==========
Scene scene0441_00 already has been processed. Skipping, and deleting the folders.
running:  /scratch/indrisch//vllm_experiments/data_support/ScanNet/SensReader/python/create_dars.sh scene0441_00 --delete_folders --num_workers 4 --export_color_images
========== Processing scene: scene0462_00 ==========
Scene scene0462_00 already has been processed. Skipping, and deleting the folders.
running:  /scratch/indrisch//vllm_experiments/data_support/ScanNet/SensReader/python/create_dars.sh scene0462_00 --delete_folders --num_workers 4 --export_color_images
========== Processing scene: scene0474_00 ==========
Scene scene0474_00 already has been processed. Skipping, and deleting the folders.
running:  /scratch/indrisch//vllm_experiments/data_support/ScanNet/SensReader/python/create_dars.sh scene0474_00 --delete_folders --num_workers 4 --export_color_images
========== Processing scene: scene0488_00 ==========
Scene scene0488_00 already has been processed. Skipping, and deleting the folders.
running:  /scratch/indrisch//vllm_experiments/data_support/ScanNet/SensReader/python/create_dars.sh scene0488_00 --delete_folders --num_workers 4 --export_color_images
========== Processing scene: scene0500_00 ==========
Scene scene0500_00 already has been processed. Skipping, and deleting the folders.
running:  /scratch/indrisch//vllm_experiments/data_support/ScanNet/SensReader/python/create_dars.sh scene0500_00 --delete_folders --num_workers 4 --export_color_images
========== Processing scene: scene0518_00 ==========
Scene scene0518_00 already has been processed. Skipping, and deleting the folders.
running:  /scratch/indrisch//vllm_experiments/data_support/ScanNet/SensReader/python/create_dars.sh scene0518_00 --delete_folders --num_workers 4 --export_color_images
========== Processing scene: scene0527_00 ==========
Scene scene0527_00 already has been processed. Skipping, and deleting the folders.
running:  /scratch/indrisch//vllm_experiments/data_support/ScanNet/SensReader/python/create_dars.sh scene0527_00 --delete_folders --num_workers 4 --export_color_images
========== Processing scene: scene0549_00 ==========
Scene scene0549_00 already has been processed. Skipping, and deleting the folders.
running:  /scratch/indrisch//vllm_experiments/data_support/ScanNet/SensReader/python/create_dars.sh scene0549_00 --delete_folders --num_workers 4 --export_color_images
========== Processing scene: scene0550_00 ==========
Scene scene0550_00 already has been processed. Skipping, and deleting the folders.
running:  /scratch/indrisch//vllm_experiments/data_support/ScanNet/SensReader/python/create_dars.sh scene0550_00 --delete_folders --num_workers 4 --export_color_images
========== Processing scene: scene0552_00 ==========
Scene scene0552_00 already has been processed. Skipping, and deleting the folders.
running:  /scratch/indrisch//vllm_experiments/data_support/ScanNet/SensReader/python/create_dars.sh scene0552_00 --delete_folders --num_workers 4 --export_color_images
========== Processing scene: scene0553_00 ==========
Scene scene0553_00 already has been processed. Skipping, and deleting the folders.
running:  /scratch/indrisch//vllm_experiments/data_support/ScanNet/SensReader/python/create_dars.sh scene0553_00 --delete_folders --num_workers 4 --export_color_images
========== Processing scene: scene0558_00 ==========
Scene scene0558_00 already has been processed. Skipping, and deleting the folders.
running:  /scratch/indrisch//vllm_experiments/data_support/ScanNet/SensReader/python/create_dars.sh scene0558_00 --delete_folders --num_workers 4 --export_color_images
========== Processing scene: scene0559_00 ==========
Scene scene0559_00 already has been processed. Skipping, and deleting the folders.
running:  /scratch/indrisch//vllm_experiments/data_support/ScanNet/SensReader/python/create_dars.sh scene0559_00 --delete_folders --num_workers 4 --export_color_images
========== Processing scene: scene0568_00 ==========
Scene scene0568_00 already has been processed. Skipping, and deleting the folders.
running:  /scratch/indrisch//vllm_experiments/data_support/ScanNet/SensReader/python/create_dars.sh scene0568_00 --delete_folders --num_workers 4 --export_color_images
========== Processing scene: scene0580_00 ==========
Scene scene0580_00 already has been processed. Skipping, and deleting the folders.
running:  /scratch/indrisch//vllm_experiments/data_support/ScanNet/SensReader/python/create_dars.sh scene0580_00 --delete_folders --num_workers 4 --export_color_images
========== Processing scene: scene0595_00 ==========
Scene scene0595_00 already has been processed. Skipping, and deleting the folders.
running:  /scratch/indrisch//vllm_experiments/data_support/ScanNet/SensReader/python/create_dars.sh scene0595_00 --delete_folders --num_workers 4 --export_color_images
========== Processing scene: scene0598_00 ==========
Scene scene0598_00 already has been processed. Skipping, and deleting the folders.
running:  /scratch/indrisch//vllm_experiments/data_support/ScanNet/SensReader/python/create_dars.sh scene0598_00 --delete_folders --num_workers 4 --export_color_images
========== Processing scene: scene0599_00 ==========
Scene scene0599_00 already has been processed. Skipping, and deleting the folders.
running:  /scratch/indrisch//vllm_experiments/data_support/ScanNet/SensReader/python/create_dars.sh scene0599_00 --delete_folders --num_workers 4 --export_color_images
========== Processing scene: scene0608_00 ==========
Scene scene0608_00 already has been processed. Skipping, and deleting the folders.
running:  /scratch/indrisch//vllm_experiments/data_support/ScanNet/SensReader/python/create_dars.sh scene0608_00 --delete_folders --num_workers 4 --export_color_images
========== Processing scene: scene0609_00 ==========
Scene scene0609_00 already has been processed. Skipping, and deleting the folders.
running:  /scratch/indrisch//vllm_experiments/data_support/ScanNet/SensReader/python/create_dars.sh scene0609_00 --delete_folders --num_workers 4 --export_color_images
========== Processing scene: scene0629_00 ==========
Scene scene0629_00 already has been processed. Skipping, and deleting the folders.
running:  /scratch/indrisch//vllm_experiments/data_support/ScanNet/SensReader/python/create_dars.sh scene0629_00 --delete_folders --num_workers 4 --export_color_images
========== Processing scene: scene0643_00 ==========
Scene scene0643_00 already has been processed. Skipping, and deleting the folders.
running:  /scratch/indrisch//vllm_experiments/data_support/ScanNet/SensReader/python/create_dars.sh scene0643_00 --delete_folders --num_workers 4 --export_color_images
========== Processing scene: scene0648_00 ==========
Scene scene0648_00 already has been processed. Skipping, and deleting the folders.
running:  /scratch/indrisch//vllm_experiments/data_support/ScanNet/SensReader/python/create_dars.sh scene0648_00 --delete_folders --num_workers 4 --export_color_images
========== Processing scene: scene0652_00 ==========
Scene scene0652_00 already has been processed. Skipping, and deleting the folders.
running:  /scratch/indrisch//vllm_experiments/data_support/ScanNet/SensReader/python/create_dars.sh scene0652_00 --delete_folders --num_workers 4 --export_color_images
========== Processing scene: scene0655_00 ==========
Scene scene0655_00 already has been processed. Skipping, and deleting the folders.
running:  /scratch/indrisch//vllm_experiments/data_support/ScanNet/SensReader/python/create_dars.sh scene0655_00 --delete_folders --num_workers 4 --export_color_images
========== Processing scene: scene0658_00 ==========
Scene scene0658_00 already has been processed. Skipping, and deleting the folders.
running:  /scratch/indrisch//vllm_experiments/data_support/ScanNet/SensReader/python/create_dars.sh scene0658_00 --delete_folders --num_workers 4 --export_color_images
========== Processing scene: scene0663_00 ==========
Scene scene0663_00 already has been processed. Skipping, and deleting the folders.
running:  /scratch/indrisch//vllm_experiments/data_support/ScanNet/SensReader/python/create_dars.sh scene0663_00 --delete_folders --num_workers 4 --export_color_images
========== Processing scene: scene0665_00 ==========
Scene scene0665_00 already has been processed. Skipping, and deleting the folders.
running:  /scratch/indrisch//vllm_experiments/data_support/ScanNet/SensReader/python/create_dars.sh scene0665_00 --delete_folders --num_workers 4 --export_color_images
========== Processing scene: scene0670_00 ==========
Scene scene0670_00 already has been processed. Skipping, and deleting the folders.
running:  /scratch/indrisch//vllm_experiments/data_support/ScanNet/SensReader/python/create_dars.sh scene0670_00 --delete_folders --num_workers 4 --export_color_images
========== Processing scene: scene0671_00 ==========
Scene scene0671_00 already has been processed. Skipping, and deleting the folders.
running:  /scratch/indrisch//vllm_experiments/data_support/ScanNet/SensReader/python/create_dars.sh scene0671_00 --delete_folders --num_workers 4 --export_color_images
========== Processing scene: scene0693_00 ==========
Scene scene0693_00 already has been processed. Skipping, and deleting the folders.
running:  /scratch/indrisch//vllm_experiments/data_support/ScanNet/SensReader/python/create_dars.sh scene0693_00 --delete_folders --num_workers 4 --export_color_images
========== Processing scene: scene0695_00 ==========
Scene scene0695_00 already has been processed. Skipping, and deleting the folders.
running:  /scratch/indrisch//vllm_experiments/data_support/ScanNet/SensReader/python/create_dars.sh scene0695_00 --delete_folders --num_workers 4 --export_color_images
========== Processing scene: scene0696_00 ==========
Scene scene0696_00 already has been processed. Skipping, and deleting the folders.
running:  /scratch/indrisch//vllm_experiments/data_support/ScanNet/SensReader/python/create_dars.sh scene0696_00 --delete_folders --num_workers 4 --export_color_images
========== Processing scene: scene0697_00 ==========
Scene scene0697_00 already has been processed. Skipping, and deleting the folders.
running:  /scratch/indrisch//vllm_experiments/data_support/ScanNet/SensReader/python/create_dars.sh scene0697_00 --delete_folders --num_workers 4 --export_color_images
========== Processing scene: scene0699_00 ==========
Scene scene0699_00 already has been processed. Skipping, and deleting the folders.
running:  /scratch/indrisch//vllm_experiments/data_support/ScanNet/SensReader/python/create_dars.sh scene0699_00 --delete_folders --num_workers 4 --export_color_images
Traceback (most recent call last):
  File "/scratch/indrisch/vllm_experiments/data_support/ScanNet/SensReader/python/create_dict_of_file_paths.py", line 379, in <module>
    _worker_run(args.chunk_idx, args, [])
  File "/scratch/indrisch/vllm_experiments/data_support/ScanNet/SensReader/python/create_dict_of_file_paths.py", line 236, in _worker_run
    results[worker_id] = outputs
    ~~~~~~~^^^^^^^^^^^
IndexError: list assignment index out of range

scontrol show job 461796
JobId=461796 JobName=openmp_job
   UserId=indrisch(3122343) GroupId=indrisch(3122343) MCS_label=N/A
   Priority=1625460 Nice=0 Account=def-wangcs QOS=normal
   JobState=COMPLETING Reason=NonZeroExitCode Dependency=(null)
   Requeue=0 Restarts=0 BatchFlag=1 Reboot=0 ExitCode=1:0
   RunTime=00:03:20 TimeLimit=00:15:00 TimeMin=N/A
   SubmitTime=2025-11-09T00:59:17 EligibleTime=2025-11-09T00:59:17
   AccrueTime=2025-11-09T00:59:17
   StartTime=2025-11-09T00:59:26 EndTime=2025-11-09T01:02:46 Deadline=N/A
   SuspendTime=None SecsPreSuspend=0 LastSchedEval=2025-11-09T00:59:26 Scheduler=Main
   Partition=compute AllocNode:Sid=tri-login06:2159082
   ReqNodeList=(null) ExcNodeList=(null)
   NodeList=tri0811
   BatchHost=tri0811
   NumNodes=1 NumCPUs=192 NumTasks=1 CPUs/Task=8 ReqB:S:C:T=0:0:*:*
   ReqTRES=cpu=8,mem=767000M,node=1,billing=8
   AllocTRES=cpu=192,mem=767000M,node=1,billing=192
   Socks/Node=* NtasksPerN:B:S:C=1:0:*:* CoreSpec=*
   MinCPUsNode=8 MinMemoryNode=767000M MinTmpDiskNode=0
   Features=(null) DelayBoot=00:00:00
   OverSubscribe=NO Contiguous=0 Licenses=(null) Network=(null)
   Command=/scratch/indrisch/vllm_experiments/data_support/ScanNet/SensReader/python/create_dict_of_file_paths.sh
   WorkDir=/scratch/indrisch/vllm_experiments/data_support/ScanNet/SensReader/python
   Comment=/opt/slurm/bin/sbatch --export=NONE --get-user-env=L create_dict_of_file_paths.sh TRILLIUM 1 1 1 
   StdErr=/scratch/indrisch/vllm_experiments/data_support/ScanNet/SensReader/python/%N-create_dict_of_file_paths-multi-461796.out
   StdIn=/dev/null
   StdOut=/scratch/indrisch/vllm_experiments/data_support/ScanNet/SensReader/python/%N-create_dict_of_file_paths-multi-461796.out
   TresPerTask=cpu=8
   MailUser=indrisch@scinet.local MailType=FAIL
   

sacct -j 461796
JobID           JobName    Account    Elapsed  MaxVMSize     MaxRSS  SystemCPU    UserCPU ExitCode 
------------ ---------- ---------- ---------- ---------- ---------- ---------- ---------- -------- 
461796       openmp_job def-wangcs   00:03:21                         00:00:00   00:00:00      0:0 
461796.batch      batch def-wangcs   00:03:21                         00:00:00   00:00:00      0:0 
461796.exte+     extern def-wangcs   00:03:21                         00:00:00   00:00:00      0:0 

